{"type":"FeatureCollection","features":[{"type":"Feature","geometry":{"type":"Polygon","coordinates":[[[104.64688972099998,-4.354842861999998],[104.64370934499999,-4.351944027000002],[104.64036865000003,-4.351793827999984],[104.63809869900001,-4.3530389759999935],[104.635180832,-4.358480976999999],[104.630124647,-4.358653199000003],[104.62137098300002,-4.3758775809999975],[104.61140800099997,-4.3816051960000095],[104.61467243200002,-4.385045142000024],[104.620784039,-4.38809672299999],[104.62328630100001,-4.388200040000015],[104.62328556300002,-4.3896668309999995],[104.62563693200002,-4.389963056999989],[104.625856467,-4.391807170999982],[104.62739957999997,-4.391955465000024],[104.62741476500003,-4.393859555000006],[104.62847512000002,-4.394261221000022],[104.62980886999998,-4.393994256999974],[104.630341999,-4.391325504000008],[104.63280943199999,-4.38384105199998],[104.63567850099997,-4.380612806999977],[104.64093806199998,-4.378453787000012],[104.64683369,-4.370204662999981],[104.64688972099998,-4.354842861999998]]]},"properties":{"NAMOBJ":"Giri Harjo","WADMKC":"Bahuga","KDCPUM":"18.08.05"}},{"type":"Feature","geometry":{"type":"Polygon","coordinates":[[[104.547565018,-4.850914773999989],[104.541919221,-4.849200790999987],[104.54388704299998,-4.852502895999976],[104.54299511300002,-4.8551560640000275],[104.53059470099998,-4.859835751999981],[104.52083135800001,-4.861344300999974],[104.51163935599999,-4.868316371999981],[104.51126861799997,-4.873601254999983],[104.505438964,-4.879062389000012],[104.50097645199997,-4.883675602999972],[104.514084454,-4.8916429490000155],[104.51737437700001,-4.894626797000001],[104.51791775100003,-4.901800679000019],[104.52265099599998,-4.902246235999996],[104.52455944600001,-4.904999999999973],[104.52555560000002,-4.904999999999973],[104.52694439999999,-4.894444443999987],[104.53390319800002,-4.892743626000026],[104.53694439999998,-4.878611110999998],[104.53666670000001,-4.876388888999998],[104.54654525500001,-4.866415700999994],[104.54444439999997,-4.861666667000009],[104.54422612399998,-4.8586402650000196],[104.547565018,-4.850914773999989]]]},"properties":{"NAMOBJ":"Bonglai","WADMKC":"Banjit","KDCPUM":"18.08.03"}},{"type":"Feature","geometry":{"type":"Polygon","coordinates":[[[104.55744861900001,-4.347346995999999],[104.55757612500003,-4.341953177999983],[104.55862388100002,-4.340743223000004],[104.55731041799999,-4.338915795999981],[104.55668938000002,-4.334511412999973],[104.55417536099998,-4.330249131000016],[104.55420522100002,-4.319201760999988],[104.55007138100001,-4.319654738999986],[104.54453963499998,-4.3239052139999785],[104.53642733999999,-4.328004550999992],[104.53279255799998,-4.325795060000019],[104.52851582199997,-4.325108393999983],[104.52635423599997,-4.323049416999993],[104.52615363500001,-4.324029424999992],[104.52432279800001,-4.3250867350000135],[104.52122391699999,-4.324329626000008],[104.51842899100001,-4.322366828999975],[104.51871955600001,-4.327768705999972],[104.51043745700002,-4.327673527000002],[104.50546438200001,-4.330076782999981],[104.50908116400001,-4.334359812999992],[104.51339543699999,-4.341946602000007],[104.517385483,-4.345686047000015],[104.52160839200002,-4.34792424699998],[104.52547501499998,-4.353813412000022],[104.52939022100003,-4.3556066840000085],[104.53140086399998,-4.356962977000023],[104.53196400500002,-4.359106972000006],[104.53345711600002,-4.360219368999992],[104.53784307799998,-4.367267018999996],[104.54417975899997,-4.361250606999988],[104.54708270399999,-4.357419675000017],[104.54777274700001,-4.355206776999978],[104.55545840500002,-4.347616296000012],[104.55744861900001,-4.347346995999999]]]},"properties":{"NAMOBJ":"Bumi Say Agung","WADMKC":"Bumi Agung","KDCPUM":"18.08.14"}},{"type":"Feature","geometry":{"type":"Polygon","coordinates":[[[104.45920929599998,-4.437667115000011],[104.45603355499998,-4.436051732999999],[104.45354869599998,-4.435869629000024],[104.45051037000002,-4.435991209000008],[104.44753986799998,-4.438260849000017],[104.44595617599998,-4.437025371000004],[104.444767641,-4.438278680999986],[104.44222152700002,-4.436274823000019],[104.44119033999999,-4.4375809030000255],[104.43948862399998,-4.436272753000026],[104.43831439799999,-4.437514093999994],[104.435523079,-4.435689761999981],[104.43216483600003,-4.438154123000004],[104.43080554400001,-4.436845894999976],[104.42985933400001,-4.437787763000017],[104.430579239,-4.441270878000012],[104.42804588899997,-4.4422454689999995],[104.42925391199998,-4.443603526999993],[104.42770141800003,-4.446723457000019],[104.42654694200002,-4.447048078000023],[104.42474524400001,-4.445524399000021],[104.423990978,-4.446404621999989],[104.42580048500002,-4.450161450999985],[104.426034603,-4.452710721000017],[104.42891309999999,-4.457260630999997],[104.42759487500001,-4.4617397019999885],[104.43358642300001,-4.468619095999998],[104.43380411599998,-4.467758413000013],[104.437243626,-4.46745808999998],[104.440393653,-4.476171163000004],[104.44314525599998,-4.46836676800001],[104.44039225300003,-4.46270364999998],[104.442117354,-4.457656156999974],[104.44356099800001,-4.4579049220000115],[104.44462896499999,-4.456038674000013],[104.44563398399998,-4.457002534000026],[104.44746227799999,-4.454941669999982],[104.44919391100001,-4.456296583999972],[104.450822141,-4.456111684999996],[104.45184362100002,-4.455004520999978],[104.45284654099999,-4.4552969050000115],[104.45335016500002,-4.45448933199998],[104.454419594,-4.454760820999979],[104.45349322599998,-4.452707018000012],[104.45486374799998,-4.451719638999975],[104.454797122,-4.450360427000021],[104.457403435,-4.44960093100002],[104.45717703399998,-4.448634576000018],[104.45947906599997,-4.448729558000025],[104.46071914499998,-4.449881951000009],[104.46092646199997,-4.449038519999988],[104.462270789,-4.4489543230000095],[104.46277098600001,-4.4502945009999735],[104.46352667399998,-4.449959197999988],[104.463289213,-4.443207891999975],[104.458807793,-4.441371774999993],[104.45920929599998,-4.437667115000011]]]},"properties":{"NAMOBJ":"Bumi Baru","WADMKC":"Blambangan Umpu","KDCPUM":"18.08.01"}},{"type":"Feature","geometry":{"type":"Polygon","coordinates":[[[104.410731172,-4.423335280000003],[104.40977231199997,-4.424055547000023],[104.40853721500002,-4.4219769079999764],[104.40666565800001,-4.422368356999982],[104.40555207,-4.424451573999988],[104.40622307899997,-4.426050572999998],[104.40348194,-4.427035670000009],[104.399312522,-4.426464598999985],[104.39952489400002,-4.425013127999989],[104.39869499299999,-4.424659861999999],[104.39786886799999,-4.425052574999995],[104.397722692,-4.426463646999991],[104.397360848,-4.425294072999975],[104.39256907999999,-4.431227438999997],[104.39332342900002,-4.43156120499998],[104.39246341299997,-4.433427424999991],[104.390745428,-4.434646692000001],[104.38994975000003,-4.436563223999997],[104.38766057599997,-4.436381815999994],[104.38733967500002,-4.435124965999989],[104.38522885499998,-4.43555403900001],[104.384940938,-4.437672039999995],[104.38404655199997,-4.437814903000003],[104.38221988999999,-4.440649662999988],[104.379394117,-4.440503680000006],[104.37817532499997,-4.443590253000025],[104.376117755,-4.444471711000006],[104.37310993099999,-4.44809528899998],[104.37057115900001,-4.446944250000001],[104.36924595300002,-4.448917739000024],[104.36853144600002,-4.447840059999976],[104.36587808500002,-4.447852462000014],[104.36267334600001,-4.458479579000027],[104.36358912600002,-4.465412327000024],[104.36288311300001,-4.469993460000012],[104.367266702,-4.471032944000001],[104.37080020100001,-4.470509462999985],[104.37396488500002,-4.471699193999996],[104.37326294299999,-4.4726866710000195],[104.374964256,-4.4732220490000145],[104.37579706999998,-4.472448724000003],[104.37678454500002,-4.473602762999974],[104.37614208999997,-4.474935261999974],[104.37748648600001,-4.474768697999991],[104.381200826,-4.479388422999989],[104.384443208,-4.477996560999998],[104.385906363,-4.479666794000025],[104.38640801899999,-4.478661950000003],[104.38891246399999,-4.478233219000003],[104.39137896099999,-4.47930386500002],[104.39329667999999,-4.478941648999978],[104.39389915599997,-4.473162817999992],[104.39600237100001,-4.471451292999973],[104.39612496799998,-4.470266615000014],[104.39455210400001,-4.46890102399999],[104.39396001799997,-4.466789473000006],[104.39452590100001,-4.465957004000018],[104.39652188000002,-4.466087899999991],[104.396352638,-4.463071954999975],[104.39944447699997,-4.461674297000002],[104.402012797,-4.461805645000027],[104.40182120200001,-4.459859574000006],[104.40554541699998,-4.457333865999999],[104.40466558899999,-4.454173733999994],[104.40876354800002,-4.453551380000022],[104.409704997,-4.450734685999976],[104.411755648,-4.451047484000014],[104.41293716000001,-4.449720033999995],[104.413591956,-4.451001080000026],[104.415547334,-4.451170181000009],[104.41441924100002,-4.448274341000001],[104.41702458399999,-4.446768501000008],[104.41758363100001,-4.445476450000001],[104.41539595699999,-4.443535978],[104.41531173499999,-4.441467923000005],[104.41605690300003,-4.440032410000015],[104.418619433,-4.438339832999986],[104.41969369700001,-4.4338301139999885],[104.417548275,-4.432781266000006],[104.41763863699998,-4.4315845840000065],[104.41912248599999,-4.430612990999975],[104.42250342099999,-4.431357628000001],[104.42317145599998,-4.429924039000014],[104.42502158799999,-4.430442479000021],[104.424452127,-4.426727309],[104.42279223499997,-4.426321309000002],[104.42164708199999,-4.426966661999984],[104.42053889699997,-4.426068229000009],[104.42043038600002,-4.427611956000021],[104.41925133299998,-4.4258518030000005],[104.418785506,-4.426892613999996],[104.41810606500002,-4.426640759999998],[104.41821483400003,-4.4247739090000096],[104.41644302399999,-4.426346566999996],[104.41595269300001,-4.423850759999993],[104.41264762200001,-4.425195158000008],[104.41291888199999,-4.423310621999974],[104.410731172,-4.423335280000003]]]},"properties":{"NAMOBJ":"Bumi Dana","WADMKC":"Way Tuba","KDCPUM":"18.08.08"}},{"type":"Feature","geometry":{"type":"Polygon","coordinates":[[[104.466902318,-4.683152932999974],[104.46570033500001,-4.680653189999987],[104.45293707299999,-4.679187633000026],[104.43884702000003,-4.678722908999987],[104.429596113,-4.679854288000001],[104.43007487900002,-4.6819402130000185],[104.42827045899998,-4.681665597999995],[104.42587000100002,-4.682878436999999],[104.42647555500002,-4.68451815200001],[104.42563401799998,-4.685509707999984],[104.42432170299998,-4.692014329000017],[104.42776012399997,-4.692309535999982],[104.43198522300003,-4.695142830999998],[104.442303874,-4.695610805000001],[104.439999408,-4.698098946000016],[104.43924079599998,-4.700542117999987],[104.44218492700003,-4.701417659000015],[104.44429022700001,-4.700486054999999],[104.44371149699998,-4.6989066099999945],[104.44429222299999,-4.698423594000019],[104.44599719500002,-4.698884749000001],[104.44599161999997,-4.698158515999978],[104.44756213900001,-4.697528659],[104.45435529000002,-4.697367300999986],[104.45579824499998,-4.69502196000002],[104.45976374000003,-4.693276882000021],[104.46000037099998,-4.6923268410000105],[104.46896948,-4.690520025000012],[104.46872898499998,-4.686853792000022],[104.46242113599999,-4.686300394],[104.466902318,-4.683152932999974]]]},"properties":{"NAMOBJ":"Gelombang Panjang","WADMKC":"Kasui","KDCPUM":"18.08.02"}},{"type":"Feature","geometry":{"type":"Polygon","coordinates":[[[104.57429562499999,-4.663173716000017],[104.57176210799997,-4.6602907500000015],[104.57130345399997,-4.656490474000009],[104.5701459,-4.6550489919999904],[104.552736047,-4.660021637],[104.55187633999998,-4.661536298999977],[104.55101416000002,-4.660680468999999],[104.55131989,-4.661301761999994],[104.550348525,-4.661307102000023],[104.55068359500001,-4.662248153999997],[104.55002781899998,-4.662356269999975],[104.55054129299998,-4.663254117000008],[104.54870605399998,-4.6657104490000165],[104.54827880900001,-4.669311522999976],[104.54730224600002,-4.6710815420000245],[104.54588966099999,-4.67091452599999],[104.54549197300003,-4.672903646000009],[104.546623485,-4.6749381569999855],[104.54712541499998,-4.6819124080000165],[104.54899847000002,-4.6880549229999815],[104.549766906,-4.687229462000005],[104.55624483100001,-4.6875355060000174],[104.55889892599998,-4.684692383000026],[104.55792236299999,-4.683593750999989],[104.556884766,-4.684082030000013],[104.55828857300003,-4.680908203000001],[104.556884766,-4.677124022999976],[104.55689540899999,-4.674475051999991],[104.55487060399997,-4.671508788999972],[104.556884766,-4.666687012000011],[104.56118273999999,-4.666836493000005],[104.56466627100002,-4.665351708999992],[104.57163333300002,-4.665751458999978],[104.57429562499999,-4.663173716000017]]]},"properties":{"NAMOBJ":"Bumi Rejo","WADMKC":"Baradatu","KDCPUM":"18.08.04"}},{"type":"Feature","geometry":{"type":"Polygon","coordinates":[[[104.99339185500003,-4.3222944629999915],[104.98990878500001,-4.321404213999983],[104.98862709600002,-4.321904754999991],[104.98855556799998,-4.320770416000016],[104.98105038599999,-4.3204443399999946],[104.97614274699998,-4.3235971259999815],[104.94682600499999,-4.3175906469999745],[104.946003104,-4.351344891999986],[104.981886014,-4.352674680999996],[104.98166666700001,-4.351166666999973],[104.99591666700002,-4.356027777999998],[104.99763267100002,-4.3546632430000045],[105.003208631,-4.352719831000002],[104.99605762499999,-4.3339229150000165],[104.99622153000001,-4.3321809650000205],[104.99249957500001,-4.332632471000011],[104.99123326900002,-4.333983783000008],[104.98896637899998,-4.334358755999972],[104.98935615599999,-4.328919444000007],[104.992786921,-4.3275727320000215],[104.99115996699999,-4.32314657500001],[104.99339185500003,-4.3222944629999915]]]},"properties":{"NAMOBJ":"Adi Jaya","WADMKC":"Negara Batin","KDCPUM":"18.08.11"}},{"type":"Feature","geometry":{"type":"Polygon","coordinates":[[[104.34271240200002,-4.602478027000018],[104.34187680999997,-4.601641212000004],[104.34076191600002,-4.602296627999976],[104.332392282,-4.6072915799999805],[104.332112945,-4.608571025999993],[104.33313643700001,-4.609491660999993],[104.33355867699998,-4.612664567000024],[104.33227150300002,-4.612838571999987],[104.332459099,-4.614219538999976],[104.33069313700003,-4.616432218999989],[104.32959870399998,-4.615517446000013],[104.32846993499999,-4.61608024100002],[104.32913953399998,-4.617677350000008],[104.32469445599997,-4.622687547999988],[104.32515790299999,-4.62492622000002],[104.32433920300002,-4.627394852999998],[104.31913933300001,-4.628563916000019],[104.31759087799998,-4.627549045000023],[104.31750881300002,-4.626022557999988],[104.316289407,-4.626161975000002],[104.314967652,-4.631764896999982],[104.31293762600001,-4.632207723000022],[104.31356239000002,-4.633833837999987],[104.31241407499999,-4.6363424180000266],[104.30908825900002,-4.637758709000025],[104.30198851900002,-4.638836348999973],[104.30225193299998,-4.64087258699999],[104.30067596599997,-4.643780535000019],[104.298137833,-4.643630463000022],[104.29823046899998,-4.645908005000024],[104.295267341,-4.646501635999982],[104.295336572,-4.647681571000021],[104.29647829100003,-4.648579154999993],[104.29663407499999,-4.651864063999994],[104.295818096,-4.653876000000025],[104.296470666,-4.654572502000008],[104.29293736300002,-4.657964315000015],[104.294970767,-4.65836548599998],[104.29681108099999,-4.662219331000017],[104.29636482400002,-4.667017073000011],[104.29434722799999,-4.667651235999983],[104.29192619499997,-4.672004866000009],[104.29222994100002,-4.672912597999982],[104.30529785200002,-4.673095703000001],[104.30908203000001,-4.668579102000024],[104.31030273200003,-4.669494628999985],[104.31347656100002,-4.6693115240000225],[104.31768798799999,-4.672607421999999],[104.321289062,-4.673583984000004],[104.32248805699999,-4.673113095000019],[104.32295718799998,-4.6718421720000265],[104.32546491599999,-4.672362481999983],[104.326505537,-4.668406414999993],[104.32922138999999,-4.665782684000021],[104.33214707100001,-4.664332638000019],[104.33198500700001,-4.660891762999995],[104.334771655,-4.659893790000012],[104.33686142800002,-4.656272086000001],[104.338618543,-4.65641709099998],[104.337415857,-4.6541055459999825],[104.338120823,-4.652526856000009],[104.33569335800001,-4.652099609000004],[104.33270263700001,-4.64508056599999],[104.33288574099998,-4.63531494099999],[104.33551025399998,-4.633789063999984],[104.33508300599999,-4.632080078000001],[104.33349609300001,-4.6325073240000165],[104.33050537100002,-4.624084472999982],[104.33587646500001,-4.61859130900001],[104.33947753899997,-4.617492674999994],[104.34307861299999,-4.614807129999974],[104.345275878,-4.6096801759999835],[104.34271240200002,-4.607788086000028],[104.34332275399998,-4.604675293000014],[104.34271240200002,-4.602478027000018]]]},"properties":{"NAMOBJ":"Air Ringkih","WADMKC":"Rebang Tangkas","KDCPUM":"18.08.09"}},{"type":"Feature","geometry":{"type":"Polygon","coordinates":[[[104.48386039100001,-4.789610620000019],[104.48233488300002,-4.789138068],[104.476340709,-4.79300286199998],[104.47255858400001,-4.798925842000017],[104.47442321900002,-4.804375686000014],[104.470304908,-4.806223921000026],[104.47566338899998,-4.805088058000024],[104.47580146899998,-4.8130846980000115],[104.48122392599998,-4.813044379000019],[104.48191638499998,-4.815229525999996],[104.48305779999998,-4.814196846000016],[104.484920918,-4.814039799],[104.48615585900001,-4.815381817999992],[104.48721947799999,-4.814182569000025],[104.48769775,-4.814596595000012],[104.48984640399999,-4.813725712999997],[104.49322285699998,-4.810092275999978],[104.49423650799997,-4.810392088000015],[104.49713270900003,-4.8082997480000245],[104.49991336800002,-4.8090860890000044],[104.50106727600001,-4.808691582999984],[104.50124854500001,-4.807730210999978],[104.49970997100002,-4.801091358000008],[104.49514604799998,-4.799579479999977],[104.48812595999999,-4.7987726349999775],[104.48430311800001,-4.796211620999998],[104.48386039100001,-4.789610620000019]]]},"properties":{"NAMOBJ":"Argomulyo","WADMKC":"Banjit","KDCPUM":"18.08.03"}},{"type":"Feature","geometry":{"type":"Polygon","coordinates":[[[104.48797326900001,-4.74211696499998],[104.48628458500002,-4.743955447000019],[104.48890199200002,-4.745278427000017],[104.48832021200002,-4.746949997999991],[104.489782537,-4.748159838999982],[104.48923537399997,-4.751341849000028],[104.49181907500002,-4.755876946000001],[104.49051907400002,-4.755782682000017],[104.49035013700001,-4.758149909999986],[104.48903718499997,-4.7584381949999965],[104.48996517500001,-4.759211517999972],[104.49015599400002,-4.761494890999984],[104.48837141199999,-4.763185694000015],[104.48875212399997,-4.765693646999978],[104.48757770999998,-4.767059255999982],[104.48569946200001,-4.768913601000008],[104.48804759500001,-4.771728008000025],[104.48727664900002,-4.771951677000004],[104.48822367399998,-4.773441219999995],[104.487348032,-4.774531013000001],[104.48877564100002,-4.7746588809999935],[104.50459510500002,-4.774532915999998],[104.50445043799999,-4.768396746999997],[104.50413751999997,-4.766364167000006],[104.505078615,-4.76361878900002],[104.50338477600002,-4.763135595999984],[104.504164903,-4.7616390759999945],[104.50340347399998,-4.7598497239999915],[104.50577970400002,-4.756889510999997],[104.50391658699999,-4.755729522000024],[104.50610729499999,-4.753696110000021],[104.505313806,-4.752642648999995],[104.50776623899998,-4.749071871000012],[104.50732008799997,-4.748030857999993],[104.50569610600002,-4.747953522999978],[104.505648517,-4.747156404999998],[104.50719516599997,-4.745871496000007],[104.50848600299997,-4.746962560999975],[104.51035374600002,-4.745205811999995],[104.50986654100001,-4.743934330999991],[104.50175394000001,-4.7438220619999925],[104.500926489,-4.7408681160000015],[104.49926040499997,-4.740347840000027],[104.497046281,-4.740506428000003],[104.49586284600002,-4.74220558799999],[104.48797326900001,-4.74211696499998]]]},"properties":{"NAMOBJ":"Bali Sadhar Tengah","WADMKC":"Banjit","KDCPUM":"18.08.03"}},{"type":"Feature","geometry":{"type":"Polygon","coordinates":[[[104.55627926099999,-4.707458787999997],[104.54896347900001,-4.707305077000001],[104.546114961,-4.715089236999972],[104.54639872400003,-4.7185998200000085],[104.54685954799999,-4.724584952999976],[104.549167625,-4.724394594999978],[104.54978628499998,-4.725156024],[104.55076186399998,-4.723847319000015],[104.55210814399999,-4.723626951000028],[104.55228989599999,-4.724725394000018],[104.55410942999998,-4.724848269999995],[104.55420370500002,-4.717501803000005],[104.5551888,-4.717516079000006],[104.55544139400001,-4.713954598999976],[104.55875988499997,-4.712919715999988],[104.55627926099999,-4.707458787999997]]]},"properties":{"NAMOBJ":"Bhakti Negara","WADMKC":"Baradatu","KDCPUM":"18.08.04"}},{"type":"Feature","geometry":{"type":"Polygon","coordinates":[[[104.56653822800001,-4.774961856999994],[104.56453323,-4.76458083],[104.55783880799999,-4.766636545999972],[104.554666865,-4.774099432000014],[104.551158466,-4.775114740999982],[104.55175448400001,-4.776019824000002],[104.55102646099999,-4.7845231210000065],[104.547153385,-4.786474219000013],[104.54266876999998,-4.786270374000026],[104.54009035799999,-4.785518083999989],[104.53850119100002,-4.788441724999984],[104.55419400199997,-4.794838640000023],[104.554979226,-4.793268195999985],[104.55664484800002,-4.793315784000015],[104.558596007,-4.79167395799999],[104.55762637700002,-4.787028057999976],[104.56047099,-4.785312119000025],[104.562259429,-4.784254076000025],[104.56208810700002,-4.782540863999998],[104.56334446400001,-4.780846687999997],[104.56482431699999,-4.780628686999989],[104.56744673999998,-4.777807411000026],[104.56653822800001,-4.774961856999994]]]},"properties":{"NAMOBJ":"Banjar Agung","WADMKC":"Baradatu","KDCPUM":"18.08.04"}},{"type":"Feature","geometry":{"type":"Polygon","coordinates":[[[104.96001641700002,-4.455160663000015],[104.95030562599999,-4.453024887000026],[104.94013392400001,-4.45200322300002],[104.93919450499999,-4.457892959999981],[104.93731617100002,-4.463232898000001],[104.93066546900002,-4.464993696000022],[104.93915149899999,-4.468087786000012],[104.9464213,-4.468538744999989],[104.95081895999999,-4.4707009190000235],[104.95243419000002,-4.475204908000023],[104.958606728,-4.482776576999981],[104.967388889,-4.475305556000023],[104.96591666699999,-4.473500000000001],[104.96919444399998,-4.466888889000018],[104.96558333299998,-4.459694443999979],[104.96672076099998,-4.458934898999985],[104.96141615599998,-4.456637979999982],[104.96094677000002,-4.455067337000003],[104.96001641700002,-4.455160663000015]]]},"properties":{"NAMOBJ":"Bima Sakti","WADMKC":"Negeri Besar","KDCPUM":"18.08.12"}},{"type":"Feature","geometry":{"type":"Polygon","coordinates":[[[104.48757770999998,-4.767059255999982],[104.47864071200001,-4.764795826000011],[104.47690380099999,-4.775414387000012],[104.48045642099999,-4.7769325680000065],[104.48054466899998,-4.783350903999974],[104.48478742499998,-4.786493878999977],[104.48233488300002,-4.789138068],[104.48386039100001,-4.789610620000019],[104.49588694800002,-4.793336056999976],[104.50663627199998,-4.785264439000002],[104.506886506,-4.7841912079999815],[104.507715228,-4.784061971000028],[104.50662305499998,-4.782263097999987],[104.50731563699998,-4.780441255000028],[104.50684217899999,-4.778408533000004],[104.50825557899998,-4.778265766000004],[104.50808801699998,-4.776136354000016],[104.506813625,-4.774710851000009],[104.507427527,-4.7734687729999905],[104.506028404,-4.769970965000027],[104.50494336999998,-4.769885304000013],[104.505178936,-4.768748813999991],[104.50445043799999,-4.768396746999997],[104.50459510500002,-4.774532915999998],[104.48877564100002,-4.7746588809999935],[104.487348032,-4.774531013000001],[104.48822367399998,-4.773441219999995],[104.48727664900002,-4.771951677000004],[104.48804759500001,-4.771728008000025],[104.48569946200001,-4.768913601000008],[104.48757770999998,-4.767059255999982]]]},"properties":{"NAMOBJ":"Bali Sadhar Selatan","WADMKC":"Banjit","KDCPUM":"18.08.03"}},{"type":"Feature","geometry":{"type":"Polygon","coordinates":[[[104.56453323,-4.76458083],[104.56305150200001,-4.757320167999978],[104.56172826699998,-4.754839069000013],[104.54875713500002,-4.756097937999982],[104.54993614199998,-4.766138071],[104.54266876999998,-4.786270374000026],[104.547153385,-4.786474219000013],[104.55102646099999,-4.7845231210000065],[104.55175448400001,-4.776019824000002],[104.551158466,-4.775114740999982],[104.554666865,-4.774099432000014],[104.55783880799999,-4.766636545999972],[104.56453323,-4.76458083]]]},"properties":{"NAMOBJ":"Banjar Masin","WADMKC":"Baradatu","KDCPUM":"18.08.04"}},{"type":"Feature","geometry":{"type":"Polygon","coordinates":[[[104.51855758200003,-4.772060389999979],[104.51119547500002,-4.767640269000026],[104.505178936,-4.768748813999991],[104.50494336999998,-4.769885304000013],[104.506028404,-4.769970965000027],[104.507427527,-4.7734687729999905],[104.506813625,-4.774710851000009],[104.50808801699998,-4.776136354000016],[104.50825557899998,-4.778265766000004],[104.50684217899999,-4.778408533000004],[104.50731563699998,-4.780441255000028],[104.509918444,-4.783780549000028],[104.51183631399999,-4.7834467590000145],[104.51406099399998,-4.784363068999994],[104.51546011699998,-4.7870042729999795],[104.52020609099998,-4.787344829999995],[104.52522161500002,-4.789183856000022],[104.52820982899999,-4.791795590999982],[104.53479406999998,-4.792891494000003],[104.53546665599998,-4.790661800999999],[104.53850119100002,-4.788441724999984],[104.53210865800003,-4.776489589999983],[104.52961739300002,-4.773751603999983],[104.525379198,-4.774241953000001],[104.51855758200003,-4.772060389999979]]]},"properties":{"NAMOBJ":"Banjar Mulya","WADMKC":"Baradatu","KDCPUM":"18.08.04"}},{"type":"Feature","geometry":{"type":"Polygon","coordinates":[[[104.83586939499997,-4.325759624],[104.84952565600003,-4.330555881000009],[104.84730442300003,-4.319273667999994],[104.84068383599998,-4.308754797000006],[104.81771810999999,-4.299314932000016],[104.81798062799999,-4.319712528000025],[104.82930305399998,-4.320553056999984],[104.83586939499997,-4.325759624]]]},"properties":{"NAMOBJ":"Kota Jawa","WADMKC":"Negara Batin","KDCPUM":"18.08.11"}},{"type":"Feature","geometry":{"type":"Polygon","coordinates":[[[104.50625075599999,-4.726685030999988],[104.503972261,-4.72473022600002],[104.50181002900001,-4.7254518560000065],[104.49506555300002,-4.724856397999986],[104.48733818800002,-4.728271915999983],[104.488091527,-4.729973239000003],[104.48885295500003,-4.729402169000025],[104.48997130100003,-4.73123435399998],[104.49001888800001,-4.73285238699998],[104.488710185,-4.734446626000022],[104.49035201599997,-4.736445372999981],[104.487924964,-4.737444745999994],[104.48769378999998,-4.738419659999977],[104.48771890900002,-4.7397541230000115],[104.48667877899999,-4.7397810150000055],[104.48781769200002,-4.742119541000022],[104.48797326900001,-4.74211696499998],[104.49586284600002,-4.74220558799999],[104.497046281,-4.740506428000003],[104.49926040499997,-4.740347840000027],[104.500926489,-4.7408681160000015],[104.50175394000001,-4.7438220619999925],[104.50986654100001,-4.743934330999991],[104.51011477899999,-4.741751491000002],[104.51126924800002,-4.741515408999987],[104.511946964,-4.739122187000021],[104.513796996,-4.737284052999996],[104.511089169,-4.7354066589999775],[104.511610271,-4.7329241670000215],[104.510211148,-4.732627923999985],[104.508176709,-4.733762926999987],[104.50712316300002,-4.729648044999976],[104.50516278700002,-4.730243116999986],[104.50614367999998,-4.728582650000021],[104.50463867299999,-4.727339379999989],[104.50625075599999,-4.726685030999988]]]},"properties":{"NAMOBJ":"Bali Sadhar Utara","WADMKC":"Banjit","KDCPUM":"18.08.03"}},{"type":"Feature","geometry":{"type":"Polygon","coordinates":[[[104.53679921399998,-4.7475212690000035],[104.533277,-4.748286962000009],[104.52637037699998,-4.744450058999973],[104.52266185000002,-4.749115045999986],[104.51552003500001,-4.759464458000025],[104.52094520600002,-4.762652935999995],[104.51855758200003,-4.772060389999979],[104.525379198,-4.774241953000001],[104.52961739300002,-4.773751603999983],[104.53240376999997,-4.766150966999987],[104.54993614199998,-4.766138071],[104.54875713500002,-4.756097937999982],[104.54634149200001,-4.750651090000019],[104.53679921399998,-4.7475212690000035]]]},"properties":{"NAMOBJ":"Banjar Negara","WADMKC":"Baradatu","KDCPUM":"18.08.04"}},{"type":"Feature","geometry":{"type":"Polygon","coordinates":[[[104.49257259000001,-4.405643032],[104.48661452599998,-4.406679250000025],[104.483158205,-4.406373265000013],[104.477678991,-4.403782933000002],[104.47543421,-4.404027207000013],[104.46606043100002,-4.397997291000024],[104.46359277900001,-4.388579499000002],[104.46112891400003,-4.390477205000025],[104.45946051200002,-4.3931636980000235],[104.45563858600002,-4.392755651000016],[104.45163700299997,-4.395482177000019],[104.45216618699999,-4.399220379999974],[104.45248827900002,-4.401495676000025],[104.45617218299998,-4.404891444999976],[104.46668809200003,-4.409045038999977],[104.474988376,-4.415147277000017],[104.478153399,-4.41523196899999],[104.47679251800002,-4.41014967000001],[104.47896682099997,-4.408508535999999],[104.48108825100002,-4.408151401999987],[104.48169669700002,-4.407096673000012],[104.48348090299999,-4.410635361999994],[104.48631264300002,-4.412446838999983],[104.48782929700002,-4.412447887999974],[104.48818847299998,-4.410293953000007],[104.48980637400001,-4.409851564999997],[104.49032891299998,-4.407961693000004],[104.49257259000001,-4.405643032]]]},"properties":{"NAMOBJ":"Beringin Jaya","WADMKC":"Blambangan Umpu","KDCPUM":"18.08.08"}},{"type":"Feature","geometry":{"type":"Polygon","coordinates":[[[104.39143943599998,-4.671632781000028],[104.38616649300002,-4.672126081999977],[104.38349957700001,-4.671902552999995],[104.381896343,-4.670808039000008],[104.37773102099999,-4.671486329999993],[104.37156813899998,-4.671186965000004],[104.36939575000002,-4.673746273000006],[104.36910285099998,-4.675317133000021],[104.37008174699997,-4.675926053000012],[104.36776168400002,-4.676843286999997],[104.36963469099999,-4.677729689999978],[104.367646837,-4.679382254000018],[104.367639129,-4.6801299159999985],[104.36895717300001,-4.680068253000002],[104.36879530800002,-4.680792790999988],[104.37157013400002,-4.686478102000024],[104.37142562700001,-4.6881467559999805],[104.37690741900002,-4.6853279840000255],[104.38002415199998,-4.685922472000016],[104.39466965000003,-4.684070011000017],[104.39664840199998,-4.682096958999978],[104.39692588399998,-4.679468583000016],[104.396155099,-4.6788534949999985],[104.39701837899997,-4.675970758999995],[104.39310433100002,-4.671995048999975],[104.39143943599998,-4.671632781000028]]]},"properties":{"NAMOBJ":"Beringin Jaya","WADMKC":"Rebang Tangkas","KDCPUM":"18.08.09"}},{"type":"Feature","geometry":{"type":"Polygon","coordinates":[[[104.571458861,-4.689270335999993],[104.56759939400001,-4.691439430999992],[104.563524567,-4.6915881470000045],[104.56141279600001,-4.690695849999997],[104.55996763500002,-4.687478649000013],[104.55957002399998,-4.699106620000009],[104.56075173900001,-4.702921016999994],[104.56611300499998,-4.702325105],[104.56789046300003,-4.700454848999982],[104.56994999800003,-4.69999507],[104.56941782799998,-4.698171252999998],[104.57111891400001,-4.696018110000011],[104.569690191,-4.691678930000023],[104.57145036999998,-4.69039348199999],[104.571458861,-4.689270335999993]]]},"properties":{"NAMOBJ":"Banjar Sari","WADMKC":"Baradatu","KDCPUM":"18.08.04"}},{"type":"Feature","geometry":{"type":"Polygon","coordinates":[[[104.51991544499998,-4.747486348999985],[104.51126924800002,-4.741515408999987],[104.51011477899999,-4.741751491000002],[104.50986654100001,-4.743934330999991],[104.51035374600002,-4.745205811999995],[104.50848600299997,-4.746962560999975],[104.50719516599997,-4.745871496000007],[104.505648517,-4.747156404999998],[104.50569610600002,-4.747953522999978],[104.50732008799997,-4.748030857999993],[104.50776623899998,-4.749071871000012],[104.505313806,-4.752642648999995],[104.50610729499999,-4.753696110000021],[104.50391658699999,-4.755729522000024],[104.50577970400002,-4.756889510999997],[104.50340347399998,-4.7598497239999915],[104.504164903,-4.7616390759999945],[104.50338477600002,-4.763135595999984],[104.505078615,-4.76361878900002],[104.50413751999997,-4.766364167000006],[104.50445043799999,-4.768396746999997],[104.505178936,-4.768748813999991],[104.51119547500002,-4.767640269000026],[104.51855758200003,-4.772060389999979],[104.52094520600002,-4.762652935999995],[104.51552003500001,-4.759464458000025],[104.52266185000002,-4.749115045999986],[104.51991544499998,-4.747486348999985]]]},"properties":{"NAMOBJ":"Banjar Setia","WADMKC":"Baradatu","KDCPUM":"18.08.04"}},{"type":"Feature","geometry":{"type":"Polygon","coordinates":[[[104.37096774999998,-4.432058568999992],[104.366863448,-4.432022490999998],[104.363596916,-4.430644130000019],[104.34816497399999,-4.427275741000017],[104.34602726899999,-4.426057510000021],[104.34702908999998,-4.455653787000017],[104.33845859399997,-4.45522129699998],[104.33827860600002,-4.456513115999996],[104.334957589,-4.459629330999974],[104.33365331800002,-4.458809083999995],[104.33289275599998,-4.456726800000013],[104.32815111899998,-4.461257896999996],[104.32994046499999,-4.468183923000026],[104.340448853,-4.4762535790000015],[104.34027039300003,-4.477621768000006],[104.336998634,-4.479525336999984],[104.325945359,-4.478687834000027],[104.32474611100002,-4.479864877000011],[104.32460219299998,-4.482122713000024],[104.32642961099998,-4.484327380000025],[104.32736191499998,-4.490701306000005],[104.32964641900003,-4.4920918020000045],[104.33043358200001,-4.493522639999981],[104.333251996,-4.49316595099998],[104.33652306599998,-4.488732382000023],[104.34055989900003,-4.495602763000022],[104.35217886499998,-4.5064719640000135],[104.357346258,-4.502291968999998],[104.370152029,-4.503037415999984],[104.370341113,-4.506286849999981],[104.38073274800001,-4.506315952000023],[104.38049579300002,-4.504496700000004],[104.38329906899997,-4.501910527999996],[104.38325318900002,-4.49975036699999],[104.384785787,-4.49940460800002],[104.38441246299999,-4.4966637489999925],[104.38575708500002,-4.492946598999993],[104.38909454399999,-4.488885257999982],[104.38969812099998,-4.485769437999977],[104.38915129100002,-4.483016705000011],[104.39132552900003,-4.480471845000011],[104.39137896099999,-4.47930386500002],[104.38891246399999,-4.478233219000003],[104.38640801899999,-4.478661950000003],[104.385906363,-4.479666794000025],[104.384443208,-4.477996560999998],[104.381200826,-4.479388422999989],[104.37748648600001,-4.474768697999991],[104.37614208999997,-4.474935261999974],[104.37678454500002,-4.473602762999974],[104.37579706999998,-4.472448724000003],[104.374964256,-4.4732220490000145],[104.37326294299999,-4.4726866710000195],[104.37396488500002,-4.471699193999996],[104.37080020100001,-4.470509462999985],[104.367266702,-4.471032944000001],[104.36288311300001,-4.469993460000012],[104.36358912600002,-4.465412327000024],[104.36267334600001,-4.458479579000027],[104.36587808500002,-4.447852462000014],[104.37096774999998,-4.432058568999992]]]},"properties":{"NAMOBJ":"Bukit Gemuruh","WADMKC":"Way Tuba","KDCPUM":"18.08.08"}},{"type":"Feature","geometry":{"type":"Polygon","coordinates":[[[104.38073274800001,-4.506315952000023],[104.370341113,-4.506286849999981],[104.370152029,-4.503037415999984],[104.357346258,-4.502291968999998],[104.35217886499998,-4.5064719640000135],[104.34055989900003,-4.495602763000022],[104.33652306599998,-4.488732382000023],[104.333251996,-4.49316595099998],[104.33043358200001,-4.493522639999981],[104.32930292600003,-4.494894316],[104.327850893,-4.494729657999983],[104.32777597799998,-4.496433609999997],[104.326907393,-4.496538666999982],[104.32919722100002,-4.514238889000012],[104.321719443,-4.514097221999975],[104.320663787,-4.512422253000011],[104.31859604800002,-4.513061167999979],[104.31683797900001,-4.511907375000021],[104.314446019,-4.512462856000013],[104.31367085599999,-4.514159199999995],[104.31147823399999,-4.513963353999998],[104.31056510899998,-4.512674530000027],[104.31742222100002,-4.5382416670000225],[104.32327777699999,-4.556466666999995],[104.32362196100001,-4.555460299999993],[104.32460923600001,-4.555598004999979],[104.328114331,-4.5591021210000235],[104.33320792900003,-4.55823383500001],[104.33462021100001,-4.5565487779999785],[104.34076191600002,-4.602296627999976],[104.34187680999997,-4.601641212000004],[104.34268251499998,-4.596965176000026],[104.34511648,-4.595818554999994],[104.34414017400002,-4.594034527000019],[104.34486396300002,-4.591552772],[104.343615398,-4.590153842999996],[104.34468626799998,-4.587627328999986],[104.34300740600003,-4.587290699999983],[104.34275053300001,-4.586495834000004],[104.34516525800001,-4.585483223999972],[104.34942495799999,-4.580460838000022],[104.35145686499999,-4.580740325000022],[104.350933726,-4.578968685999996],[104.35163344,-4.575359972000001],[104.35041316899998,-4.574334459999989],[104.35140750699998,-4.571980188999987],[104.35274439300002,-4.572364354000001],[104.35554046700003,-4.56984894499999],[104.35485462000003,-4.568651593000027],[104.35525674000002,-4.56706269],[104.35693549000001,-4.567485449000003],[104.35904463499998,-4.566702279000026],[104.35771057699998,-4.564891621000015],[104.35945676900002,-4.564567669999974],[104.35985952800002,-4.562241573999984],[104.361405923,-4.561285562000023],[104.359670204,-4.560565973999985],[104.35829845900003,-4.558228720999978],[104.36118998400002,-4.556318712999996],[104.36187901800002,-4.553906702999996],[104.363595568,-4.554712431999974],[104.364360912,-4.552300487000025],[104.36640201699998,-4.552895868999997],[104.36788156900002,-4.54650658700001],[104.367210924,-4.54428006400002],[104.36789878299999,-4.543174881000027],[104.371176832,-4.542028878999986],[104.37232458199998,-4.538640711000028],[104.37387169200002,-4.536775141000021],[104.37301494100001,-4.534620265000001],[104.376710016,-4.534390816999974],[104.37777927299999,-4.5293106749999765],[104.37579490000002,-4.523799167999982],[104.378086129,-4.521876780000014],[104.37710612400002,-4.518821851999974],[104.37855646399998,-4.518497583999988],[104.37728948699998,-4.515421268000011],[104.37810657400001,-4.5135650889999965],[104.37774391200003,-4.510936732000005],[104.38048216800001,-4.509321956000008],[104.37935754900002,-4.508057235000024],[104.38073274800001,-4.506315952000023]]]},"properties":{"NAMOBJ":"Bukit Harapan","WADMKC":"Way Tuba","KDCPUM":"18.08.08"}},{"type":"Feature","geometry":{"type":"Polygon","coordinates":[[[104.69991900899998,-4.566341583999986],[104.69993805399997,-4.557437235000009],[104.69900135699999,-4.557195053999976],[104.69896566400001,-4.556320603000017],[104.695481126,-4.555386865000003],[104.69548161400002,-4.554481927999973],[104.69798841900001,-4.552305423000007],[104.69621350699998,-4.549955478000015],[104.69549975299998,-4.551590712999996],[104.69203728399998,-4.553773520999982],[104.68663544999998,-4.553943297999979],[104.68493028500001,-4.555174045000001],[104.67596193700001,-4.552512627999988],[104.67291233600002,-4.553251674000023],[104.67268392599999,-4.556939265999972],[104.671154624,-4.558304806000024],[104.66594496800002,-4.5593167949999724],[104.66406592300001,-4.561950281999998],[104.65827143000001,-4.5647161360000155],[104.65435114000002,-4.559375991000024],[104.64783066799998,-4.558266460000027],[104.645292057,-4.559438007999972],[104.639994537,-4.558359698999993],[104.634961755,-4.555765456000017],[104.63082831100002,-4.552505554999982],[104.63031366199999,-4.5545643460000065],[104.635605505,-4.560389961999988],[104.63532594100002,-4.565852749999976],[104.640122308,-4.56909589899999],[104.640581623,-4.573170179999977],[104.63880559500001,-4.584866712000007],[104.66158900800002,-4.5870905950000065],[104.66410920099997,-4.586730516999978],[104.666381108,-4.5798624299999915],[104.67202042999998,-4.580647653000028],[104.67444747799999,-4.577221228999974],[104.67773113599998,-4.57479417899998],[104.68486951900002,-4.572152976999973],[104.69564847700002,-4.566727806000017],[104.69991900899998,-4.566341583999986]]]},"properties":{"NAMOBJ":"Bandar Kasih","WADMKC":"Negeri Agung","KDCPUM":"18.08.07"}},{"type":"Feature","geometry":{"type":"Polygon","coordinates":[[[104.54993614199998,-4.766138071],[104.53240376999997,-4.766150966999987],[104.52961739300002,-4.773751603999983],[104.53210865800003,-4.776489589999983],[104.53850119100002,-4.788441724999984],[104.54009035799999,-4.785518083999989],[104.54266876999998,-4.786270374000026],[104.54993614199998,-4.766138071]]]},"properties":{"NAMOBJ":"Banjar Baru","WADMKC":"Baradatu","KDCPUM":"18.08.04"}},{"type":"Feature","geometry":{"type":"Polygon","coordinates":[[[104.61044683300003,-4.7236179440000114],[104.59985129199998,-4.723529814000017],[104.59500802100001,-4.722021014000006],[104.58821288600001,-4.7291143090000105],[104.58760146600002,-4.740522200999976],[104.57367107900001,-4.743185578999999],[104.56975776000002,-4.745800413999973],[104.561907571,-4.744309086999976],[104.55981612300002,-4.746661528999994],[104.55857836199999,-4.7462738869999725],[104.560072988,-4.74767853100002],[104.55931621100001,-4.750445268000021],[104.58356306899998,-4.747328270000025],[104.593939154,-4.747824338999976],[104.60083470500001,-4.750565623],[104.60226316,-4.750515220000011],[104.60472758100002,-4.747878341999979],[104.605063379,-4.744742981000002],[104.606997159,-4.742494145000023],[104.60654718699999,-4.736605747999988],[104.60709657899997,-4.735433219000015],[104.608981535,-4.735099190000028],[104.60883914700003,-4.733746751000012],[104.61083807699998,-4.730584693000026],[104.61044683300003,-4.7236179440000114]]]},"properties":{"NAMOBJ":"Bengkulu","WADMKC":"Gunung Labuhan","KDCPUM":"18.08.10"}},{"type":"Feature","geometry":{"type":"Polygon","coordinates":[[[104.624321614,-4.714601066],[104.625696231,-4.715279712999973],[104.62859054900002,-4.714999838999972],[104.62876542999999,-4.713303440000004],[104.63041246900002,-4.712323765999997],[104.63095450700001,-4.710906292999994],[104.63180708099998,-4.711065340000005],[104.63190702999998,-4.712286111000026],[104.63268331199998,-4.711762664999981],[104.632161489,-4.711180870000021],[104.63296693400002,-4.709859654000013],[104.63207616199998,-4.7094843230000265],[104.63293369799999,-4.709292538],[104.63293942400003,-4.707519143000013],[104.63448465099998,-4.705024202999994],[104.632163478,-4.705282533999991],[104.62835156300002,-4.7041546209999865],[104.62748808200001,-4.702086936000001],[104.629739454,-4.701402953000013],[104.62868977300002,-4.698886242000015],[104.62682997600001,-4.698567652999998],[104.625444803,-4.69709205800001],[104.62525584100001,-4.6947965840000165],[104.62379065800002,-4.69576097700002],[104.62246373699998,-4.695223473999988],[104.62031726200001,-4.694097336000027],[104.61891082199998,-4.692085979000012],[104.616908696,-4.6920652270000005],[104.61683329700003,-4.691193193000004],[104.61560519099999,-4.691780766000022],[104.61492132000001,-4.689989227000012],[104.61500833899998,-4.693011768000019],[104.61370861400002,-4.697260560000018],[104.61034907599998,-4.699567091999995],[104.613747483,-4.7032881999999745],[104.61539145,-4.707202578000022],[104.61631871999998,-4.712947628999984],[104.6157488,-4.716150336999988],[104.61772991200002,-4.7171314340000094],[104.620781024,-4.714710708999974],[104.624321614,-4.714601066]]]},"properties":{"NAMOBJ":"Bengkulu Jaya","WADMKC":"Gunung Labuhan","KDCPUM":"18.08.10"}},{"type":"Feature","geometry":{"type":"Polygon","coordinates":[[[104.558133134,-4.624438398999985],[104.55986904399998,-4.623057040999981],[104.561974867,-4.619380773999978],[104.565710621,-4.611057419000019],[104.568518385,-4.611847400999977],[104.57156290500001,-4.608445960999973],[104.57652527099998,-4.612837257000024],[104.576463961,-4.611896178999984],[104.57225707399999,-4.608070005999991],[104.57441193199998,-4.606124329000011],[104.58422328400002,-4.6034469130000275],[104.586209489,-4.6007479579999995],[104.582532905,-4.598025507999978],[104.58138600500001,-4.599637592000022],[104.58014868499998,-4.5997708429999875],[104.57965375700002,-4.59832412999998],[104.57976797100002,-4.596420562999981],[104.57777874200002,-4.59501192099998],[104.57499001299999,-4.59600177599998],[104.57571337000002,-4.594003029000021],[104.572239357,-4.591861514000016],[104.568972111,-4.5919821680000155],[104.56757561299997,-4.5933367800000156],[104.56676659599998,-4.588949054000011],[104.56472264199999,-4.589821170999983],[104.562879608,-4.601375169999983],[104.56308379799998,-4.603243900999985],[104.56624657499998,-4.605386845999988],[104.56197345999999,-4.617420455000001],[104.55771957799999,-4.618859837999992],[104.55628103200002,-4.617824731999974],[104.556680831,-4.623157416000026],[104.558133134,-4.624438398999985]]]},"properties":{"NAMOBJ":"Bratayudha","WADMKC":"Umpu Semenguk","KDCPUM":"18.08.15"}},{"type":"Feature","geometry":{"type":"Polygon","coordinates":[[[104.42432170299998,-4.692014329000017],[104.420928355,-4.692487507999999],[104.41452238400001,-4.69662606899999],[104.41959825700002,-4.701536249000014],[104.420679178,-4.704952588000026],[104.41920320399998,-4.704662421000023],[104.41795035400003,-4.71051871100002],[104.41061017099997,-4.710650832999988],[104.41004776300002,-4.721155752000016],[104.41060248600002,-4.7219197370000074],[104.412140351,-4.724982791999992],[104.41362177299999,-4.7238232020000055],[104.414135735,-4.721881562000021],[104.415772806,-4.721120134999978],[104.41569666200002,-4.719711494000023],[104.417390839,-4.717998281999996],[104.417352768,-4.716894212],[104.42106591700002,-4.716517066999984],[104.424278189,-4.713691456999982],[104.42776548699999,-4.713606014999982],[104.42782426299999,-4.714721483000005],[104.42959196300001,-4.715649047999989],[104.431773196,-4.715176430999975],[104.43316877900003,-4.716314650000015],[104.43384381999999,-4.7132391650000045],[104.43648919499998,-4.711254338999993],[104.43567703600002,-4.703945725999972],[104.43924079599998,-4.700542117999987],[104.439999408,-4.698098946000016],[104.442303874,-4.695610805000001],[104.43198522300003,-4.695142830999998],[104.42776012399997,-4.692309535999982],[104.42432170299998,-4.692014329000017]]]},"properties":{"NAMOBJ":"Bukit Batu","WADMKC":"Kasui","KDCPUM":"18.08.02"}},{"type":"Feature","geometry":{"type":"Polygon","coordinates":[[[104.38230649000002,-4.404288898000004],[104.36915044800003,-4.400333311999987],[104.35572777800002,-4.393270691999987],[104.35513952100001,-4.394173005000027],[104.35442998100001,-4.393768675999979],[104.354632531,-4.394834032999995],[104.353608705,-4.395834507000018],[104.35212272000001,-4.394970442999977],[104.35080167699999,-4.395334605000016],[104.350721007,-4.397551722999992],[104.34895421200002,-4.397985102999996],[104.348691997,-4.3996918270000265],[104.34742924800003,-4.400324180999974],[104.34725025699998,-4.404369437000014],[104.346384209,-4.405484269999988],[104.34689086899999,-4.406294396000021],[104.34620054499999,-4.406811292999976],[104.34663447399998,-4.4078828730000055],[104.345072029,-4.408849228999998],[104.34450683300003,-4.40966593600001],[104.34508180799997,-4.4108139979999805],[104.342876177,-4.412654158999999],[104.34323261499998,-4.416453102999981],[104.34176639399999,-4.417140379999978],[104.34191226000002,-4.419057350000003],[104.34094850700001,-4.419179223000015],[104.33955563299997,-4.421157420999975],[104.34661075700001,-4.42142392400001],[104.34708665099998,-4.423018162999995],[104.34599209800001,-4.42423168800002],[104.34602726899999,-4.426057510000021],[104.34816497399999,-4.427275741000017],[104.363596916,-4.430644130000019],[104.366863448,-4.432022490999998],[104.37096774999998,-4.432058568999992],[104.37936991599997,-4.432294577999983],[104.38520368500002,-4.417445950999991],[104.38102300600002,-4.410282435999989],[104.38230649000002,-4.404288898000004]]]},"properties":{"NAMOBJ":"Bandar Sari","WADMKC":"Way Tuba","KDCPUM":"18.08.08"}},{"type":"Feature","geometry":{"type":"Polygon","coordinates":[[[104.61034907599998,-4.699567091999995],[104.60838334699997,-4.696786700000018],[104.60373317300002,-4.693516870999986],[104.59908450400002,-4.696030871999994],[104.59564244199998,-4.696058567000023],[104.59264954700001,-4.697230428000012],[104.594051708,-4.702871764000008],[104.59643948500002,-4.703634878000003],[104.59404636699998,-4.705537527999979],[104.59311226800003,-4.7137420600000155],[104.59387953100003,-4.719741092999982],[104.59506491899998,-4.720415419000005],[104.59500802100001,-4.722021014000006],[104.59985129199998,-4.723529814000017],[104.61044683300003,-4.7236179440000114],[104.61409525599998,-4.721563200999981],[104.6157488,-4.716150336999988],[104.61631871999998,-4.712947628999984],[104.61539145,-4.707202578000022],[104.613747483,-4.7032881999999745],[104.61034907599998,-4.699567091999995]]]},"properties":{"NAMOBJ":"Kayu Batu","WADMKC":"Gunung Labuhan","KDCPUM":"18.08.10"}},{"type":"Feature","geometry":{"type":"Polygon","coordinates":[[[104.49754463099998,-4.8449718969999935],[104.49887230600001,-4.839092099000027],[104.49813610199999,-4.838760268999977],[104.49452401299999,-4.84071607300001],[104.48672584500002,-4.845145279000008],[104.47795889999998,-4.853662989999975],[104.46973548199998,-4.854443452999988],[104.46511895399999,-4.8563061940000125],[104.47038661099998,-4.862353298000016],[104.465701174,-4.8651883750000025],[104.46131166700002,-4.862611997999977],[104.45596862500003,-4.862741685000003],[104.447117252,-4.860391616000015],[104.44844095000002,-4.869326968999985],[104.44337967500002,-4.879586189999998],[104.43864824600001,-4.882226746000015],[104.44226513299998,-4.886537802000021],[104.44674351999998,-4.889949451000007],[104.455819975,-4.895222744000023],[104.46117671899998,-4.895772852999983],[104.46678292799999,-4.888932817000011],[104.47360598300003,-4.8858251020000125],[104.47620164199998,-4.8812147400000185],[104.48149010700001,-4.877854135000007],[104.48364436000003,-4.866053930000021],[104.48707078400003,-4.855060819000016],[104.49243052000003,-4.84849350799999],[104.49754463099998,-4.8449718969999935]]]},"properties":{"NAMOBJ":"Bandar Agung","WADMKC":"Banjit","KDCPUM":"18.08.03"}},{"type":"Feature","geometry":{"type":"Polygon","coordinates":[[[104.624321614,-4.714601066],[104.620781024,-4.714710708999974],[104.61772991200002,-4.7171314340000094],[104.6157488,-4.716150336999988],[104.61409525599998,-4.721563200999981],[104.61044683300003,-4.7236179440000114],[104.61083807699998,-4.730584693000026],[104.611133784,-4.736090289000003],[104.614549528,-4.7386006880000195],[104.62171638799998,-4.740109743000005],[104.623850613,-4.741275110000004],[104.62356723300002,-4.7389616469999964],[104.62469744700002,-4.734925948000011],[104.62422950199999,-4.732659067999975],[104.62855427400001,-4.729952764000018],[104.62742488200001,-4.7290976730000125],[104.62790410600002,-4.7279078529999765],[104.62708993299998,-4.726873979000004],[104.62700728700003,-4.724181620000024],[104.62468491200002,-4.719513430000006],[104.624321614,-4.714601066]]]},"properties":{"NAMOBJ":"Bengkulu Raman","WADMKC":"Gunung Labuhan","KDCPUM":"18.08.10"}},{"type":"Feature","geometry":{"type":"Polygon","coordinates":[[[104.63428302400001,-4.473039331999985],[104.63386459100002,-4.471856960000025],[104.63443566199999,-4.47142865699999],[104.63647010099999,-4.47128588999999],[104.638504539,-4.4723923390000095],[104.638909049,-4.470369797999979],[104.64238306099998,-4.470060466999996],[104.640812616,-4.465706054999998],[104.642145115,-4.463635923000027],[104.64528600400001,-4.461660970000025],[104.64599984099999,-4.4598525800000175],[104.64276377499999,-4.456902047000028],[104.64388212099999,-4.45307111599999],[104.64171681099998,-4.450049200000024],[104.64266859700001,-4.449644691999993],[104.64628537800002,-4.450715450000018],[104.64692783200002,-4.449954022999975],[104.64626118799998,-4.4481055719999745],[104.63108825900002,-4.443997170999978],[104.630123217,-4.449970828999994],[104.63076170800002,-4.45332584800002],[104.626173,-4.471503322999979],[104.63428302400001,-4.473039331999985]]]},"properties":{"NAMOBJ":"Kota Baru","WADMKC":"Negeri Agung","KDCPUM":"18.08.07"}},{"type":"Feature","geometry":{"type":"Polygon","coordinates":[[[104.60083470500001,-4.750565623],[104.593939154,-4.747824338999976],[104.58356306899998,-4.747328270000025],[104.55931621100001,-4.750445268000021],[104.56172826699998,-4.754839069000013],[104.56305150200001,-4.757320167999978],[104.56453323,-4.76458083],[104.56653822800001,-4.774961856999994],[104.57895971900001,-4.765366535999988],[104.58161405300001,-4.765487803999974],[104.58355209500002,-4.765576346999978],[104.59026450699997,-4.768764615999999],[104.592747857,-4.772329528],[104.60434972899998,-4.762969379000026],[104.60412011,-4.757524606000004],[104.60207469300002,-4.754651165999974],[104.60064954900002,-4.754319205000002],[104.60083470500001,-4.750565623]]]},"properties":{"NAMOBJ":"Bengkulu Rejo","WADMKC":"Gunung Labuhan","KDCPUM":"18.08.10"}},{"type":"Feature","geometry":{"type":"Polygon","coordinates":[[[104.623850613,-4.741275110000004],[104.62171638799998,-4.740109743000005],[104.614549528,-4.7386006880000195],[104.611133784,-4.736090289000003],[104.61083807699998,-4.730584693000026],[104.60883914700003,-4.733746751000012],[104.608981535,-4.735099190000028],[104.60709657899997,-4.735433219000015],[104.60654718699999,-4.736605747999988],[104.606997159,-4.742494145000023],[104.605063379,-4.744742981000002],[104.60472758100002,-4.747878341999979],[104.60226316,-4.750515220000011],[104.60083470500001,-4.750565623],[104.60064954900002,-4.754319205000002],[104.60207469300002,-4.754651165999974],[104.60412011,-4.757524606000004],[104.60434972899998,-4.762969379000026],[104.61378031999999,-4.760156886999994],[104.61720410599997,-4.7578685839999935],[104.61921288000002,-4.753222756000014],[104.62017628000001,-4.76398078699998],[104.61771546,-4.769242725000026],[104.62314156000002,-4.766690711000024],[104.63110603299998,-4.761006416999976],[104.62761179300003,-4.757146874],[104.625006068,-4.751095116999977],[104.62608703500001,-4.747857837000026],[104.62576918100001,-4.74514684799999],[104.625040636,-4.742852801000026],[104.623850613,-4.741275110000004]]]},"properties":{"NAMOBJ":"Bengkulu Tengah","WADMKC":"Gunung Labuhan","KDCPUM":"18.08.10"}},{"type":"Feature","geometry":{"type":"Polygon","coordinates":[[[104.56065950099998,-4.814019042999973],[104.56005071800001,-4.8114623810000126],[104.54767977099999,-4.809652187999973],[104.54434279600002,-4.8098426430000245],[104.54314227100002,-4.806797270000004],[104.53847752899998,-4.803390530999991],[104.53687589499998,-4.800790075000009],[104.53370710500002,-4.798980545000006],[104.53277911599997,-4.802778165999996],[104.53089458199997,-4.801193445000024],[104.52982555900002,-4.8025569459999815],[104.52800353800001,-4.8023355860000265],[104.527161207,-4.806061822000004],[104.525390889,-4.806040407000012],[104.52534805900001,-4.8079296980000095],[104.523549188,-4.810023624999985],[104.52473990200002,-4.811956790000011],[104.52385399600001,-4.812950679999972],[104.52430578299999,-4.815195738],[104.522901972,-4.8175236860000155],[104.52111341099999,-4.817728321000004],[104.52141807200002,-4.819631683000011],[104.522108376,-4.820858206000025],[104.52487374999998,-4.821934877999979],[104.52786501700001,-4.826616300000012],[104.52332690700001,-4.8401177480000115],[104.533252904,-4.839585768000006],[104.54157250899999,-4.8405731550000155],[104.541919221,-4.849200790999987],[104.547565018,-4.850914773999989],[104.549243472,-4.849079099999983],[104.55483627299998,-4.848702392999996],[104.554615851,-4.846127688000024],[104.55685216,-4.844507826999973],[104.55634633300002,-4.84272127600002],[104.554034248,-4.843513187999974],[104.55207759799998,-4.840336901000001],[104.55006721799998,-4.839685648],[104.549696869,-4.838741961999972],[104.55082159699998,-4.836446535999983],[104.54888902099998,-4.833661370000016],[104.54889017699998,-4.8319140940000125],[104.55109610300002,-4.831478420999986],[104.55209458399997,-4.830284629000005],[104.553606377,-4.830887996999991],[104.562172535,-4.829157473999999],[104.56065950099998,-4.814019042999973]]]},"properties":{"NAMOBJ":"Banjar Ratu","WADMKC":"Gunung Labuhan","KDCPUM":"18.08.10"}},{"type":"Feature","geometry":{"type":"Polygon","coordinates":[[[104.57107321000001,-4.793557125000007],[104.56393360300001,-4.790482377999979],[104.56047099,-4.785312119000025],[104.55762637700002,-4.787028057999976],[104.558596007,-4.79167395799999],[104.55664484800002,-4.793315784000015],[104.554979226,-4.793268195999985],[104.55419400199997,-4.794838640000023],[104.53850119100002,-4.788441724999984],[104.53546665599998,-4.790661800999999],[104.53479406999998,-4.792891494000003],[104.53172263300002,-4.794369151000012],[104.53300040599999,-4.796018117000017],[104.535541669,-4.796717677999993],[104.53518475099997,-4.7979954499999735],[104.53389661,-4.79783652499998],[104.53370710500002,-4.798980545000006],[104.53687589499998,-4.800790075000009],[104.53847752899998,-4.803390530999991],[104.54314227100002,-4.806797270000004],[104.54434279600002,-4.8098426430000245],[104.54767977099999,-4.809652187999973],[104.56005071800001,-4.8114623810000126],[104.56065950099998,-4.814019042999973],[104.56342531000001,-4.814074688000005],[104.567913638,-4.812664531999985],[104.570854526,-4.806148011000005],[104.57107321000001,-4.793557125000007]]]},"properties":{"NAMOBJ":"Banjar Sakti","WADMKC":"Gunung Labuhan","KDCPUM":"18.08.10"}},{"type":"Feature","geometry":{"type":"Polygon","coordinates":[[[104.63880559500001,-4.584866712000007],[104.640581623,-4.573170179999977],[104.640122308,-4.56909589899999],[104.63532594100002,-4.565852749999976],[104.635605505,-4.560389961999988],[104.63031366199999,-4.5545643460000065],[104.627330427,-4.560169864999978],[104.618784189,-4.560024345999977],[104.61251729100002,-4.562685665999993],[104.611638143,-4.572338555999977],[104.61370970299998,-4.576647760000014],[104.61266274000002,-4.577466293999976],[104.610959047,-4.576914258999977],[104.61079724299998,-4.577799418999973],[104.614961784,-4.58734773499998],[104.61406480900001,-4.5874407850000125],[104.62996861900001,-4.601884057999996],[104.631290632,-4.604057343000022],[104.63291544100002,-4.606728379000003],[104.635062328,-4.602962866999974],[104.63988996500001,-4.600005841999973],[104.647389229,-4.5972825929999885],[104.64713366500001,-4.590861958000005],[104.63845257499997,-4.586780135000026],[104.63880559500001,-4.584866712000007]]]},"properties":{"NAMOBJ":"Bandar Dalam","WADMKC":"Negeri Agung","KDCPUM":"18.08.07"}},{"type":"Feature","geometry":{"type":"Polygon","coordinates":[[[104.592747857,-4.772329528],[104.59026450699997,-4.768764615999999],[104.58355209500002,-4.765576346999978],[104.58161405300001,-4.765487803999974],[104.58382773699998,-4.771675257000027],[104.58356727,-4.774588171000005],[104.59192262099998,-4.774564471000019],[104.592747857,-4.772329528]]]},"properties":{"NAMOBJ":"Labuhan Jaya","WADMKC":"Gunung Labuhan","KDCPUM":"18.08.10"}},{"type":"Feature","geometry":{"type":"Polygon","coordinates":[[[104.381306086,-4.6234100909999825],[104.37979144299999,-4.622905694999986],[104.37772261999999,-4.626203963000023],[104.37605595299999,-4.625185645999977],[104.376281974,-4.6235130829999775],[104.37370532400001,-4.6231966529999795],[104.37352450600002,-4.622262427999999],[104.37173139800001,-4.622940493999977],[104.37176153500002,-4.624387035999973],[104.37044819099998,-4.623685845000011],[104.36896761399998,-4.624982631000023],[104.36806773500001,-4.624416728000028],[104.366091713,-4.6250754029999825],[104.36460737800002,-4.6284300010000266],[104.36266846299998,-4.628958795000017],[104.36456099200001,-4.6300442159999875],[104.363738114,-4.631933033999985],[104.36290317499999,-4.631023878000008],[104.36111269499997,-4.632860744000027],[104.360973537,-4.631116647999988],[104.35801414399998,-4.631394961000012],[104.35829245600002,-4.634651222000002],[104.35514009899998,-4.635801582999989],[104.35459275,-4.634215198999982],[104.35407531499999,-4.635472718000017],[104.35430908199999,-4.638610840000013],[104.35589599600002,-4.642089843999997],[104.35968017599998,-4.643920897999976],[104.363374873,-4.64398193400001],[104.36651611299999,-4.643615722999982],[104.37091064499998,-4.644897461000028],[104.373291016,-4.646606444999975],[104.37530517599998,-4.649475097999982],[104.37951660099998,-4.651489258000026],[104.38592529300001,-4.6511840829999755],[104.40051269499997,-4.656188965000013],[104.402099609,-4.654724121000015],[104.40252685500002,-4.653076171999999],[104.40393066299998,-4.652587890999996],[104.40490722599998,-4.650207519999981],[104.40570068400001,-4.6500854490000165],[104.40604811399999,-4.64722231799999],[104.40347512599999,-4.632932536999988],[104.40210659000002,-4.630197717999977],[104.40210935300001,-4.626907485999993],[104.40097575800002,-4.625501099000019],[104.39749433100002,-4.6251356860000215],[104.39344623400001,-4.626485267000021],[104.381306086,-4.6234100909999825]]]},"properties":{"NAMOBJ":"Madang Jaya","WADMKC":"Rebang Tangkas","KDCPUM":"18.08.09"}},{"type":"Feature","geometry":{"type":"Polygon","coordinates":[[[104.60875773100003,-4.682781397999975],[104.60733505799999,-4.683509049999998],[104.60664060099998,-4.6818250329999955],[104.595814921,-4.683252713999991],[104.585089272,-4.683152925999991],[104.58387411000001,-4.683908361000022],[104.582162557,-4.683315460000017],[104.58111897100002,-4.685791712000025],[104.57900719899999,-4.687635794000016],[104.57711873300002,-4.687996563000013],[104.57721947900001,-4.689262217000021],[104.57323477900002,-4.688963937999972],[104.57391327800002,-4.6904198029999975],[104.576042933,-4.6918632079999725],[104.57844746500001,-4.691767345000017],[104.58237779799998,-4.693930883000007],[104.58484475799997,-4.693452107999974],[104.59264954700001,-4.697230428000012],[104.59564244199998,-4.696058567000023],[104.59908450400002,-4.696030871999994],[104.60373317300002,-4.693516870999986],[104.60838334699997,-4.696786700000018],[104.61034907599998,-4.699567091999995],[104.61370861400002,-4.697260560000018],[104.61500833899998,-4.693011768000019],[104.61492132000001,-4.689989227000012],[104.61400481800001,-4.691332443000022],[104.61098087900001,-4.690380096000013],[104.60875773100003,-4.682781397999975]]]},"properties":{"NAMOBJ":"Curup Patah","WADMKC":"Gunung Labuhan","KDCPUM":"18.08.10"}},{"type":"Feature","geometry":{"type":"Polygon","coordinates":[[[104.981886014,-4.352674680999996],[104.946003104,-4.351344891999986],[104.93134136499998,-4.352236765999976],[104.927158034,-4.352772868999978],[104.932315028,-4.3708513880000055],[104.93338340999998,-4.382679471000017],[104.945344283,-4.382414131000019],[104.95541854800001,-4.379720296000016],[104.96957953499998,-4.381046923999975],[104.980497012,-4.383551195999985],[104.98025000000001,-4.3614166670000145],[104.98233333299999,-4.3557500000000005],[104.981886014,-4.352674680999996]]]},"properties":{"NAMOBJ":"Gedung Jaya","WADMKC":"Negara Batin","KDCPUM":"18.08.11"}},{"type":"Feature","geometry":{"type":"Polygon","coordinates":[[[104.63118562599999,-4.6589589289999935],[104.63115537499999,-4.6570733240000095],[104.63394854199998,-4.653506959000026],[104.629610001,-4.6470632950000095],[104.62488494799999,-4.646391042000005],[104.62460525099999,-4.648493522000024],[104.62242266700002,-4.649780780000015],[104.61966507400001,-4.649706293000008],[104.61952800900002,-4.64855127300001],[104.61815725600002,-4.64805803500002],[104.61622910099999,-4.651255225],[104.60812043700003,-4.647661176999975],[104.60628809500002,-4.649524470000017],[104.60435521400001,-4.648613146000002],[104.60246793200002,-4.649029682999981],[104.60033041399998,-4.646632794000027],[104.59867273499998,-4.648456629999998],[104.59900349999998,-4.649453833999985],[104.59750093399998,-4.649128884999982],[104.597656476,-4.6526436820000185],[104.59647845900002,-4.653052930999991],[104.59594652499999,-4.655355358000008],[104.59423682699997,-4.655463048000001],[104.59365107100001,-4.656967238999982],[104.59154326499998,-4.65846854199998],[104.58870890100002,-4.659216191999974],[104.61371319,-4.668886774999976],[104.61567763699998,-4.6704383599999915],[104.61659618099998,-4.670497022000006],[104.61784946199998,-4.668317624999986],[104.621045546,-4.6673933120000015],[104.62160084099997,-4.665764278999973],[104.62308610399998,-4.664793429999975],[104.62530834299997,-4.664824552000027],[104.625428849,-4.662519246999977],[104.62626375399998,-4.662679271999991],[104.62756564,-4.660554121000018],[104.63065835100002,-4.659929967999972],[104.63118562599999,-4.6589589289999935]]]},"properties":{"NAMOBJ":"Gedung Riang","WADMKC":"Umpu Semenguk","KDCPUM":"18.08.15"}},{"type":"Feature","geometry":{"type":"Polygon","coordinates":[[[104.867308073,-4.301275383000018],[104.851894673,-4.297591580000017],[104.85269417199999,-4.318683121999982],[104.85005149599999,-4.333103766000022],[104.85707267800001,-4.3281539719999955],[104.85858601500001,-4.32910575599999],[104.858538426,-4.331713646000026],[104.85919515699999,-4.332218091000016],[104.86671425399999,-4.3315708779999795],[104.87073078399999,-4.33315084100002],[104.87733521199999,-4.333181873000001],[104.886055065,-4.34001136400002],[104.88776113799997,-4.333656843000028],[104.88966207700003,-4.331932359999996],[104.89077026299998,-4.329485647000013],[104.892197941,-4.321871373000022],[104.89157928100002,-4.316446201000019],[104.89189864600002,-4.302098756000021],[104.88803511600003,-4.30158669399998],[104.87648640200001,-4.302153007000015],[104.867308073,-4.301275383000018]]]},"properties":{"NAMOBJ":"Bumi Jaya","WADMKC":"Negara Batin","KDCPUM":"18.08.11"}},{"type":"Feature","geometry":{"type":"Polygon","coordinates":[[[104.533660833,-4.728079266000009],[104.51739234899998,-4.728064710000012],[104.51152208000002,-4.726389987000005],[104.50625075599999,-4.726685030999988],[104.50463867299999,-4.727339379999989],[104.50614367999998,-4.728582650000021],[104.50516278700002,-4.730243116999986],[104.50712316300002,-4.729648044999976],[104.508176709,-4.733762926999987],[104.510211148,-4.732627923999985],[104.511610271,-4.7329241670000215],[104.511089169,-4.7354066589999775],[104.513796996,-4.737284052999996],[104.511946964,-4.739122187000021],[104.51126924800002,-4.741515408999987],[104.51991544499998,-4.747486348999985],[104.52079212000001,-4.745079567999994],[104.52373469399998,-4.742898152000009],[104.52432444300001,-4.740656090000016],[104.53085798400002,-4.740773033999972],[104.53157676000001,-4.738614559999974],[104.53347750699999,-4.7389626410000005],[104.53897787800003,-4.737385157000006],[104.54188185200002,-4.737670960999992],[104.542688548,-4.730916076000028],[104.54250024700002,-4.727277504000028],[104.533660833,-4.728079266000009]]]},"properties":{"NAMOBJ":"Campur Asri","WADMKC":"Baradatu","KDCPUM":"18.08.04"}},{"type":"Feature","geometry":{"type":"Polygon","coordinates":[[[104.45646901200001,-4.728461653000011],[104.45589826700001,-4.727485864000016],[104.44742017599998,-4.725627773999975],[104.43562394399999,-4.728629610999974],[104.43041009900003,-4.736829402000012],[104.42797661999998,-4.742107652000016],[104.42088964800001,-4.752063255999985],[104.42152615200001,-4.756688183999984],[104.43310235000001,-4.7651242329999945],[104.436670811,-4.765325745999974],[104.43833120699998,-4.756364624000014],[104.440547041,-4.754283645999976],[104.44450318899999,-4.750567605000015],[104.44682068399999,-4.74467755500001],[104.446762508,-4.740621816999976],[104.44912036400001,-4.735240843999975],[104.452546788,-4.730719867999994],[104.45646901200001,-4.728461653000011]]]},"properties":{"NAMOBJ":"Datar Bancong","WADMKC":"Kasui","KDCPUM":"18.08.02"}},{"type":"Feature","geometry":{"type":"Polygon","coordinates":[[[104.638221445,-4.409953050000013],[104.63408431300002,-4.409690635000004],[104.64201673399998,-4.422682020000025],[104.64264651899998,-4.424932571999989],[104.64363092399998,-4.428450376000001],[104.64324034100002,-4.432643797000026],[104.654791579,-4.436254433999977],[104.677230985,-4.439593113000001],[104.67744836700001,-4.436610237000025],[104.679255856,-4.433729703999973],[104.67994345,-4.4290466990000255],[104.67891043899999,-4.425155849000021],[104.66557936700002,-4.421283905999985],[104.65687532700002,-4.414319662000025],[104.65203516999998,-4.412269217000016],[104.64281197000003,-4.409800642999983],[104.63955157599997,-4.410793306000016],[104.638221445,-4.409953050000013]]]},"properties":{"NAMOBJ":"Gedung Menang","WADMKC":"Negeri Agung","KDCPUM":"18.08.07"}},{"type":"Feature","geometry":{"type":"Polygon","coordinates":[[[104.68383168499997,-4.334629215000007],[104.67588660199999,-4.3300935460000005],[104.660336653,-4.332253160999983],[104.65275719200002,-4.326062208999986],[104.65185299799998,-4.325990823999973],[104.65155556600001,-4.3278705989999935],[104.65011890599999,-4.327940967000018],[104.653828137,-4.3335630380000225],[104.654368955,-4.335779575999993],[104.65516691599998,-4.3414075480000065],[104.65369988999998,-4.346042194000006],[104.648992308,-4.348531267999988],[104.64688972099998,-4.354842861999998],[104.64683369,-4.370204662999981],[104.64862648000002,-4.368406216999972],[104.651471598,-4.367586150000022],[104.65325070099999,-4.3644551859999865],[104.65868374399997,-4.359572522999997],[104.664588762,-4.359359030000007],[104.66730004800002,-4.356845430000021],[104.668555949,-4.355167333999987],[104.66873958000002,-4.352079333000006],[104.66968573499997,-4.351029615000016],[104.67520537799999,-4.350655515000028],[104.67951719500002,-4.346636827999987],[104.681897816,-4.342184402999976],[104.68383168499997,-4.334629215000007]]]},"properties":{"NAMOBJ":"Bumi Agung","WADMKC":"Bahuga","KDCPUM":"18.08.05"}},{"type":"Feature","geometry":{"type":"Polygon","coordinates":[[[104.592756598,-4.307019047999972],[104.59168539500001,-4.305971208000017],[104.57706725000003,-4.317495361999988],[104.57556249700002,-4.312750031000007],[104.56071151200001,-4.313403741999991],[104.55421704700001,-4.314826735999986],[104.55420522100002,-4.319201760999988],[104.55417536099998,-4.330249131000016],[104.55668938000002,-4.334511412999973],[104.55731041799999,-4.338915795999981],[104.55862388100002,-4.340743223000004],[104.55757612500003,-4.341953177999983],[104.55744861900001,-4.347346995999999],[104.559276023,-4.354979356000001],[104.55655293500001,-4.360071553000012],[104.566887081,-4.359174483999993],[104.56768970899998,-4.3691429979999725],[104.56553482999999,-4.370554100999982],[104.56323017800003,-4.389583806000019],[104.57236243300002,-4.3890359609999905],[104.57851864000003,-4.387537146],[104.58027406600002,-4.386865091000004],[104.581118135,-4.384415864000005],[104.584572509,-4.381167247999997],[104.59337138799998,-4.3799218849999875],[104.59707760700002,-4.381279140000004],[104.60177363100001,-4.385523669000008],[104.597772712,-4.336506368000016],[104.592756598,-4.307019047999972]]]},"properties":{"NAMOBJ":"Bumi Agung","WADMKC":"Bumi Agung","KDCPUM":"18.08.14"}},{"type":"Feature","geometry":{"type":"Polygon","coordinates":[[[104.58608352099998,-4.6004687070000045],[104.58261392499998,-4.597954916999981],[104.58028681299999,-4.599691925000002],[104.57979188500002,-4.59836418499998],[104.580053625,-4.596708079999985],[104.579630081,-4.59608466100002],[104.57776458400002,-4.594918725000014],[104.57521856099999,-4.595889544999977],[104.57574680099998,-4.593881279000016],[104.57225851099997,-4.591744523999978],[104.569070033,-4.591815908000001],[104.56759952599998,-4.593053227999974],[104.566823823,-4.588836823000008],[104.56464899500003,-4.589726740999993],[104.564410017,-4.589185733000022],[104.56428434200001,-4.58603072599999],[104.56534796199998,-4.585238365000009],[104.56426292600003,-4.584767231000001],[104.56427006500002,-4.581869046999998],[104.56328529199999,-4.5811362869999925],[104.563671908,-4.5834036420000075],[104.562158571,-4.584441087000016],[104.56391937199999,-4.586106710000024],[104.56306276599997,-4.587601011000004],[104.56347096000002,-4.589628090000019],[104.56172294499999,-4.592891819999977],[104.56071162500001,-4.592824178000001],[104.560996934,-4.594337076999977],[104.55843844700001,-4.596700322999993],[104.55858078699998,-4.5979642049999825],[104.55726376299998,-4.5985091160000025],[104.556833622,-4.599821659999975],[104.55754944400002,-4.6109259219999785],[104.55632703600003,-4.614115947000016],[104.55628103200002,-4.617824731999974],[104.55771957799999,-4.618859837999992],[104.56197345999999,-4.617420455000001],[104.56624657499998,-4.605386845999988],[104.56308379799998,-4.603243900999985],[104.562879608,-4.601375169999983],[104.56472264199999,-4.589821170999983],[104.56676659599998,-4.588949054000011],[104.56757561299997,-4.5933367800000156],[104.568972111,-4.5919821680000155],[104.572239357,-4.591861514000016],[104.57571337000002,-4.594003029000021],[104.57499001299999,-4.59600177599998],[104.57777874200002,-4.59501192099998],[104.57976797100002,-4.596420562999981],[104.57965375700002,-4.59832412999998],[104.58014868499998,-4.5997708429999875],[104.58138600500001,-4.599637592000022],[104.582532905,-4.598025507999978],[104.586209489,-4.6007479579999995],[104.58422328400002,-4.6034469130000275],[104.57441193199998,-4.606124329000011],[104.57225707399999,-4.608070005999991],[104.576463961,-4.611896178999984],[104.57652527099998,-4.612837257000024],[104.57156290500001,-4.608445960999973],[104.568518385,-4.611847400999977],[104.565710621,-4.611057419000019],[104.561974867,-4.619380773999978],[104.55986904399998,-4.623057040999981],[104.558133134,-4.624438398999985],[104.56252000699999,-4.625593980000019],[104.56527625199999,-4.624771726000006],[104.56714775699999,-4.625796090999984],[104.56912400499999,-4.623758565999992],[104.57245365,-4.624605298000006],[104.57349372599998,-4.624143772000025],[104.57403562100001,-4.628547700000013],[104.573505496,-4.629524819999972],[104.57503032099999,-4.632778492999989],[104.56826137399997,-4.635874606000016],[104.572596718,-4.642317138999999],[104.574474495,-4.6436048080000205],[104.57468207400001,-4.6455197729999895],[104.57544732399998,-4.645903724999982],[104.578861625,-4.640774260000001],[104.58022396400003,-4.6407621449999965],[104.58284546599998,-4.638784550000025],[104.58786828900003,-4.640895220999994],[104.58995902700002,-4.63707986999998],[104.59424097599998,-4.63927488600001],[104.59458271599999,-4.63797712600001],[104.59731132600001,-4.6399166310000055],[104.60074694600002,-4.63950607999999],[104.60250376099998,-4.644127133999973],[104.60353977800003,-4.640229273999978],[104.60571914399998,-4.63637750700002],[104.611283528,-4.629257678999977],[104.61694016199999,-4.634505124999976],[104.61733203,-4.633436642999982],[104.617362109,-4.624290589999987],[104.61600672100002,-4.617294458999993],[104.613658214,-4.61389587299999],[104.61485804400002,-4.614655414000026],[104.61495914199998,-4.613958308000008],[104.61293089700001,-4.613068770999973],[104.61077250599999,-4.609319282000001],[104.61247931000003,-4.607722556999988],[104.612555896,-4.604891264000003],[104.61049592400002,-4.602264042000002],[104.60529768399999,-4.600950338000018],[104.604144485,-4.59914627500001],[104.60133931399997,-4.597762491000026],[104.598906005,-4.598450679999985],[104.59962096499999,-4.600655786000004],[104.597580456,-4.60212231600002],[104.595884823,-4.6021077890000015],[104.59225196,-4.6042094520000205],[104.591166886,-4.603766022000002],[104.59176065000003,-4.60283255500002],[104.59108858600001,-4.601783791000003],[104.58831744000003,-4.603119460000016],[104.58608352099998,-4.6004687070000045]]]},"properties":{"NAMOBJ":"Gedung Batin","WADMKC":"Umpu Semenguk","KDCPUM":"18.08.15"}},{"type":"Feature","geometry":{"type":"Polygon","coordinates":[[[104.62285059200002,-4.240407791999985],[104.622443583,-4.238731372000018],[104.62568565100003,-4.238778291000017],[104.627319565,-4.236208400999999],[104.62674395699997,-4.235066367999991],[104.62555478899998,-4.234870692000015],[104.62540457699998,-4.2313258159999805],[104.62267532999999,-4.231426856999974],[104.62115053000002,-4.225579917000005],[104.62340993200002,-4.222825823999983],[104.62672610200002,-4.221384138000019],[104.62813094299997,-4.219819366000024],[104.62628309399997,-4.218837289000021],[104.62477584800001,-4.216466760999992],[104.62427791300001,-4.213355014000001],[104.62348442000001,-4.214582772000028],[104.62106988599999,-4.213937241999986],[104.61976493499998,-4.215449037999974],[104.61752787500001,-4.21532821400001],[104.61785636600001,-4.216296080999996],[104.616029992,-4.217229334000024],[104.61568752099998,-4.2190420979999885],[104.61451799100001,-4.2192236980000075],[104.61388384000003,-4.218452366999998],[104.61386590699999,-4.2199336689999996],[104.61291716199997,-4.219746246999989],[104.61094275800002,-4.221396836999986],[104.610226264,-4.221644751999975],[104.61019168500002,-4.220824893999975],[104.60924061600002,-4.2205445949999785],[104.60698849800002,-4.223697774000016],[104.60855103900002,-4.225053059999993],[104.60813821099998,-4.226389478999977],[104.60905795299999,-4.226476274999982],[104.60849034,-4.227840000000015],[104.60720407500003,-4.227796477000027],[104.60727228299999,-4.228969413000016],[104.604535903,-4.230376304999993],[104.60380113100001,-4.2328119530000095],[104.60101186899999,-4.2318350049999935],[104.59910466399998,-4.233148550999999],[104.600385072,-4.238301736999972],[104.60567985400002,-4.242514417999985],[104.60885486799998,-4.242515231000027],[104.61073683500001,-4.2433580069999834],[104.61002108500003,-4.2443438029999925],[104.610439246,-4.247245040999985],[104.60919628200003,-4.247749407000015],[104.60814443700002,-4.2500214190000065],[104.61940592299999,-4.252164519000019],[104.620332362,-4.245870242000024],[104.62285059200002,-4.240407791999985]]]},"properties":{"NAMOBJ":"Bumi Agung Wates","WADMKC":"Bahuga","KDCPUM":"18.08.05"}},{"type":"Feature","geometry":{"type":"Polygon","coordinates":[[[104.52811051499998,-4.686967551000009],[104.50981253600003,-4.685936880999975],[104.51157358199998,-4.687910342000009],[104.51131604599999,-4.6903419989999975],[104.51285134099999,-4.691827057000012],[104.51232538699998,-4.693444714999998],[104.51618281200001,-4.698445085000003],[104.51749929599998,-4.699001296000006],[104.51791688399999,-4.700812886999984],[104.51554102,-4.700565502000018],[104.51491214599997,-4.699215116000005],[104.51308064099999,-4.698266003000015],[104.51302241000002,-4.699673355000016],[104.50924409599997,-4.698923924999974],[104.50922827599999,-4.701078085999995],[104.50657642499999,-4.69969275699998],[104.50584861499999,-4.699967496999989],[104.50647997300001,-4.701152738000019],[104.505370637,-4.701175886999977],[104.50082659999998,-4.699171263999972],[104.49490750000001,-4.698464359000013],[104.49330156399998,-4.7000728119999735],[104.49874358900001,-4.7030237719999946],[104.50226746700002,-4.709867228000007],[104.52658081999999,-4.717695483999989],[104.52580932900003,-4.7080609999999865],[104.53464886199998,-4.705963218000022],[104.54221856200002,-4.706541999000024],[104.541435385,-4.704320944000017],[104.53667228299997,-4.699594721999972],[104.536764903,-4.694751156999985],[104.53013785000002,-4.694054332999997],[104.52756239799999,-4.691892057000018],[104.52856778900002,-4.690170498999976],[104.52782407699999,-4.6895369659999915],[104.53013785000002,-4.688173491999976],[104.52811051499998,-4.686967551000009]]]},"properties":{"NAMOBJ":"Gedung Pakuon","WADMKC":"Umpu Semenguk","KDCPUM":"18.08.04"}},{"type":"Feature","geometry":{"type":"Polygon","coordinates":[[[104.630341999,-4.391325504000008],[104.62980886999998,-4.393994256999974],[104.62847512000002,-4.394261221000022],[104.62741476500003,-4.393859555000006],[104.62739957999997,-4.391955465000024],[104.625856467,-4.391807170999982],[104.62563693200002,-4.389963056999989],[104.62328556300002,-4.3896668309999995],[104.62328630100001,-4.388200040000015],[104.620784039,-4.38809672299999],[104.62049187299999,-4.392173258000014],[104.61637705200002,-4.3923355379999975],[104.61652169899997,-4.398146627000017],[104.61519784799998,-4.3982188670000255],[104.61494361799998,-4.396828239999991],[104.61327595,-4.3971698799999785],[104.613213395,-4.398881678999999],[104.61159670799998,-4.399102207999988],[104.61187911100001,-4.403076666000004],[104.608390514,-4.403328692000002],[104.61009017399999,-4.407459194000012],[104.61054098800003,-4.416953906999993],[104.61137470599999,-4.419653602999972],[104.62166048699999,-4.427573737999978],[104.63086801999998,-4.428776339000024],[104.64264651899998,-4.424932571999989],[104.64201673399998,-4.422682020000025],[104.63408431300002,-4.409690635000004],[104.638221445,-4.409953050000013],[104.63685527000001,-4.400406073999989],[104.639229656,-4.394100338999976],[104.63546606599999,-4.394084637999981],[104.630341999,-4.391325504000008]]]},"properties":{"NAMOBJ":"Gedung Harapan","WADMKC":"Negeri Agung","KDCPUM":"18.08.07"}},{"type":"Feature","geometry":{"type":"Polygon","coordinates":[[[104.55624483100001,-4.6875355060000174],[104.549766906,-4.687229462000005],[104.54899847000002,-4.6880549229999815],[104.54703194500001,-4.691182036999976],[104.54697155100001,-4.692736914000022],[104.54700242500002,-4.6963589520000255],[104.54822276800002,-4.697765919000005],[104.54761678199998,-4.698440769999991],[104.54896347900001,-4.707305077000001],[104.55627926099999,-4.707458787999997],[104.556442489,-4.705859142000008],[104.55771567900001,-4.705924433999996],[104.55856446899998,-4.707099684000013],[104.560425281,-4.706414121000023],[104.56075173900001,-4.702921016999994],[104.55957002399998,-4.699106620000009],[104.55996763500002,-4.687478649000013],[104.55624483100001,-4.6875355060000174]]]},"properties":{"NAMOBJ":"Bumi Merapi","WADMKC":"Baradatu","KDCPUM":"18.08.04"}},{"type":"Feature","geometry":{"type":"Polygon","coordinates":[[[104.56365890400002,-4.411888389000012],[104.55032210000002,-4.405677215000026],[104.53009668200002,-4.417277087999992],[104.53060588599999,-4.420069384999977],[104.529164095,-4.446979057000021],[104.528088019,-4.449625559000026],[104.52891856500003,-4.458035429000006],[104.528043056,-4.460987222000028],[104.51510277800003,-4.46815944399998],[104.51000194400001,-4.478611111000021],[104.50993839400002,-4.4805713260000175],[104.511311342,-4.481499315000008],[104.51109481600002,-4.485067776999983],[104.512088215,-4.4870133239999745],[104.506516745,-4.49767269900002],[104.50906659200001,-4.498816458000022],[104.507416337,-4.501258056999973],[104.50715078899998,-4.504139109999983],[104.50861844100001,-4.505898006999985],[104.50525858499998,-4.508310666999989],[104.50871242,-4.51715502899998],[104.50481276900001,-4.518776677000005],[104.503515924,-4.51982708700001],[104.503621097,-4.521241438000004],[104.50257175500002,-4.521557906999988],[104.49824423199999,-4.520835095999985],[104.49616934199997,-4.518681684000001],[104.48910765900001,-4.520434016000024],[104.489765089,-4.520751141999995],[104.48850749299999,-4.521574481000016],[104.48902509599998,-4.523160831999974],[104.49173566299999,-4.524934631000008],[104.49148506699999,-4.526648213999977],[104.49339131300002,-4.528030571999977],[104.49338355499998,-4.5286342059999924],[104.49257832299998,-4.5283480190000205],[104.49268178400001,-4.529352195999991],[104.49596563699998,-4.530741406999994],[104.49741130799998,-4.53413900999999],[104.49654506299999,-4.5363571639999805],[104.49717802499998,-4.537551646999987],[104.49564297799998,-4.538136811000015],[104.496533677,-4.538946677000013],[104.49478996300002,-4.540590275999989],[104.49401106099998,-4.547163978000015],[104.49295511899999,-4.547949754000001],[104.49259253299999,-4.551249867000024],[104.49182164799998,-4.551042774999985],[104.492201706,-4.553779782999982],[104.49339295300001,-4.554110852999997],[104.494130628,-4.5559607889999825],[104.493468135,-4.555849105999982],[104.493469457,-4.55665220100002],[104.49421085900002,-4.556541035999999],[104.49465591,-4.558069909999972],[104.49284975699999,-4.559394184999974],[104.49463037200002,-4.560920443999976],[104.49368502800002,-4.561323292999987],[104.494572264,-4.5626463009999725],[104.49413538900001,-4.564257843999997],[104.49624950499998,-4.567332469999997],[104.497873927,-4.568684341999983],[104.50072794800002,-4.569174368000006],[104.50148176099998,-4.568138826999984],[104.50487404299997,-4.567431917000022],[104.50722566399998,-4.567920897000022],[104.50916730400002,-4.567155662999994],[104.51005056000002,-4.567738154999972],[104.53382380400001,-4.564926467000021],[104.53262418499997,-4.570137461000002],[104.53350880300002,-4.5700378650000175],[104.53467407,-4.568040015000008],[104.535196058,-4.568614803999992],[104.53813094499998,-4.566907710999999],[104.54044817599998,-4.567241631000002],[104.54168121800001,-4.567947195999977],[104.54246812399998,-4.570009275000018],[104.54577309799998,-4.571476227000005],[104.55085760600002,-4.575576088999981],[104.55212658800002,-4.575509865000015],[104.55930776899999,-4.58065302],[104.56075615200001,-4.578841004000026],[104.56328529199999,-4.5811362869999925],[104.56451261000001,-4.581420182999977],[104.56538575899998,-4.583090491999997],[104.56949741,-4.58306546],[104.56737117,-4.584932935999973],[104.565548277,-4.585073415000011],[104.56495543900002,-4.586429415999987],[104.56609089199998,-4.586846213000001],[104.56729014000001,-4.585475643999985],[104.56974574399999,-4.585608894000018],[104.57145895600001,-4.582334754999977],[104.575018629,-4.579745902000013],[104.57545644999999,-4.577994617999991],[104.57680798500002,-4.576814405999983],[104.57697930500001,-4.574187481000024],[104.57802626799997,-4.5717699479999965],[104.57882576700001,-4.5716557339999895],[104.57954912299999,-4.567505954000012],[104.58181437000002,-4.563698816999988],[104.58365057200001,-4.5582464209999785],[104.60318840000002,-4.5635487480000165],[104.60158620700003,-4.557984862000012],[104.59568388999998,-4.5522972539999955],[104.60146007600002,-4.540896786000019],[104.59831645899999,-4.530306857000028],[104.59995828699999,-4.526696024999978],[104.601475193,-4.526041673999998],[104.60254595100002,-4.5231268339999815],[104.60631263800002,-4.521860962000005],[104.60728345799998,-4.519291142999975],[104.612358846,-4.518356014999995],[104.61462308,-4.51920828599998],[104.61677040299998,-4.517478675999996],[104.618167379,-4.513430614000015],[104.61862728599999,-4.505351535999978],[104.62207678499999,-4.491636357000004],[104.62197823499997,-4.482016604000023],[104.626173,-4.471503322999979],[104.63076170800002,-4.45332584800002],[104.630123217,-4.449970828999994],[104.62584766999998,-4.444988946000024],[104.62188517200002,-4.442038678000017],[104.62228424400001,-4.440023951000001],[104.61595938599999,-4.436581487000012],[104.59049464399999,-4.424072045000003],[104.56978857500002,-4.4153965300000095],[104.569074736,-4.414349567999977],[104.56365890400002,-4.411888389000012]],[[104.51372888399999,-4.4850161499999786],[104.51887407200002,-4.486085003000028],[104.51713801699998,-4.487906719000023],[104.52055143299998,-4.490762071999995],[104.521474705,-4.495313467000017],[104.519539291,-4.496205891999978],[104.51938290800001,-4.498022219999996],[104.51550295999999,-4.49812179700001],[104.51495282000002,-4.502490781000006],[104.51260960500002,-4.503529790000016],[104.51221221999998,-4.500656591999984],[104.51347700100001,-4.497712819000014],[104.51262562900001,-4.496458207999979],[104.513166243,-4.4956644200000255],[104.50966849000002,-4.492898920000016],[104.51131769800003,-4.491653594000013],[104.510986989,-4.490579062999984],[104.51372888399999,-4.4850161499999786]]]},"properties":{"NAMOBJ":"Blambangan Umpu","WADMKC":"Blambangan Umpu","KDCPUM":"18.08.01"}},{"type":"Feature","geometry":{"type":"Polygon","coordinates":[[[104.541919221,-4.849200790999987],[104.54157250899999,-4.8405731550000155],[104.533252904,-4.839585768000006],[104.52332690700001,-4.8401177480000115],[104.522192534,-4.8421301320000225],[104.51948217500001,-4.85456701999999],[104.51278084400002,-4.858108570000013],[104.50608236900001,-4.85763706900002],[104.50295679200002,-4.859252446000028],[104.50091193399999,-4.87376105200002],[104.505438964,-4.879062389000012],[104.51126861799997,-4.873601254999983],[104.51163935599999,-4.868316371999981],[104.52083135800001,-4.861344300999974],[104.53059470099998,-4.859835751999981],[104.54299511300002,-4.8551560640000275],[104.54388704299998,-4.852502895999976],[104.541919221,-4.849200790999987]]]},"properties":{"NAMOBJ":"Campang Lapan","WADMKC":"Banjit","KDCPUM":"18.08.03"}},{"type":"Feature","geometry":{"type":"Polygon","coordinates":[[[104.625004273,-4.311411270000008],[104.61706850500002,-4.307445062999989],[104.60589693499998,-4.305517699000006],[104.60620626500003,-4.319116317999999],[104.62136338300002,-4.318904208999982],[104.61703495400002,-4.327795379999998],[104.616559736,-4.333472160999975],[104.61999742500001,-4.340439780999986],[104.622297549,-4.342500899000015],[104.62306712499998,-4.337723306999976],[104.62468516000001,-4.335201077000022],[104.62582730100002,-4.334915543000022],[104.63172836400003,-4.333868580000001],[104.63439336099998,-4.337247414999979],[104.63858121200002,-4.338008842000022],[104.64057995899998,-4.334106526000028],[104.65166824699998,-4.33377340200002],[104.654368955,-4.335779575999993],[104.653828137,-4.3335630380000225],[104.65011890599999,-4.327940967000018],[104.64992563499999,-4.325610111000003],[104.64702745099999,-4.324277017999975],[104.646637704,-4.323289595000006],[104.646928564,-4.321538599000007],[104.64509637999998,-4.316494143],[104.64118434099998,-4.311739988999989],[104.62716931599999,-4.312227779000011],[104.625004273,-4.311411270000008]]]},"properties":{"NAMOBJ":"Dewa Agung","WADMKC":"Bahuga","KDCPUM":"18.08.05"}},{"type":"Feature","geometry":{"type":"Polygon","coordinates":[[[104.54549197300003,-4.672903646000009],[104.53748258299998,-4.672374042999991],[104.529187551,-4.669539353000005],[104.528251023,-4.670462107999981],[104.52442228000001,-4.671136959000023],[104.52555672199998,-4.673720092999986],[104.52449114199999,-4.6748830679999855],[104.525345034,-4.6763980389999915],[104.52479529300001,-4.679311826999992],[104.52728695100001,-4.680681273999994],[104.52575820599998,-4.681562711000026],[104.52545521399998,-4.68299504700002],[104.52563425599999,-4.683752532000028],[104.52779653099998,-4.684234568000022],[104.52811051499998,-4.686967551000009],[104.53013785000002,-4.688173491999976],[104.52782407699999,-4.6895369659999915],[104.52856778900002,-4.690170498999976],[104.52756239799999,-4.691892057000018],[104.53013785000002,-4.694054332999997],[104.536764903,-4.694751156999985],[104.53667228299997,-4.699594721999972],[104.541435385,-4.704320944000017],[104.54221856200002,-4.706541999000024],[104.54057843099997,-4.709144363000007],[104.54074982100002,-4.711592801999984],[104.539574571,-4.7120090359999836],[104.54180265000002,-4.712425269999983],[104.54174656999999,-4.717958049999993],[104.54639872400003,-4.7185998200000085],[104.546114961,-4.715089236999972],[104.54896347900001,-4.707305077000001],[104.54761678199998,-4.698440769999991],[104.54822276800002,-4.697765919000005],[104.54700242500002,-4.6963589520000255],[104.54697155100001,-4.692736914000022],[104.54703194500001,-4.691182036999976],[104.54899847000002,-4.6880549229999815],[104.54712541499998,-4.6819124080000165],[104.546623485,-4.6749381569999855],[104.54549197300003,-4.672903646000009]]]},"properties":{"NAMOBJ":"Cugah","WADMKC":"Baradatu","KDCPUM":"18.08.04"}},{"type":"Feature","geometry":{"type":"Polygon","coordinates":[[[104.50226746700002,-4.709867228000007],[104.49874358900001,-4.7030237719999946],[104.49330156399998,-4.7000728119999735],[104.47777021899998,-4.703358250000008],[104.47825703299998,-4.704203162999988],[104.47726247700001,-4.706264825000005],[104.479390223,-4.70876795800001],[104.479605692,-4.714154780000001],[104.48136029900002,-4.715895715999977],[104.47984282300001,-4.71715672800002],[104.48184541199998,-4.718794935999995],[104.48068978399999,-4.724030206999998],[104.48324692400001,-4.726732688000027],[104.48316128300002,-4.728075305999994],[104.484978017,-4.728879190999976],[104.48733818800002,-4.728271915999983],[104.49506555300002,-4.724856397999986],[104.50181002900001,-4.7254518560000065],[104.503972261,-4.72473022600002],[104.504635135,-4.723201602000017],[104.50301710000002,-4.7202510700000175],[104.50444477799999,-4.718937607999976],[104.50457802699998,-4.717643181000028],[104.50226746700002,-4.709867228000007]]]},"properties":{"NAMOBJ":"Donomulyo","WADMKC":"Banjit","KDCPUM":"18.08.03"}},{"type":"Feature","geometry":{"type":"Polygon","coordinates":[[[104.52658081999999,-4.717695483999989],[104.50226746700002,-4.709867228000007],[104.50457802699998,-4.717643181000028],[104.50444477799999,-4.718937607999976],[104.50301710000002,-4.7202510700000175],[104.504635135,-4.723201602000017],[104.503972261,-4.72473022600002],[104.50625075599999,-4.726685030999988],[104.51152208000002,-4.726389987000005],[104.51739234899998,-4.728064710000012],[104.533660833,-4.728079266000009],[104.53415342699998,-4.720851933999995],[104.53393293699997,-4.716730816999984],[104.52658081999999,-4.717695483999989]]]},"properties":{"NAMOBJ":"Gedung Rejo","WADMKC":"Baradatu","KDCPUM":"18.08.04"}},{"type":"Feature","geometry":{"type":"Polygon","coordinates":[[[104.75003805699998,-4.506097533000002],[104.713299178,-4.501041179000026],[104.70908546700002,-4.495644621999986],[104.708639129,-4.501487402999999],[104.72098881300002,-4.512453117999996],[104.72249812299998,-4.516338643999973],[104.721053977,-4.531064463000007],[104.71636988300003,-4.531640879000008],[104.71672928100003,-4.536779363999983],[104.72478121300003,-4.53405350700001],[104.72622842300001,-4.535145856999975],[104.72823154899999,-4.5336533999999915],[104.73431000199997,-4.534497723000015],[104.741005056,-4.533301365999989],[104.75096903899998,-4.533548762999999],[104.756549301,-4.530325656999992],[104.75731051499997,-4.514276053000003],[104.75033270300003,-4.514785571999994],[104.75003805699998,-4.506097533000002]]]},"properties":{"NAMOBJ":"Bakti Negara","WADMKC":"Pakuan Ratu","KDCPUM":"18.08.06"}},{"type":"Feature","geometry":{"type":"Polygon","coordinates":[[[104.54585456400002,-4.604387502000009],[104.54076911300001,-4.603821611000001],[104.54132980499998,-4.599550136999994],[104.537176316,-4.594584037999994],[104.525497825,-4.597613863999982],[104.52935983700002,-4.60155314299999],[104.53044328200002,-4.608563358000026],[104.52526698700001,-4.617702797999982],[104.51729337799998,-4.627160452999988],[104.511922288,-4.635207365999975],[104.50819460899999,-4.638378272000011],[104.50887823800002,-4.643555225],[104.513207566,-4.641852840000013],[104.522232025,-4.640718090000007],[104.52924090200003,-4.638291709999976],[104.53887042600002,-4.637230104000025],[104.54571885899998,-4.634297987000025],[104.54833126199998,-4.634225829999991],[104.54871733800002,-4.633020540000018],[104.55063942700002,-4.632492969999987],[104.55114435799999,-4.630655144000002],[104.54877977400002,-4.627641524000012],[104.54593133999998,-4.627115462000006],[104.54589478700001,-4.625408121000021],[104.545171391,-4.624943455999983],[104.54537142800001,-4.621195942999975],[104.54809689000001,-4.620174054000017],[104.548098713,-4.619548521000013],[104.54477487600002,-4.61942598600001],[104.54122331999997,-4.614036646999978],[104.54121512500001,-4.611939898999992],[104.54224563499997,-4.611873546000027],[104.54585456400002,-4.604387502000009]]]},"properties":{"NAMOBJ":"Bumi Ratu","WADMKC":"Umpu Semenguk","KDCPUM":"18.08.15"}},{"type":"Feature","geometry":{"type":"Polygon","coordinates":[[[104.588940922,-4.259126501000026],[104.58740867900002,-4.255959096000026],[104.58897951699998,-4.246754086999999],[104.58748261199997,-4.243469571999981],[104.58804616100002,-4.241091171999983],[104.584858333,-4.243224999999995],[104.569234693,-4.24877501200001],[104.57472235199998,-4.253611998999986],[104.578023557,-4.255173504000027],[104.57865411300003,-4.256398925999974],[104.57859951500001,-4.26050184799999],[104.57399269299998,-4.262344383000027],[104.56411885199998,-4.261938640999972],[104.564095382,-4.264901038000005],[104.57016133000002,-4.268349295999997],[104.57051468600002,-4.270831551000015],[104.571629616,-4.27218564399999],[104.57205555799999,-4.273676987999977],[104.573424058,-4.273300912000025],[104.572919851,-4.266831781999997],[104.574975704,-4.266403479000019],[104.57854079499998,-4.2623322869999924],[104.58354599400002,-4.261936725999988],[104.58927325000002,-4.264379517999998],[104.59007513,-4.268160482999974],[104.58894805800003,-4.2697888270000135],[104.58857924099999,-4.277215422999973],[104.58510522799997,-4.281522246999998],[104.58060804799999,-4.282616800000028],[104.57890911200002,-4.2837970119999795],[104.575397028,-4.27800064500002],[104.574794628,-4.274005231999979],[104.572372524,-4.2742314640000245],[104.57142232400003,-4.293633231000001],[104.57553857699997,-4.307451448999984],[104.57556249700002,-4.312750031000007],[104.57706725000003,-4.317495361999988],[104.59168539500001,-4.305971208000017],[104.592756598,-4.307019047999972],[104.59484914000001,-4.3073395320000145],[104.59890837900002,-4.305425852999974],[104.601763893,-4.3031923799999845],[104.603742813,-4.299842620999982],[104.59751889199998,-4.291661326999986],[104.59579129100001,-4.282040333999987],[104.59577252899999,-4.279903008000019],[104.596829012,-4.279546089000007],[104.59667196700002,-4.276176771999985],[104.594606596,-4.275186915999996],[104.588940922,-4.259126501000026]]]},"properties":{"NAMOBJ":"Bumiharjo","WADMKC":"Buay Bahuga","KDCPUM":"18.08.13"}},{"type":"Feature","geometry":{"type":"Polygon","coordinates":[[[104.48234814400001,-4.326691566000022],[104.47949887200002,-4.327298098000028],[104.47208685099997,-4.326429594999979],[104.46789661899999,-4.329234978999978],[104.45886418600003,-4.33048181700002],[104.45374073099998,-4.329223558000024],[104.45095676099999,-4.327496069000006],[104.44774448800001,-4.3270820430000185],[104.44418615699999,-4.324720169999978],[104.441852928,-4.333830337999984],[104.43881375699999,-4.33614652],[104.437744764,-4.342197582999972],[104.440281309,-4.344195602000013],[104.44070961199998,-4.345470992999992],[104.44575406899997,-4.348730855999975],[104.450483249,-4.356327282999985],[104.459796052,-4.361240711999983],[104.472138078,-4.3634707379999895],[104.46857053600002,-4.369784202999995],[104.47213744599998,-4.372118729000022],[104.474022601,-4.369926484000018],[104.480587534,-4.367360237000014],[104.49118719799998,-4.367208764999987],[104.49228190999997,-4.355738233000011],[104.49428050400002,-4.353375958000015],[104.49651903400002,-4.352627064999979],[104.49375909399998,-4.356109305000018],[104.49608769299999,-4.362225163000005],[104.49744750600001,-4.363348492],[104.49792393899997,-4.35765557000002],[104.49742114899999,-4.355224915999997],[104.49590881900002,-4.353907481000022],[104.49863312000002,-4.348769894999975],[104.49784802599999,-4.3462348250000105],[104.49898653499997,-4.341096975000028],[104.49803475099998,-4.33472002000002],[104.492514401,-4.328723777999983],[104.48628021299999,-4.326772619999986],[104.48234814400001,-4.326691566000022]]]},"properties":{"NAMOBJ":"Pisang Baru","WADMKC":"Bumi Agung","KDCPUM":"18.08.14"}},{"type":"Feature","geometry":{"type":"Polygon","coordinates":[[[105.01463379400002,-4.465310214999988],[105.01505562,-4.4649571890000175],[105.01310890399998,-4.463250080000023],[105.01130289299999,-4.459802240999977],[105.01042249300002,-4.456280639999989],[105.01011639900003,-4.450527275000013],[105.00866169099999,-4.446096545999978],[105.00859030700002,-4.443978825999977],[105.01090433399997,-4.438000429999988],[105.013909641,-4.434236892000001],[105.015782511,-4.42743337600001],[105.017914792,-4.423734345000014],[105.00312057299999,-4.424676920000024],[104.97532825100001,-4.436016841000026],[104.96001641700002,-4.455160663000015],[104.96094677000002,-4.455067337000003],[104.96141615599998,-4.456637979999982],[104.96672076099998,-4.458934898999985],[104.98561111100003,-4.446138888999997],[105.009527778,-4.44941666699998],[105.008361111,-4.46444444399998],[105.01463379400002,-4.465310214999988]]]},"properties":{"NAMOBJ":"Kali Awi Indah","WADMKC":"Negeri Besar","KDCPUM":"18.08.12"}},{"type":"Feature","geometry":{"type":"Polygon","coordinates":[[[104.77039826200001,-4.318893132000028],[104.760696446,-4.31625045200002],[104.74284988800002,-4.3177807280000025],[104.74224289699998,-4.317826907999972],[104.74295705200001,-4.3297792829999935],[104.74158534600002,-4.339190013999996],[104.740005763,-4.341719360000013],[104.73993366299999,-4.355630350000013],[104.74066352599999,-4.367879621999975],[104.747919513,-4.368871258000013],[104.76207870399998,-4.368416613000022],[104.76703717100003,-4.367088238999997],[104.76723807299999,-4.365231875000006],[104.768546635,-4.354723590999981],[104.771257548,-4.345115931999999],[104.769827153,-4.341116790000001],[104.77113426599999,-4.334119102999978],[104.77039826200001,-4.318893132000028]]]},"properties":{"NAMOBJ":"Gunung Waras","WADMKC":"Pakuan Ratu","KDCPUM":"18.08.06"}},{"type":"Feature","geometry":{"type":"Polygon","coordinates":[[[104.48910765900001,-4.520434016000024],[104.48745617399999,-4.5204148720000035],[104.47922392100003,-4.525301018999983],[104.47904546000001,-4.526485990000026],[104.47766061599998,-4.526935707999996],[104.472043859,-4.532882754000013],[104.460683002,-4.524464776000002],[104.459398094,-4.52478600500001],[104.45803365199998,-4.527700690000017],[104.457542881,-4.532134036999992],[104.455801495,-4.535044400000004],[104.45230279999998,-4.537051226000017],[104.45177651400002,-4.538340779000009],[104.450834912,-4.5383314160000054],[104.45141667500002,-4.5394533769999725],[104.449753816,-4.539054179999994],[104.45006165500001,-4.53996403299999],[104.449001597,-4.540257311000005],[104.44929848499999,-4.541305980999994],[104.44827675099998,-4.542776375000017],[104.44501616100001,-4.543916043000024],[104.43903846500001,-4.54339706899998],[104.438269677,-4.5450719639999875],[104.43775634500003,-4.544352853000021],[104.43622494300001,-4.544966217000024],[104.43519652499998,-4.549077302000001],[104.433864234,-4.550657538999985],[104.434723184,-4.551987097999984],[104.43393198199999,-4.553340364999997],[104.43452751400002,-4.556015263000006],[104.432401744,-4.558243500999993],[104.431488172,-4.5585103689999755],[104.43139059800001,-4.557868998000004],[104.43088703699999,-4.559018927000011],[104.42965158099997,-4.559360893000019],[104.42491629699998,-4.559230495000008],[104.42341850000003,-4.561398340999972],[104.422154756,-4.562173449999989],[104.42148925999999,-4.561764745999994],[104.42119250299999,-4.5631073189999825],[104.415793608,-4.562839859000007],[104.41316239600002,-4.565098120000016],[104.405919316,-4.5639559790000135],[104.400091857,-4.5649820030000114],[104.39825350699999,-4.564571581999985],[104.39934803599999,-4.566019899000025],[104.40138968899998,-4.566770635000012],[104.40045574200002,-4.568439103999992],[104.40060247299999,-4.571175670999992],[104.40136177300002,-4.572004218000018],[104.40054351499998,-4.573725803000002],[104.40085110799998,-4.575180197999998],[104.40274579499999,-4.575753142999986],[104.40386918500002,-4.577450682000006],[104.40358171100002,-4.5789631289999875],[104.40723921699998,-4.58293818300001],[104.410440209,-4.5826319290000015],[104.41250467499998,-4.580390299999976],[104.41401432499998,-4.582183380000004],[104.416421845,-4.578913213000021],[104.420200056,-4.578343442000005],[104.42203098599998,-4.576364113000011],[104.42491528699998,-4.574906666000004],[104.42545089100003,-4.575351666000017],[104.42391740199997,-4.576979613999981],[104.42707997299999,-4.5791464509999855],[104.42875771500002,-4.578704832000028],[104.426649903,-4.577511397000023],[104.42641566999998,-4.576176311999973],[104.43005391700001,-4.575665327000024],[104.42953487400001,-4.578801234000025],[104.43150425699997,-4.579315737000002],[104.436030802,-4.57704378699998],[104.44039516700002,-4.576471923999975],[104.44125584,-4.574532868000006],[104.44895997999998,-4.576787266999986],[104.45020191399999,-4.578101576999984],[104.45256729699997,-4.577226123000003],[104.45217093600002,-4.578677302000017],[104.453645102,-4.578899776000014],[104.45807678400001,-4.575786349999987],[104.45922229799999,-4.576192575999983],[104.46135377799999,-4.572952054999973],[104.462960178,-4.574103069999978],[104.47074317200003,-4.571690251999996],[104.47013878000001,-4.571002779000025],[104.471204161,-4.568647037000005],[104.49624950499998,-4.567332469999997],[104.49413538900001,-4.564257843999997],[104.494572264,-4.5626463009999725],[104.49368502800002,-4.561323292999987],[104.49463037200002,-4.560920443999976],[104.49284975699999,-4.559394184999974],[104.49465591,-4.558069909999972],[104.49421085900002,-4.556541035999999],[104.493469457,-4.55665220100002],[104.493468135,-4.555849105999982],[104.494130628,-4.5559607889999825],[104.49339295300001,-4.554110852999997],[104.492201706,-4.553779782999982],[104.49182164799998,-4.551042774999985],[104.49259253299999,-4.551249867000024],[104.49295511899999,-4.547949754000001],[104.49401106099998,-4.547163978000015],[104.49478996300002,-4.540590275999989],[104.496533677,-4.538946677000013],[104.49564297799998,-4.538136811000015],[104.49717802499998,-4.537551646999987],[104.49654506299999,-4.5363571639999805],[104.49741130799998,-4.53413900999999],[104.49596563699998,-4.530741406999994],[104.49268178400001,-4.529352195999991],[104.49257832299998,-4.5283480190000205],[104.49338355499998,-4.5286342059999924],[104.49339131300002,-4.528030571999977],[104.49148506699999,-4.526648213999977],[104.49173566299999,-4.524934631000008],[104.48902509599998,-4.523160831999974],[104.48850749299999,-4.521574481000016],[104.489765089,-4.520751141999995],[104.48910765900001,-4.520434016000024]]]},"properties":{"NAMOBJ":"Karang Umpu","WADMKC":"Blambangan Umpu","KDCPUM":"18.08.01"}},{"type":"Feature","geometry":{"type":"Polygon","coordinates":[[[104.625004273,-4.311411270000008],[104.623369561,-4.301170683999999],[104.62029600400001,-4.297135041999979],[104.61386363100002,-4.293821637999997],[104.60975757199998,-4.2903221419999795],[104.603742813,-4.299842620999982],[104.601763893,-4.3031923799999845],[104.59890837900002,-4.305425852999974],[104.59484914000001,-4.3073395320000145],[104.592756598,-4.307019047999972],[104.597772712,-4.336506368000016],[104.60177363100001,-4.385523669000008],[104.60261836400002,-4.389107579999973],[104.60519051400001,-4.390213464999988],[104.60403770200003,-4.390794835000008],[104.604804151,-4.391668336000009],[104.60689084500001,-4.398440877999974],[104.608390514,-4.403328692000002],[104.61187911100001,-4.403076666000004],[104.61159670799998,-4.399102207999988],[104.613213395,-4.398881678999999],[104.61327595,-4.3971698799999785],[104.61494361799998,-4.396828239999991],[104.61519784799998,-4.3982188670000255],[104.61652169899997,-4.398146627000017],[104.61637705200002,-4.3923355379999975],[104.62049187299999,-4.392173258000014],[104.620784039,-4.38809672299999],[104.61467243200002,-4.385045142000024],[104.61140800099997,-4.3816051960000095],[104.62137098300002,-4.3758775809999975],[104.630124647,-4.358653199000003],[104.624668698,-4.359361691999993],[104.62603892499999,-4.355299434000017],[104.626427417,-4.348016943999994],[104.622297549,-4.342500899000015],[104.61999742500001,-4.340439780999986],[104.616559736,-4.333472160999975],[104.61703495400002,-4.327795379999998],[104.62136338300002,-4.318904208999982],[104.60620626500003,-4.319116317999999],[104.60589693499998,-4.305517699000006],[104.61706850500002,-4.307445062999989],[104.625004273,-4.311411270000008]]]},"properties":{"NAMOBJ":"Karangan","WADMKC":"Bumi Agung","KDCPUM":"18.08.14"}},{"type":"Feature","geometry":{"type":"Polygon","coordinates":[[[104.71396274699998,-4.257716507999987],[104.71119113200001,-4.256486209999991],[104.70770531800002,-4.257945510000013],[104.70639660900002,-4.259328793000009],[104.704147906,-4.255462523000006],[104.69681756300002,-4.252578578999987],[104.69279061100002,-4.249956601000008],[104.68657929900002,-4.249929870000017],[104.684512256,-4.252773880999996],[104.685480713,-4.256655131000002],[104.67865336,-4.257366298000022],[104.669505318,-4.252826748000018],[104.671237255,-4.261801843000001],[104.675199556,-4.267855963999978],[104.68235092499998,-4.274300485000026],[104.68273564100002,-4.280371801999991],[104.6852333,-4.285214784999994],[104.68579748399998,-4.289258142999984],[104.68519360200003,-4.290511612999978],[104.68105497300002,-4.293492876000016],[104.680106062,-4.295308208999984],[104.67983897300002,-4.307917351000015],[104.678683594,-4.315595769000026],[104.681491961,-4.322269412000026],[104.68343649600001,-4.328609334000021],[104.69117233100002,-4.328402659000005],[104.69117501699998,-4.3217749419999905],[104.70828141200002,-4.321179210000025],[104.714584699,-4.3184702699999775],[104.71698712199998,-4.314253521000012],[104.71772599899998,-4.302048744999979],[104.71862760699997,-4.300264125000012],[104.71931513300001,-4.293891029000008],[104.71358470899997,-4.275008677000017],[104.71016003599999,-4.271499162999987],[104.71396274699998,-4.257716507999987]]]},"properties":{"NAMOBJ":"Karang Agung","WADMKC":"Pakuan Ratu","KDCPUM":"18.08.06"}},{"type":"Feature","geometry":{"type":"Polygon","coordinates":[[[104.60000865,-4.792169562000026],[104.599817685,-4.791563850999978],[104.59871036700002,-4.792111642000009],[104.59740305999998,-4.793541301000005],[104.594669092,-4.792922148999992],[104.59240993399999,-4.788282115000015],[104.58976175100003,-4.787892778000014],[104.58908610499998,-4.7870227980000095],[104.58696214600002,-4.788690298000006],[104.580414819,-4.789107576999982],[104.57778011099998,-4.790101667999977],[104.577014378,-4.793720231000009],[104.577834343,-4.795041970999989],[104.57737525800002,-4.7966309970000225],[104.57592460299998,-4.7965918030000125],[104.57373116000002,-4.793909672999973],[104.57107321000001,-4.793557125000007],[104.570854526,-4.806148011000005],[104.575711829,-4.803618081000025],[104.57868685599999,-4.801048518000016],[104.581763266,-4.800330416999998],[104.58945764499998,-4.801799709000022],[104.59242412700002,-4.8045539909999775],[104.59278452400002,-4.8079824710000025],[104.59818758,-4.8080732239999975],[104.59968196699998,-4.805850233000001],[104.60331639200001,-4.803184179000027],[104.60000865,-4.792169562000026]]]},"properties":{"NAMOBJ":"Gunung Baru","WADMKC":"Gunung Labuhan","KDCPUM":"18.08.10"}},{"type":"Feature","geometry":{"type":"Polygon","coordinates":[[[104.90872239599997,-4.201207963000002],[104.906062459,-4.201037466999992],[104.90614541600002,-4.2019905590000235],[104.90389400499998,-4.203244172999973],[104.903390941,-4.205355635999979],[104.90409268799999,-4.205503367000006],[104.90356819300001,-4.206017884999994],[104.904275251,-4.206946174999985],[104.90319500300001,-4.207162079],[104.90343814599998,-4.208383420000018],[104.90226709799998,-4.2083463629999756],[104.90283135700003,-4.209815273999993],[104.90216088,-4.210348227999987],[104.89993124300003,-4.2102100700000165],[104.89877840399998,-4.211499634000006],[104.89788427799999,-4.210609311999974],[104.896542334,-4.210927219999974],[104.89654570200003,-4.20998924700001],[104.89466540400002,-4.209294199999988],[104.89464182400002,-4.207742848999999],[104.892628349,-4.208387430000016],[104.891645262,-4.209699806000003],[104.89204847000002,-4.210572698000021],[104.89080276700003,-4.210839584999974],[104.89020999799999,-4.212355022999986],[104.89146846900002,-4.213600401999997],[104.89120626800002,-4.217368541999974],[104.88865120499997,-4.216760233999992],[104.88838171100002,-4.218486325000015],[104.88783688699999,-4.217369147999989],[104.886136061,-4.216792438000027],[104.88630892100002,-4.217827054999987],[104.88525343999999,-4.218621571000028],[104.88296657199999,-4.217825473000005],[104.88252744599998,-4.218564710999999],[104.88071302999998,-4.218336454999985],[104.88051934100002,-4.219209260000014],[104.87841979400002,-4.2173337309999965],[104.87507057099998,-4.218069727],[104.87481476800002,-4.218967625000005],[104.87652152800001,-4.220855513999993],[104.87490203200002,-4.222675831999993],[104.87470324399999,-4.224110035000024],[104.87677900699998,-4.226062368999976],[104.87620083600001,-4.226479497000014],[104.87692458700002,-4.227740075999975],[104.87586935000002,-4.228153598999995],[104.87600077299999,-4.230445218999989],[104.87687485100003,-4.231130716999985],[104.87527742999998,-4.232095436999998],[104.87659514199999,-4.233147067999994],[104.87623044700001,-4.233690361000015],[104.87522893099998,-4.233232412999996],[104.875004714,-4.234303200999989],[104.87383527899999,-4.234437264000007],[104.87390598100001,-4.242830167000022],[104.87038813700002,-4.250533238999992],[104.87068556999998,-4.2559167690000095],[104.86928287699999,-4.259237306999978],[104.86956663199999,-4.274410245000013],[104.86685954799998,-4.29259810100001],[104.867308073,-4.301275383000018],[104.87648640200001,-4.302153007000015],[104.88803511600003,-4.30158669399998],[104.89189864600002,-4.302098756000021],[104.90721471699999,-4.303322283999989],[104.90928726499999,-4.223013002000016],[104.90872239599997,-4.201207963000002]]]},"properties":{"NAMOBJ":"Karta Jaya","WADMKC":"Negara Batin","KDCPUM":"18.08.11"}},{"type":"Feature","geometry":{"type":"Polygon","coordinates":[[[104.529164095,-4.446979057000021],[104.51671944499998,-4.446676110999988],[104.51704379400002,-4.442046633000018],[104.50778610999998,-4.443970277999995],[104.505147572,-4.4492211279999765],[104.505250278,-4.450612222000018],[104.503208889,-4.451262498999995],[104.49989332400003,-4.451948124000012],[104.498527406,-4.453108871999973],[104.49847844099997,-4.454257805999987],[104.49712516199997,-4.454246333000015],[104.49561678499998,-4.452980953999997],[104.49224239099999,-4.454901059000008],[104.490548306,-4.453447429999983],[104.49217180099998,-4.4528993270000115],[104.491755092,-4.451259052000012],[104.49010355299998,-4.449785614000007],[104.488971316,-4.450404742999979],[104.48586463499998,-4.448327486999972],[104.48575866800002,-4.447218712999984],[104.48226005599997,-4.448692434999998],[104.48045037499998,-4.4482377799999995],[104.48004248699999,-4.449071950000018],[104.47818982899997,-4.446552381000004],[104.47570062,-4.449060530999986],[104.47526227899999,-4.450679372000025],[104.48244832300003,-4.453394695999975],[104.482870004,-4.4552411660000075],[104.48219372099999,-4.4580511030000025],[104.48018017200002,-4.459959898000022],[104.48218035999997,-4.4626749860000245],[104.482296738,-4.470160834000012],[104.480564776,-4.470949474000008],[104.48091475299998,-4.471797030000005],[104.47899663499999,-4.472772227999997],[104.47862344999999,-4.474394774000018],[104.477228733,-4.473783430000026],[104.476655677,-4.47475239900001],[104.47554693699999,-4.474435658999994],[104.475180846,-4.476130013999978],[104.47462368599997,-4.474865831999978],[104.47291559299998,-4.4747680639999885],[104.47295460999999,-4.476901920999978],[104.46771557400001,-4.478800259000025],[104.46645607699998,-4.4767187720000265],[104.45894281900001,-4.474338735999993],[104.45640370799998,-4.472183513999994],[104.454112071,-4.471476075999988],[104.45231698399999,-4.472028786999999],[104.45037039200002,-4.474213162000012],[104.44671552699998,-4.473786061999988],[104.44509925,-4.475739922999992],[104.44071654599998,-4.4784800130000235],[104.43905392800002,-4.478698565000002],[104.440393653,-4.476171163000004],[104.437243626,-4.46745808999998],[104.43380411599998,-4.467758413000013],[104.43358642300001,-4.468619095999998],[104.43358417399998,-4.469678605000013],[104.43456428399998,-4.4694959930000095],[104.4346109,-4.470240234000016],[104.43218257199999,-4.470751525000026],[104.43125742299998,-4.473622089999992],[104.43242474499999,-4.474138429999982],[104.43296532300002,-4.476110683000002],[104.42952712599998,-4.476819311999975],[104.42947635899998,-4.477856984000027],[104.42731850199999,-4.477698905000011],[104.425549338,-4.479450294000003],[104.42305223900001,-4.479534791999981],[104.423178651,-4.481404961999999],[104.42177238,-4.481512297999984],[104.42164405699998,-4.48321592100001],[104.42097354100002,-4.483451154000022],[104.421412358,-4.484123099999977],[104.42060158200002,-4.484686403000012],[104.421036475,-4.486507886000027],[104.42004439300001,-4.486592893000022],[104.42017205500002,-4.487710800000002],[104.41904604799998,-4.487235192000014],[104.41765067199998,-4.490083850000019],[104.41820356900001,-4.491391942000007],[104.41465048600003,-4.4931036959999915],[104.41263771899997,-4.496304407000025],[104.41189996999998,-4.498760147999974],[104.41255400300003,-4.500356871000008],[104.411032751,-4.502339201999973],[104.41135652499997,-4.503658212000005],[104.40854807400001,-4.506617585000015],[104.41033390799998,-4.507726843],[104.40968671899998,-4.510490432999973],[104.40773875600001,-4.509978365999984],[104.40624413900002,-4.5107301840000105],[104.40313442500002,-4.515510871000004],[104.40263615200001,-4.518511577000027],[104.400158825,-4.519008757999984],[104.396338926,-4.522732206000001],[104.39421671899999,-4.523513449000006],[104.39321426100003,-4.5262697690000095],[104.39023479000002,-4.526913498999988],[104.38826372800003,-4.530923072999997],[104.38654676700003,-4.532469843000001],[104.386412441,-4.5339103079999745],[104.40167470799997,-4.5574574249999955],[104.401141902,-4.5596859400000085],[104.39959337099998,-4.560072504999994],[104.39999286800003,-4.560759802000007],[104.39825350699999,-4.564571581999985],[104.400091857,-4.5649820030000114],[104.405919316,-4.5639559790000135],[104.41316239600002,-4.565098120000016],[104.415793608,-4.562839859000007],[104.42119250299999,-4.5631073189999825],[104.42148925999999,-4.561764745999994],[104.422154756,-4.562173449999989],[104.42341850000003,-4.561398340999972],[104.42491629699998,-4.559230495000008],[104.42965158099997,-4.559360893000019],[104.43088703699999,-4.559018927000011],[104.43139059800001,-4.557868998000004],[104.431488172,-4.5585103689999755],[104.432401744,-4.558243500999993],[104.43452751400002,-4.556015263000006],[104.43393198199999,-4.553340364999997],[104.434723184,-4.551987097999984],[104.433864234,-4.550657538999985],[104.43519652499998,-4.549077302000001],[104.43622494300001,-4.544966217000024],[104.43775634500003,-4.544352853000021],[104.438269677,-4.5450719639999875],[104.43903846500001,-4.54339706899998],[104.44501616100001,-4.543916043000024],[104.44827675099998,-4.542776375000017],[104.44929848499999,-4.541305980999994],[104.449001597,-4.540257311000005],[104.45006165500001,-4.53996403299999],[104.449753816,-4.539054179999994],[104.45141667500002,-4.5394533769999725],[104.450834912,-4.5383314160000054],[104.45177651400002,-4.538340779000009],[104.45230279999998,-4.537051226000017],[104.455801495,-4.535044400000004],[104.457542881,-4.532134036999992],[104.45803365199998,-4.527700690000017],[104.455471982,-4.527427204999981],[104.45722088600002,-4.517754696999987],[104.454936605,-4.51068769699998],[104.45272132600002,-4.5089911420000135],[104.45046083699998,-4.509586006000006],[104.44974699900001,-4.508895962999986],[104.45225019200001,-4.50482232600001],[104.452135978,-4.502766472000019],[104.45086058700002,-4.501395903000002],[104.45333522499999,-4.501243616000011],[104.45451544000002,-4.499340048000022],[104.454229903,-4.498045621000017],[104.452059835,-4.496065910000027],[104.45358269000002,-4.494466912000007],[104.45241152099999,-4.4925033800000165],[104.45640901399997,-4.493188664999991],[104.45705146900002,-4.492146460000015],[104.45685159300001,-4.488991295999995],[104.45953562599999,-4.4888842199999885],[104.46024946300003,-4.48637150899998],[104.46238384100002,-4.483723170000019],[104.46556280099998,-4.485253162999982],[104.46870497700002,-4.485089674999983],[104.46863944400002,-4.488579647999984],[104.46771811600001,-4.488481138999987],[104.467670527,-4.4893044329999725],[104.46817218799998,-4.4918983150000145],[104.46931830400001,-4.492449485999998],[104.471692518,-4.486687507999989],[104.47457396599998,-4.485719645000017],[104.47892338399998,-4.482727473000011],[104.48215350100003,-4.481966043999989],[104.48522440599999,-4.482775283000024],[104.48657894899998,-4.481263556999977],[104.50288337699999,-4.48202960399999],[104.50617511799999,-4.481176146999985],[104.51000194400001,-4.478611111000021],[104.51510277800003,-4.46815944399998],[104.528043056,-4.460987222000028],[104.52891856500003,-4.458035429000006],[104.528088019,-4.449625559000026],[104.529164095,-4.446979057000021]]]},"properties":{"NAMOBJ":"Gunung Sangkaran","WADMKC":"Blambangan Umpu","KDCPUM":"18.08.01"}},{"type":"Feature","geometry":{"type":"Polygon","coordinates":[[[104.58161405300001,-4.765487803999974],[104.57895971900001,-4.765366535999988],[104.56653822800001,-4.774961856999994],[104.56744673999998,-4.777807411000026],[104.56482431699999,-4.780628686999989],[104.56334446400001,-4.780846687999997],[104.56208810700002,-4.782540863999998],[104.562259429,-4.784254076000025],[104.56047099,-4.785312119000025],[104.56393360300001,-4.790482377999979],[104.57107321000001,-4.793557125000007],[104.57373116000002,-4.793909672999973],[104.57592460299998,-4.7965918030000125],[104.57737525800002,-4.7966309970000225],[104.577834343,-4.795041970999989],[104.577014378,-4.793720231000009],[104.57778011099998,-4.790101667999977],[104.580414819,-4.789107576999982],[104.58696214600002,-4.788690298000006],[104.58908610499998,-4.7870227980000095],[104.590088799,-4.7840272380000215],[104.58586026,-4.784438174000002],[104.586471991,-4.782234078999977],[104.58854846499997,-4.780398276000028],[104.59192262099998,-4.774564471000019],[104.58356727,-4.774588171000005],[104.58382773699998,-4.771675257000027],[104.58161405300001,-4.765487803999974]]]},"properties":{"NAMOBJ":"Gunung Labuhan","WADMKC":"Gunung Labuhan","KDCPUM":"18.08.10"}},{"type":"Feature","geometry":{"type":"Polygon","coordinates":[[[104.45435529000002,-4.697367300999986],[104.44756213900001,-4.697528659],[104.44599161999997,-4.698158515999978],[104.44599719500002,-4.698884749000001],[104.44429222299999,-4.698423594000019],[104.44371149699998,-4.6989066099999945],[104.44429022700001,-4.700486054999999],[104.44218492700003,-4.701417659000015],[104.43924079599998,-4.700542117999987],[104.43567703600002,-4.703945725999972],[104.43648919499998,-4.711254338999993],[104.43384381999999,-4.7132391650000045],[104.43316877900003,-4.716314650000015],[104.440200172,-4.718344643000023],[104.444000459,-4.716649270000005],[104.44627204099999,-4.717327838000017],[104.448022363,-4.715779665000014],[104.45204447499998,-4.716304071000025],[104.45153794499998,-4.713572639999995],[104.45239456500002,-4.711579799999981],[104.45609062800003,-4.711437287000024],[104.45565747900002,-4.702868996999996],[104.45435529000002,-4.697367300999986]]]},"properties":{"NAMOBJ":"Jaya Tinggi","WADMKC":"Kasui","KDCPUM":"18.08.02"}},{"type":"Feature","geometry":{"type":"Polygon","coordinates":[[[104.61462308,-4.51920828599998],[104.612358846,-4.518356014999995],[104.60728345799998,-4.519291142999975],[104.60631263800002,-4.521860962000005],[104.60254595100002,-4.5231268339999815],[104.601475193,-4.526041673999998],[104.59995828699999,-4.526696024999978],[104.59831645899999,-4.530306857000028],[104.60146007600002,-4.540896786000019],[104.61018042,-4.543034603000024],[104.61166642500001,-4.546021126000028],[104.620593643,-4.54304016399999],[104.618777206,-4.539721734000011],[104.61910900100003,-4.537399678999975],[104.62142648999998,-4.530765954000003],[104.62336684299999,-4.528942316999974],[104.61906099800001,-4.523234362999972],[104.61462308,-4.51920828599998]]]},"properties":{"NAMOBJ":"Karya Agung","WADMKC":"Negeri Agung","KDCPUM":"18.08.07"}},{"type":"Feature","geometry":{"type":"Polygon","coordinates":[[[104.40051269499997,-4.656188965000013],[104.38592529300001,-4.6511840829999755],[104.37951660099998,-4.651489258000026],[104.37530517599998,-4.649475097999982],[104.373291016,-4.646606444999975],[104.37091064499998,-4.644897461000028],[104.36651611299999,-4.643615722999982],[104.363374873,-4.64398193400001],[104.35967481199998,-4.661418942000012],[104.35819002900001,-4.661476048999987],[104.3586219,-4.665741233000006],[104.355529784,-4.6682739259999835],[104.355700749,-4.669157074999987],[104.37156813899998,-4.671186965000004],[104.37773102099999,-4.671486329999993],[104.381896343,-4.670808039000008],[104.38349957700001,-4.671902552999995],[104.38616649300002,-4.672126081999977],[104.39143943599998,-4.671632781000028],[104.39251708900002,-4.670684814000026],[104.39222717199999,-4.668212890999996],[104.39367675800003,-4.668212890999996],[104.39312744,-4.666748046999999],[104.394287109,-4.666748046999999],[104.39392089799998,-4.664489746000015],[104.398681641,-4.662475586000028],[104.39971923799999,-4.660278319999975],[104.40191650399998,-4.66070556599999],[104.40051269499997,-4.656188965000013]]]},"properties":{"NAMOBJ":"Gunung Sari","WADMKC":"Rebang Tangkas","KDCPUM":"18.08.09"}},{"type":"Feature","geometry":{"type":"Polygon","coordinates":[[[104.63640029300001,-4.765050551999991],[104.63110603299998,-4.761006416999976],[104.62314156000002,-4.766690711000024],[104.61771546,-4.769242725000026],[104.61517451100002,-4.775419487000022],[104.61264600999999,-4.777953222000008],[104.61239123399997,-4.781629059000011],[104.60502439499999,-4.785364035999976],[104.60539780800002,-4.7876887929999725],[104.60849273299999,-4.786770794999995],[104.62128391300001,-4.789052500000025],[104.62169200400001,-4.790028800000016],[104.62016390899998,-4.791971516999979],[104.62207239899999,-4.7925087319999875],[104.62368201599998,-4.794568218999984],[104.63036407300001,-4.791312627000025],[104.63233527800003,-4.787986855999975],[104.633667564,-4.788544084000023],[104.635464625,-4.786949648000018],[104.63707459800003,-4.785296486999982],[104.63643766899997,-4.783045226000013],[104.63912303500001,-4.782868447999988],[104.64004672700003,-4.784244392000005],[104.64158967999998,-4.782092900999999],[104.64462564500002,-4.780950858999972],[104.645949487,-4.7789272790000155],[104.64552991900001,-4.775892861999978],[104.64164631699998,-4.775012507999975],[104.64190035799999,-4.77361541800002],[104.63981816400002,-4.771716615999992],[104.63640029300001,-4.765050551999991]]]},"properties":{"NAMOBJ":"Gunung Sari","WADMKC":"Gunung Labuhan","KDCPUM":"18.08.10"}},{"type":"Feature","geometry":{"type":"Polygon","coordinates":[[[104.48769378999998,-4.738419659999977],[104.48626519700002,-4.736318486000016],[104.48474126600001,-4.738622881000026],[104.48259036299999,-4.737817219000021],[104.47937366299999,-4.7424733600000195],[104.48144688999997,-4.7426556400000095],[104.48189898800001,-4.744963717000019],[104.48370737900001,-4.745510992999982],[104.48327907599997,-4.746534161],[104.48178001500003,-4.746867285999997],[104.47966229500003,-4.750531656000021],[104.47978126800001,-4.753648750000025],[104.47885855599998,-4.755138081999974],[104.47722309199997,-4.752520305000019],[104.47604993099998,-4.752988629000015],[104.47579893400001,-4.754515260000005],[104.46857257900001,-4.753163804999986],[104.46163509500002,-4.753518765000024],[104.46119866599997,-4.754952446000004],[104.45897084400002,-4.755834386999993],[104.45786337700002,-4.758225626000012],[104.458935919,-4.762844157000018],[104.458650605,-4.767602287999978],[104.45402455800001,-4.771215058999985],[104.457726633,-4.772238931999993],[104.45843842699998,-4.774464156000022],[104.45934563600002,-4.774634289000005],[104.46363243399998,-4.773366959999976],[104.47054866899998,-4.772856350999973],[104.470911575,-4.769509839000023],[104.473750032,-4.76819303000002],[104.47562283000002,-4.768719754000017],[104.47623734199999,-4.767637042999979],[104.47635439200002,-4.766671382000027],[104.47439380700001,-4.764330385999983],[104.47515463100001,-4.762838000999977],[104.47380855799997,-4.761345616000028],[104.47692500900001,-4.757531744000005],[104.476030487,-4.754532955999991],[104.480488944,-4.7566950390000216],[104.47864071200001,-4.764795826000011],[104.48757770999998,-4.767059255999982],[104.48875212399997,-4.765693646999978],[104.48837141199999,-4.763185694000015],[104.49015599400002,-4.761494890999984],[104.48996517500001,-4.759211517999972],[104.48903718499997,-4.7584381949999965],[104.49035013700001,-4.758149909999986],[104.49051907400002,-4.755782682000017],[104.49181907500002,-4.755876946000001],[104.48923537399997,-4.751341849000028],[104.489782537,-4.748159838999982],[104.48832021200002,-4.746949997999991],[104.48890199200002,-4.745278427000017],[104.48628458500002,-4.743955447000019],[104.48797326900001,-4.74211696499998],[104.48781769200002,-4.742119541000022],[104.48667877899999,-4.7397810150000055],[104.48771890900002,-4.7397541230000115],[104.48769378999998,-4.738419659999977]]]},"properties":{"NAMOBJ":"Karang Lantang","WADMKC":"Kasui","KDCPUM":"18.08.02"}},{"type":"Feature","geometry":{"type":"Polygon","coordinates":[[[104.69991900899998,-4.566341583999986],[104.69564847700002,-4.566727806000017],[104.68486951900002,-4.572152976999973],[104.67773113599998,-4.57479417899998],[104.67444747799999,-4.577221228999974],[104.67202042999998,-4.580647653000028],[104.666381108,-4.5798624299999915],[104.66410920099997,-4.586730516999978],[104.66158900800002,-4.5870905950000065],[104.63880559500001,-4.584866712000007],[104.63845257499997,-4.586780135000026],[104.64713366500001,-4.590861958000005],[104.647389229,-4.5972825929999885],[104.63988996500001,-4.600005841999973],[104.635062328,-4.602962866999974],[104.63291544100002,-4.606728379000003],[104.631290632,-4.604057343000022],[104.62513938199999,-4.607800490999978],[104.615487326,-4.607257243999982],[104.61173463900002,-4.609680651000019],[104.618304825,-4.616112077000025],[104.622926355,-4.618439912999975],[104.62875726800002,-4.624486884000021],[104.63337354499998,-4.627266677000023],[104.63335083700002,-4.630367910000018],[104.635260502,-4.632880984999986],[104.63739402800002,-4.639664106999987],[104.64207952100003,-4.644334918000027],[104.64290516599999,-4.6443455269999845],[104.64469514500001,-4.643669004000003],[104.64328759900002,-4.640165525999976],[104.642402796,-4.640053806000026],[104.64386103800001,-4.639215358000001],[104.641359491,-4.63814309899999],[104.64330752199999,-4.637295628000004],[104.64373792800001,-4.634377777999987],[104.64125399800002,-4.6293861529999845],[104.645322878,-4.626138188000027],[104.64765474799998,-4.625329172000022],[104.65342494100003,-4.617893356000025],[104.655938214,-4.612875353999982],[104.65819690299998,-4.612061829000027],[104.659028573,-4.609843639000019],[104.65667290599998,-4.608915648999982],[104.656101836,-4.606702751],[104.66045624899999,-4.603133559000014],[104.66038486600002,-4.601920033999988],[104.66166977400002,-4.601134811999998],[104.66195531,-4.596851780999998],[104.66038486600002,-4.594995802000028],[104.66366852200002,-4.5952099539999836],[104.662240844,-4.593425357000001],[104.66559588400003,-4.590213086000006],[104.677174089,-4.584919345000003],[104.68601166100001,-4.577816094000013],[104.70131250700001,-4.568062927000028],[104.699939911,-4.567412687000001],[104.69991900899998,-4.566341583999986]]]},"properties":{"NAMOBJ":"Kali Papan","WADMKC":"Negeri Agung","KDCPUM":"18.08.07"}},{"type":"Feature","geometry":{"type":"Polygon","coordinates":[[[104.74284988800002,-4.3177807280000025],[104.74244626199999,-4.314848998000002],[104.739937843,-4.317197592000014],[104.73651086900003,-4.316860769000016],[104.73488749900002,-4.32151540000001],[104.73524442000001,-4.3224433899999894],[104.72621526699999,-4.322044934000019],[104.72732260200002,-4.332033189000015],[104.72648314399999,-4.341934130000027],[104.72905782599997,-4.346468531000028],[104.72947968400001,-4.352623257999994],[104.737417806,-4.353109739999979],[104.73914192000001,-4.353795713000011],[104.73993366299999,-4.355630350000013],[104.740005763,-4.341719360000013],[104.74158534600002,-4.339190013999996],[104.74295705200001,-4.3297792829999935],[104.74224289699998,-4.317826907999972],[104.74284988800002,-4.3177807280000025]]]},"properties":{"NAMOBJ":"Gunung Cahya","WADMKC":"Pakuan Ratu","KDCPUM":"18.08.06"}},{"type":"Feature","geometry":{"type":"Polygon","coordinates":[[[105.02097949699998,-4.4010730680000165],[105.01963888900002,-4.396999999999991],[105.01041666700002,-4.38788888900001],[105.00152962700002,-4.3862674659999925],[104.99944504199999,-4.3900084360000164],[105,-4.392090897000003],[104.99794266499998,-4.396471240999972],[104.99322093799998,-4.394675989000007],[104.99021618199998,-4.396040325000001],[104.98657308600002,-4.394045726999991],[104.98593722499999,-4.396318742999995],[104.98441032199997,-4.395880856000019],[104.98189292500001,-4.400047583999992],[104.977248761,-4.401219476999984],[104.97568623699999,-4.400568424000028],[104.97516539700001,-4.399266323999996],[104.97447094299997,-4.399570145999974],[104.97442754000002,-4.401176071999998],[104.97638069300001,-4.403302838999991],[104.97920191399999,-4.404084101000024],[104.97894149400003,-4.405125783000017],[104.97672791899998,-4.405342797999992],[104.975121994,-4.40655809399999],[104.97551262399998,-4.407816792999995],[104.97902830100003,-4.409900158000028],[104.98006998199997,-4.4123741509999945],[104.97807342599998,-4.41402347799999],[104.97151951199999,-4.413459235999994],[104.97269140399999,-4.417408946000023],[104.97238757999997,-4.419362099000011],[104.96774341499997,-4.423138194999979],[104.96386363300002,-4.424392071],[104.962359477,-4.4283899659999975],[104.96733993200002,-4.430474683999989],[104.97532825100001,-4.436016841000026],[105.00312057299999,-4.424676920000024],[105.017914792,-4.423734345000014],[105.02002501599998,-4.421077034999996],[105.02354886400002,-4.416639556999996],[105.01836878,-4.400490181999999],[105.02097949699998,-4.4010730680000165]]]},"properties":{"NAMOBJ":"Kali Awi","WADMKC":"Negeri Besar","KDCPUM":"18.08.12"}},{"type":"Feature","geometry":{"type":"Polygon","coordinates":[[[104.46511895399999,-4.8563061940000125],[104.46222552299997,-4.855531532999976],[104.46016966899998,-4.849078435000024],[104.460675305,-4.831414505999987],[104.461775805,-4.830819641000005],[104.46692138999998,-4.831592965000027],[104.46879521400001,-4.829897599999981],[104.470339486,-4.826590149000026],[104.47347638000002,-4.824496768000017],[104.47145683999997,-4.8175607840000225],[104.45760618999998,-4.821529392999992],[104.447815289,-4.833504244999972],[104.440978084,-4.839251165999997],[104.43998721000003,-4.843078334999973],[104.437698463,-4.84699636900001],[104.429303388,-4.855105858999991],[104.420238912,-4.858774249000021],[104.43864824600001,-4.882226746000015],[104.44337967500002,-4.879586189999998],[104.44844095000002,-4.869326968999985],[104.447117252,-4.860391616000015],[104.45596862500003,-4.862741685000003],[104.46131166700002,-4.862611997999977],[104.465701174,-4.8651883750000025],[104.47038661099998,-4.862353298000016],[104.46511895399999,-4.8563061940000125]]]},"properties":{"NAMOBJ":"Juku Batu","WADMKC":"Banjit","KDCPUM":"18.08.03"}},{"type":"Feature","geometry":{"type":"Polygon","coordinates":[[[104.44067965800002,-4.648512910000022],[104.43898161800001,-4.645605384000021],[104.43842602299998,-4.6466194920000135],[104.437383297,-4.6465399460000185],[104.43631904900002,-4.648591536000026],[104.434815549,-4.648687327000005],[104.434080209,-4.651023362999979],[104.430537862,-4.651579378000008],[104.43054993999999,-4.652468150999994],[104.43163196199998,-4.651851756999974],[104.43074485400001,-4.653575992000015],[104.432077596,-4.654358145999993],[104.43035660999999,-4.654747244000021],[104.42848080099998,-4.656867988999977],[104.42643874800001,-4.656988710999997],[104.425319661,-4.6606420169999865],[104.42666862200002,-4.661144164000007],[104.425836522,-4.662136085999975],[104.42625754599999,-4.662939928000014],[104.42455359399997,-4.664325326999972],[104.42683888099998,-4.665479489999996],[104.426821959,-4.667821812999989],[104.42960265300002,-4.669249004999983],[104.42831704999998,-4.670056351000028],[104.42919202899998,-4.671185141000024],[104.42784551199998,-4.67244969799998],[104.42896357699999,-4.674119662999999],[104.428229009,-4.676743753999972],[104.42895228600003,-4.677906972000017],[104.43096169400002,-4.678579920999994],[104.42943970200002,-4.6793851759999825],[104.429596113,-4.679854288000001],[104.43884702000003,-4.678722908999987],[104.43875787399998,-4.675878367999985],[104.441562702,-4.668385123000007],[104.443377812,-4.667994986999986],[104.44472685099998,-4.659046387999979],[104.44067965800002,-4.648512910000022]]]},"properties":{"NAMOBJ":"Jukuh Kemuning","WADMKC":"Kasui","KDCPUM":"18.08.02"}},{"type":"Feature","geometry":{"type":"Polygon","coordinates":[[[104.522108376,-4.820858206000025],[104.52130516099999,-4.822961747000022],[104.51963954000001,-4.8215816599999926],[104.51831893999997,-4.822176523999985],[104.51601086199997,-4.827958615],[104.51389314099998,-4.827220981999972],[104.512798589,-4.832015597000009],[104.51138280999999,-4.8337644999999725],[104.51233051600002,-4.8367837160000136],[104.51125550900002,-4.836042238999994],[104.50961367999997,-4.836708487999999],[104.50732939699998,-4.841086695999991],[104.508593308,-4.843605147000005],[104.50709271699998,-4.845630863999986],[104.50578274700001,-4.8456790559999945],[104.50537008100002,-4.846456154000009],[104.504883301,-4.848328282000011],[104.503474659,-4.8476429959999905],[104.50316057200001,-4.848404424000023],[104.50415042700001,-4.85107893899999],[104.503774212,-4.853185305000011],[104.50228684400003,-4.854666755999972],[104.50295679200002,-4.859252446000028],[104.50608236900001,-4.85763706900002],[104.51278084400002,-4.858108570000013],[104.51948217500001,-4.85456701999999],[104.522192534,-4.8421301320000225],[104.52332690700001,-4.8401177480000115],[104.52786501700001,-4.826616300000012],[104.52487374999998,-4.821934877999979],[104.522108376,-4.820858206000025]]]},"properties":{"NAMOBJ":"Kemu","WADMKC":"Banjit","KDCPUM":"18.08.03"}},{"type":"Feature","geometry":{"type":"Polygon","coordinates":[[[104.90721471699999,-4.303322283999989],[104.89189864600002,-4.302098756000021],[104.89157928100002,-4.316446201000019],[104.892197941,-4.321871373000022],[104.89077026299998,-4.329485647000013],[104.88966207700003,-4.331932359999996],[104.88776113799997,-4.333656843000028],[104.886055065,-4.34001136400002],[104.885216291,-4.346209875],[104.88729952199998,-4.352089337999985],[104.91411602599999,-4.352700127999981],[104.916933352,-4.353529741999978],[104.927158034,-4.352772868999978],[104.93134136499998,-4.352236765999976],[104.92887399,-4.336435418999997],[104.92878750699998,-4.313880745999995],[104.92923900900001,-4.307272189999992],[104.90721471699999,-4.303322283999989]]]},"properties":{"NAMOBJ":"Gisting Jaya","WADMKC":"Negara Batin","KDCPUM":"18.08.11"}},{"type":"Feature","geometry":{"type":"Polygon","coordinates":[[[104.42455359399997,-4.664325326999972],[104.41785223199997,-4.664350548000016],[104.412855364,-4.665778223000018],[104.41299325300002,-4.667524591000017],[104.41215340100001,-4.667458017999991],[104.411670313,-4.668501853999999],[104.41050608299997,-4.666864162000024],[104.40822346700003,-4.668134983000016],[104.408894175,-4.669148988000018],[104.40707323999999,-4.668440995000026],[104.40615027899997,-4.67013902299999],[104.40524627799999,-4.668858487000023],[104.40299988499999,-4.672299735000024],[104.39826230400001,-4.674038672999984],[104.39852249400002,-4.675248656000008],[104.40510303000002,-4.678686280000022],[104.40765635899999,-4.678009664000001],[104.41135883999999,-4.679294438999989],[104.42943970200002,-4.6793851759999825],[104.43096169400002,-4.678579920999994],[104.42895228600003,-4.677906972000017],[104.428229009,-4.676743753999972],[104.42896357699999,-4.674119662999999],[104.42784551199998,-4.67244969799998],[104.42919202899998,-4.671185141000024],[104.42831704999998,-4.670056351000028],[104.42960265300002,-4.669249004999983],[104.426821959,-4.667821812999989],[104.42683888099998,-4.665479489999996],[104.42455359399997,-4.664325326999972]]]},"properties":{"NAMOBJ":"Kotaway","WADMKC":"Kasui","KDCPUM":"18.08.02"}},{"type":"Feature","geometry":{"type":"Polygon","coordinates":[[[104.51372888399999,-4.4850161499999786],[104.510986989,-4.490579062999984],[104.51131769800003,-4.491653594000013],[104.50966849000002,-4.492898920000016],[104.513166243,-4.4956644200000255],[104.51262562900001,-4.496458207999979],[104.51347700100001,-4.497712819000014],[104.51221221999998,-4.500656591999984],[104.51260960500002,-4.503529790000016],[104.51495282000002,-4.502490781000006],[104.51550295999999,-4.49812179700001],[104.51938290800001,-4.498022219999996],[104.519539291,-4.496205891999978],[104.521474705,-4.495313467000017],[104.52055143299998,-4.490762071999995],[104.51713801699998,-4.487906719000023],[104.51887407200002,-4.486085003000028],[104.51372888399999,-4.4850161499999786]]]},"properties":{"NAMOBJ":"Lembasung","WADMKC":"Blambangan Umpu","KDCPUM":"18.08.01"}},{"type":"Feature","geometry":{"type":"Polygon","coordinates":[[[104.47937366299999,-4.7424733600000195],[104.46972209500001,-4.737096822000012],[104.459728359,-4.72761466999998],[104.45776354200001,-4.7297290559999965],[104.45646901200001,-4.728461653000011],[104.452546788,-4.730719867999994],[104.44912036400001,-4.735240843999975],[104.446762508,-4.740621816999976],[104.44682068399999,-4.74467755500001],[104.44450318899999,-4.750567605000015],[104.440547041,-4.754283645999976],[104.44642412500002,-4.754877819000001],[104.46163509500002,-4.753518765000024],[104.46857257900001,-4.753163804999986],[104.47579893400001,-4.754515260000005],[104.47604993099998,-4.752988629000015],[104.47722309199997,-4.752520305000019],[104.47885855599998,-4.755138081999974],[104.47978126800001,-4.753648750000025],[104.47966229500003,-4.750531656000021],[104.48178001500003,-4.746867285999997],[104.48327907599997,-4.746534161],[104.48370737900001,-4.745510992999982],[104.48189898800001,-4.744963717000019],[104.48144688999997,-4.7426556400000095],[104.47937366299999,-4.7424733600000195]]]},"properties":{"NAMOBJ":"Kedaton","WADMKC":"Kasui","KDCPUM":"18.08.02"}},{"type":"Feature","geometry":{"type":"Polygon","coordinates":[[[104.471426463,-4.627607194999996],[104.45050203099998,-4.627846520999981],[104.449940857,-4.625166673000024],[104.44863375800003,-4.625593378000019],[104.441596748,-4.619063213999993],[104.44109770199998,-4.620533662000014],[104.43959082999999,-4.6197492439999905],[104.43737344200002,-4.619718325000008],[104.436998216,-4.62052405899999],[104.43560430399998,-4.6201165449999735],[104.43645061500001,-4.621271976999992],[104.434624821,-4.6223370800000225],[104.43385212499999,-4.621295689000021],[104.43110003499999,-4.621909861999995],[104.43092756700003,-4.624321710999993],[104.42986565299998,-4.624947598000006],[104.42938984699998,-4.626994131999993],[104.43042373999998,-4.626157268999975],[104.42723258199999,-4.637783388000003],[104.42543429199998,-4.644334972000024],[104.42878294399998,-4.6472567339999955],[104.43098378899998,-4.644848216000014],[104.43449811200003,-4.643486655000004],[104.437383297,-4.6465399460000185],[104.43842602299998,-4.6466194920000135],[104.43898161800001,-4.645605384000021],[104.442490421,-4.644892072999994],[104.44288643599998,-4.6441919220000045],[104.44205435600003,-4.643493949000003],[104.44341907900002,-4.643787287000009],[104.44630097800001,-4.642047273000003],[104.44552136700003,-4.641119353000022],[104.44692883800002,-4.640601950000018],[104.44788220700002,-4.6432317969999986],[104.45054735100001,-4.642560034999974],[104.44984249700002,-4.641273021000018],[104.45080201100001,-4.641694819999998],[104.45116052499998,-4.642576453000004],[104.45002722800001,-4.645141319999993],[104.45131009400001,-4.645715800000005],[104.44954648200002,-4.646313436000014],[104.45030864199998,-4.648566793999976],[104.44755347900002,-4.651440426000022],[104.45878097399998,-4.6508098560000235],[104.45871555000002,-4.652314370999989],[104.460397564,-4.655432291000011],[104.459554481,-4.657718421000027],[104.457609794,-4.6584110420000115],[104.45680942199999,-4.6600260409999805],[104.45927559699999,-4.663678043000004],[104.46075420699998,-4.66419378400002],[104.46014497499999,-4.665414005999992],[104.460537708,-4.667328388999977],[104.46114875299997,-4.666671656999995],[104.46289051899998,-4.667916591999983],[104.46856486299998,-4.667781144000003],[104.46737439499998,-4.671805357999972],[104.46894649199999,-4.674245800999984],[104.469102567,-4.676095557999986],[104.46696708399998,-4.676242133000017],[104.467469784,-4.681673651999972],[104.466902318,-4.683152932999974],[104.46242113599999,-4.686300394],[104.46872898499998,-4.686853792000022],[104.47820089999999,-4.68832506199999],[104.47935882399997,-4.6903077559999815],[104.48084227800001,-4.68912926500002],[104.48317095200002,-4.690456400000016],[104.483873362,-4.69353844699998],[104.48635022600001,-4.693281877000004],[104.48630183900002,-4.683424054999989],[104.48947587700002,-4.682749006999984],[104.49107202099998,-4.680516796999996],[104.49338457300001,-4.685630871000001],[104.496683012,-4.686398548],[104.49675277099999,-4.684203996999997],[104.49513756200002,-4.683272831000011],[104.49532486800001,-4.681811933000006],[104.50237302900001,-4.677285819000019],[104.50324774400002,-4.675212493999993],[104.502362592,-4.671440858999972],[104.50286120499999,-4.669736482000019],[104.499072737,-4.670202856000003],[104.498688163,-4.66807894599998],[104.497333459,-4.6672790549999945],[104.49748421800001,-4.664209685000003],[104.49995048300002,-4.665135207999981],[104.49993313499999,-4.6625307350000185],[104.50112692599998,-4.661179025000024],[104.498773594,-4.6577102649999915],[104.50063539400003,-4.655283208000014],[104.479891006,-4.655810998999982],[104.47949711799998,-4.653294871000014],[104.47862301499998,-4.653372493000006],[104.48005800300001,-4.650153009999997],[104.47862549899997,-4.642201010000008],[104.47681310500002,-4.6382247760000155],[104.47322905099998,-4.639970409999989],[104.47208833100001,-4.637928476000013],[104.47215952300002,-4.635493444000019],[104.470550275,-4.632981944999983],[104.47140366000002,-4.631169688999989],[104.47067017900002,-4.629725940000014],[104.471426463,-4.627607194999996]]]},"properties":{"NAMOBJ":"Gistang","WADMKC":"Umpu Semenguk","KDCPUM":"18.08.15"}},{"type":"Feature","geometry":{"type":"Polygon","coordinates":[[[104.46696708399998,-4.676242133000017],[104.46301726500002,-4.675693514999978],[104.46112068299999,-4.672758756999997],[104.453360341,-4.670811397000023],[104.45142636700001,-4.667628190000016],[104.443377812,-4.667994986999986],[104.441562702,-4.668385123000007],[104.43875787399998,-4.675878367999985],[104.43884702000003,-4.678722908999987],[104.45293707299999,-4.679187633000026],[104.46570033500001,-4.680653189999987],[104.466902318,-4.683152932999974],[104.467469784,-4.681673651999972],[104.46696708399998,-4.676242133000017]]]},"properties":{"NAMOBJ":"Kampung Baru","WADMKC":"Kasui","KDCPUM":"18.08.02"}},{"type":"Feature","geometry":{"type":"Polygon","coordinates":[[[104.64264651899998,-4.424932571999989],[104.63086801999998,-4.428776339000024],[104.62166048699999,-4.427573737999978],[104.61137470599999,-4.419653602999972],[104.61595938599999,-4.436581487000012],[104.62228424400001,-4.440023951000001],[104.62188517200002,-4.442038678000017],[104.62584766999998,-4.444988946000024],[104.630123217,-4.449970828999994],[104.63108825900002,-4.443997170999978],[104.64626118799998,-4.4481055719999745],[104.64692783200002,-4.449954022999975],[104.64628537800002,-4.450715450000018],[104.64266859700001,-4.449644691999993],[104.64171681099998,-4.450049200000024],[104.64388212099999,-4.45307111599999],[104.64276377499999,-4.456902047000028],[104.64599984099999,-4.4598525800000175],[104.64528600400001,-4.461660970000025],[104.642145115,-4.463635923000027],[104.640812616,-4.465706054999998],[104.64238306099998,-4.470060466999996],[104.638909049,-4.470369797999979],[104.638504539,-4.4723923390000095],[104.63647010099999,-4.47128588999999],[104.63443566199999,-4.47142865699999],[104.63386459100002,-4.471856960000025],[104.63428302400001,-4.473039331999985],[104.64174090199998,-4.474008904000016],[104.644843406,-4.473145597999974],[104.64605060399998,-4.471416542999975],[104.64829099600001,-4.471417622999979],[104.659318375,-4.476265841999975],[104.67275958300002,-4.484763943000019],[104.67440045000001,-4.479250025999988],[104.68394426700002,-4.4689062159999935],[104.67805517699998,-4.456029446000002],[104.67882218300002,-4.449493817000018],[104.677230985,-4.439593113000001],[104.654791579,-4.436254433999977],[104.64324034100002,-4.432643797000026],[104.64363092399998,-4.428450376000001],[104.64264651899998,-4.424932571999989]]]},"properties":{"NAMOBJ":"Kotabumi Way Kanan","WADMKC":"Negeri Agung","KDCPUM":"18.08.07"}},{"type":"Feature","geometry":{"type":"Polygon","coordinates":[[[104.37156813899998,-4.671186965000004],[104.355700749,-4.669157074999987],[104.35404440399998,-4.67158840899998],[104.35445953700003,-4.672959246999994],[104.352536843,-4.673437551000006],[104.35245562199998,-4.675385964999975],[104.35054691699997,-4.675769510999999],[104.35189158399999,-4.6761124459999905],[104.35199536599998,-4.676965272000018],[104.35004153900002,-4.677217960000007],[104.34762158900003,-4.679744851999999],[104.34555495299998,-4.680647313000009],[104.34522104299998,-4.683935881000025],[104.34398557399999,-4.68362453200001],[104.343358363,-4.684462918000008],[104.344382656,-4.6858797830000185],[104.34239272899998,-4.685184887999981],[104.34366519999998,-4.68692934500001],[104.34238370499997,-4.6865909219999935],[104.34132240999998,-4.688538433000019],[104.339109124,-4.6893145490000165],[104.33744683700002,-4.692846271000008],[104.33447265500001,-4.691894531999992],[104.33129882700001,-4.693298339000023],[104.326904297,-4.692382812999995],[104.324279784,-4.693725586000028],[104.32171630900001,-4.692687986999999],[104.319091797,-4.694213866999974],[104.315673828,-4.693481444999975],[104.31707763700001,-4.696289062999995],[104.31610107400002,-4.698486328000001],[104.31628418000003,-4.700317383000026],[104.314697265,-4.702209472999982],[104.31488037100002,-4.7053833009999835],[104.31011962899998,-4.707397461000028],[104.30969238199998,-4.704589843999997],[104.30770020099999,-4.705183711000018],[104.306426461,-4.706640289000006],[104.307938804,-4.70826996400001],[104.30742690699998,-4.710190436000005],[104.308990548,-4.713842805000013],[104.30576210100003,-4.715868804000024],[104.30726882599998,-4.716397014999984],[104.307006742,-4.718319842000028],[104.31057431099998,-4.719385464000027],[104.31042334699998,-4.7223458849999815],[104.31198370300001,-4.7227615009999795],[104.31258368900001,-4.723914868999998],[104.31047434200002,-4.7257246159999795],[104.30887910799999,-4.724276738000015],[104.30734737300003,-4.727253190999988],[104.30754058100001,-4.72945882800002],[104.305900044,-4.730641031999994],[104.30548944600002,-4.732857206999995],[104.30636866499998,-4.732705011000007],[104.30715992500001,-4.733995986000025],[104.30519824999999,-4.736512145000006],[104.30677300600001,-4.738727825000012],[104.30495891200002,-4.74105175599999],[104.30605705699998,-4.743322293000006],[104.30586271300001,-4.745141978999982],[104.307607544,-4.745829248999996],[104.308393379,-4.747882510000011],[104.30650979199999,-4.749216880999995],[104.307502709,-4.75339167300001],[104.30642942700001,-4.755897909999987],[104.30780206700001,-4.757622025999979],[104.30801485799998,-4.759887159000016],[104.30660328099998,-4.762026228000025],[104.30497808199999,-4.7623579149999955],[104.30417447100001,-4.765171692000024],[104.30606813700001,-4.766182628000024],[104.30651516,-4.768536756000003],[104.30844486299998,-4.769413181000004],[104.31006055199998,-4.768948591000026],[104.310038754,-4.770236109999985],[104.311481835,-4.770591104000005],[104.311244725,-4.772042845999977],[104.31280897699997,-4.772123067999985],[104.31412002500002,-4.773278826000023],[104.31245582600002,-4.7751792259999775],[104.31328303499998,-4.776512674000003],[104.323701358,-4.774504288999992],[104.32883534500002,-4.769746877999978],[104.33164920600001,-4.768713385000012],[104.33090651499998,-4.767855628999996],[104.332820776,-4.766108734999989],[104.32858429499998,-4.761414085000013],[104.32486246799999,-4.760119081000028],[104.32148701599999,-4.754428448999988],[104.32270333399998,-4.75073549199999],[104.32289346900001,-4.744714199999976],[104.32430589699999,-4.743955835000008],[104.323680083,-4.740796341000021],[104.327526234,-4.74065509899998],[104.32834109599997,-4.739948884],[104.32724374899999,-4.7381583590000105],[104.328150962,-4.735715943999992],[104.32733610000002,-4.734721811999975],[104.327537098,-4.732039283000006],[104.32623875000002,-4.730564926],[104.32683088499999,-4.729304604999982],[104.32622788700002,-4.728094262000013],[104.32665704800002,-4.726348283999982],[104.32563575199998,-4.726272230000006],[104.32613010300003,-4.723816777000025],[104.328675191,-4.722103392999998],[104.331553283,-4.721891528000015],[104.332759281,-4.719644679999988],[104.33475297899997,-4.719508870000027],[104.33603394400001,-4.717097963000015],[104.33907338,-4.715018434000001],[104.33936129799997,-4.713054070999988],[104.34055643099998,-4.712619478000022],[104.34092474900001,-4.7112298659999965],[104.34353774200002,-4.710262897000007],[104.34302709299999,-4.709323086999973],[104.345018074,-4.708533213999999],[104.34616431400002,-4.7091470770000114],[104.34816779099998,-4.705423698999994],[104.34883054599999,-4.7056464269999765],[104.35158532399998,-4.70317576399998],[104.352666376,-4.703262682999991],[104.35327480699999,-4.701421093000022],[104.352101403,-4.700172724000026],[104.35357359,-4.699901103000002],[104.35270983499998,-4.698512575999985],[104.35612030700003,-4.691640569000015],[104.35907010900002,-4.690556258000015],[104.35935259399997,-4.688312670000016],[104.361052943,-4.687823751999986],[104.362101397,-4.685851785000011],[104.36380772199999,-4.68629181],[104.364063042,-4.685195549000014],[104.36548633899997,-4.6848967660000085],[104.36735400200001,-4.681489553000006],[104.36879530800002,-4.680792790999988],[104.36895717300001,-4.680068253000002],[104.367639129,-4.6801299159999985],[104.367646837,-4.679382254000018],[104.36963469099999,-4.677729689999978],[104.36776168400002,-4.676843286999997],[104.37008174699997,-4.675926053000012],[104.36910285099998,-4.675317133000021],[104.36939575000002,-4.673746273000006],[104.37156813899998,-4.671186965000004]]]},"properties":{"NAMOBJ":"Lebak Peniangan","WADMKC":"Rebang Tangkas","KDCPUM":"18.08.09"}},{"type":"Feature","geometry":{"type":"Polygon","coordinates":[[[104.47213744599998,-4.372118729000022],[104.46857053600002,-4.369784202999995],[104.472138078,-4.3634707379999895],[104.459796052,-4.361240711999983],[104.453429486,-4.371134272000006],[104.45017724600001,-4.3743925439999884],[104.44573262099999,-4.375108963000002],[104.443378118,-4.3774686240000165],[104.44513085199998,-4.3792305630000214],[104.44465640099997,-4.3798962519999804],[104.44870748800003,-4.3799689990000275],[104.44633919299997,-4.393052678000004],[104.45216618699999,-4.399220379999974],[104.45163700299997,-4.395482177000019],[104.45563858600002,-4.392755651000016],[104.45946051200002,-4.3931636980000235],[104.46112891400003,-4.390477205000025],[104.46359277900001,-4.388579499000002],[104.46483233999999,-4.385707910000008],[104.46478469099998,-4.382297698000002],[104.466936847,-4.381203857000003],[104.46689905599999,-4.380356043000006],[104.46352306400001,-4.37871669499998],[104.46595480000002,-4.375709288999985],[104.47213744599998,-4.372118729000022]]]},"properties":{"NAMOBJ":"Karya Jaya","WADMKC":"Way Tuba","KDCPUM":"18.08.08"}},{"type":"Feature","geometry":{"type":"Polygon","coordinates":[[[104.37044819099998,-4.623685845000011],[104.35272216800001,-4.606628418000014],[104.35168456999997,-4.606994628999985],[104.34799194200002,-4.603057861000025],[104.34271240200002,-4.602478027000018],[104.34332275399998,-4.604675293000014],[104.34271240200002,-4.607788086000028],[104.345275878,-4.6096801759999835],[104.34307861299999,-4.614807129999974],[104.33947753899997,-4.617492674999994],[104.33587646500001,-4.61859130900001],[104.33050537100002,-4.624084472999982],[104.33349609300001,-4.6325073240000165],[104.33508300599999,-4.632080078000001],[104.33551025399998,-4.633789063999984],[104.33288574099998,-4.63531494099999],[104.33270263700001,-4.64508056599999],[104.33569335800001,-4.652099609000004],[104.338120823,-4.652526856000009],[104.33980319900002,-4.6524929390000125],[104.34027633099998,-4.650118001999999],[104.343087292,-4.650850892999983],[104.34369958100001,-4.649320170999999],[104.34606152999999,-4.649728363999998],[104.34490189299999,-4.646327379000013],[104.34723972199998,-4.646206776999975],[104.34761080499999,-4.644490513999983],[104.350343839,-4.643447767999987],[104.34993564500002,-4.641258371999982],[104.35149419800001,-4.640525481999987],[104.35232913700003,-4.6384270020000145],[104.35105817499999,-4.635476884000013],[104.35187456,-4.636154112999975],[104.35407531499999,-4.635472718000017],[104.35459275,-4.634215198999982],[104.35514009899998,-4.635801582999989],[104.35829245600002,-4.634651222000002],[104.35801414399998,-4.631394961000012],[104.360973537,-4.631116647999988],[104.36111269499997,-4.632860744000027],[104.36290317499999,-4.631023878000008],[104.363738114,-4.631933033999985],[104.36456099200001,-4.6300442159999875],[104.36266846299998,-4.628958795000017],[104.36460737800002,-4.6284300010000266],[104.366091713,-4.6250754029999825],[104.36806773500001,-4.624416728000028],[104.36896761399998,-4.624982631000023],[104.37044819099998,-4.623685845000011]]]},"properties":{"NAMOBJ":"Karya Maju","WADMKC":"Rebang Tangkas","KDCPUM":"18.08.09"}},{"type":"Feature","geometry":{"type":"Polygon","coordinates":[[[104.43316877900003,-4.716314650000015],[104.431773196,-4.715176430999975],[104.42959196300001,-4.715649047999989],[104.42782426299999,-4.714721483000005],[104.42776548699999,-4.713606014999982],[104.424278189,-4.713691456999982],[104.42106591700002,-4.716517066999984],[104.417352768,-4.716894212],[104.417390839,-4.717998281999996],[104.41569666200002,-4.719711494000023],[104.415772806,-4.721120134999978],[104.414135735,-4.721881562000021],[104.41362177299999,-4.7238232020000055],[104.412140351,-4.724982791999992],[104.41389640699998,-4.726306468000018],[104.41926179699999,-4.727425815999993],[104.42293941499997,-4.726539485999979],[104.426898838,-4.735276866999982],[104.42533791099999,-4.738551004999977],[104.43041009900003,-4.736829402000012],[104.43562394399999,-4.728629610999974],[104.44742017599998,-4.725627773999975],[104.45589826700001,-4.727485864000016],[104.45646901200001,-4.728461653000011],[104.45776354200001,-4.7297290559999965],[104.459728359,-4.72761466999998],[104.459505148,-4.72443324599999],[104.45733388999997,-4.724879395000016],[104.45210009800002,-4.717692259999978],[104.45204447499998,-4.716304071000025],[104.448022363,-4.715779665000014],[104.44627204099999,-4.717327838000017],[104.444000459,-4.716649270000005],[104.440200172,-4.718344643000023],[104.43316877900003,-4.716314650000015]]]},"properties":{"NAMOBJ":"Kasui Lama","WADMKC":"Kasui","KDCPUM":"18.08.02"}},{"type":"Feature","geometry":{"type":"Polygon","coordinates":[[[104.483873362,-4.69353844699998],[104.48317095200002,-4.690456400000016],[104.48084227800001,-4.68912926500002],[104.47935882399997,-4.6903077559999815],[104.47820089999999,-4.68832506199999],[104.46872898499998,-4.686853792000022],[104.46896948,-4.690520025000012],[104.46000037099998,-4.6923268410000105],[104.45976374000003,-4.693276882000021],[104.45579824499998,-4.69502196000002],[104.45435529000002,-4.697367300999986],[104.45565747900002,-4.702868996999996],[104.45609062800003,-4.711437287000024],[104.45239456500002,-4.711579799999981],[104.45153794499998,-4.713572639999995],[104.45204447499998,-4.716304071000025],[104.45210009800002,-4.717692259999978],[104.45733388999997,-4.724879395000016],[104.459505148,-4.72443324599999],[104.459728359,-4.72761466999998],[104.46972209500001,-4.737096822000012],[104.47937366299999,-4.7424733600000195],[104.48259036299999,-4.737817219000021],[104.48474126600001,-4.738622881000026],[104.48626519700002,-4.736318486000016],[104.48769378999998,-4.738419659999977],[104.487924964,-4.737444745999994],[104.49035201599997,-4.736445372999981],[104.488710185,-4.734446626000022],[104.49001888800001,-4.73285238699998],[104.48997130100003,-4.73123435399998],[104.48885295500003,-4.729402169000025],[104.488091527,-4.729973239000003],[104.48733818800002,-4.728271915999983],[104.484978017,-4.728879190999976],[104.48316128300002,-4.728075305999994],[104.48324692400001,-4.726732688000027],[104.48068978399999,-4.724030206999998],[104.48184541199998,-4.718794935999995],[104.47984282300001,-4.71715672800002],[104.48136029900002,-4.715895715999977],[104.479605692,-4.714154780000001],[104.479390223,-4.70876795800001],[104.47726247700001,-4.706264825000005],[104.47825703299998,-4.704203162999988],[104.47777021899998,-4.703358250000008],[104.47825042199997,-4.701543871000013],[104.48077116299999,-4.701085196000008],[104.47987627200001,-4.699289275000012],[104.48179076600002,-4.698785266000016],[104.48220500600002,-4.700487205999991],[104.48323143300001,-4.699719092999999],[104.483873362,-4.69353844699998]]]},"properties":{"NAMOBJ":"Kasui Pasar","WADMKC":"Kasui","KDCPUM":"18.08.02"}},{"type":"Feature","geometry":{"type":"Polygon","coordinates":[[[104.533378761,-4.286462214999972],[104.52719057600001,-4.287685142999976],[104.52564868600001,-4.29210142300002],[104.52595325800002,-4.293529100000001],[104.52462075900002,-4.294043063000004],[104.51973998800003,-4.3028340330000105],[104.518274066,-4.303111656999988],[104.51856149399998,-4.305464793999988],[104.51785908900001,-4.306319665999979],[104.518661484,-4.307391784999993],[104.51786923700001,-4.308346554000025],[104.51962543899998,-4.3111135309999895],[104.51876094199997,-4.3127564389999975],[104.51572387599998,-4.314434012999982],[104.51515994800002,-4.315693692000025],[104.51847421399998,-4.315710715000023],[104.51842899100001,-4.322366828999975],[104.52122391699999,-4.324329626000008],[104.52432279800001,-4.3250867350000135],[104.52615363500001,-4.324029424999992],[104.52635423599997,-4.323049416999993],[104.52587620000003,-4.322455181000009],[104.52834463200003,-4.320164982999984],[104.529547907,-4.320735662000004],[104.52820765199999,-4.319039287999999],[104.52923164200001,-4.315724366999973],[104.53047387200002,-4.315249246000008],[104.53084076599998,-4.311804248999977],[104.531449506,-4.312065362999988],[104.529840423,-4.294432384999993],[104.53356570699998,-4.293243000000018],[104.533378761,-4.286462214999972]]]},"properties":{"NAMOBJ":"Lebung Lawe","WADMKC":"Buay Bahuga","KDCPUM":"18.08.13"}},{"type":"Feature","geometry":{"type":"Polygon","coordinates":[[[104.93338340999998,-4.382679471000017],[104.928011088,-4.382654005999996],[104.924937145,-4.380205235999995],[104.92121140500001,-4.379919756999982],[104.91897259699999,-4.379986597000027],[104.91887215899999,-4.381764238000017],[104.91763575200002,-4.3822336709999945],[104.91639979000001,-4.378678229999991],[104.91112079700002,-4.373948394000024],[104.90975087599998,-4.3732774179999865],[104.907565439,-4.373740036000015],[104.90933431899998,-4.403992974000005],[104.91009386799999,-4.404331921999983],[104.91397103000003,-4.414358106999998],[104.91157505299998,-4.415635328999997],[104.92651633100002,-4.4222776679999924],[104.94224118099999,-4.430011100999991],[104.94375246999999,-4.4347203980000245],[104.94905531900002,-4.429779656999983],[104.95308152000001,-4.4276846249999835],[104.95303846299998,-4.42386641500002],[104.95004034099998,-4.421881942000027],[104.947670399,-4.419040869000014],[104.94814153300001,-4.417670298000019],[104.95350509899998,-4.416830188000006],[104.95514778,-4.4144736289999855],[104.95704268899999,-4.415422568999986],[104.96047955699999,-4.412974738999992],[104.96407882300002,-4.408577190000017],[104.96235789100001,-4.4018234389999975],[104.965800666,-4.396326435999981],[104.96517496400003,-4.3919286710000165],[104.95541854800001,-4.379720296000016],[104.945344283,-4.382414131000019],[104.93338340999998,-4.382679471000017]]]},"properties":{"NAMOBJ":"Kiling-kiling","WADMKC":"Negeri Besar","KDCPUM":"18.08.12"}},{"type":"Feature","geometry":{"type":"Polygon","coordinates":[[[104.78957290900001,-4.397459907999973],[104.77941112000002,-4.396485620000021],[104.767720757,-4.397573706000003],[104.76213325499998,-4.398893288000011],[104.762537296,-4.404292607000002],[104.768848692,-4.403590742000006],[104.76936138100001,-4.408826796000028],[104.76628492399999,-4.413528957999972],[104.76685733099998,-4.433669522000002],[104.76658144599998,-4.441325312999993],[104.766759906,-4.442288995000013],[104.76797343099997,-4.442752988999985],[104.76783066299998,-4.449106151000024],[104.77030530299999,-4.448891999000011],[104.770804989,-4.449796193999987],[104.771495034,-4.448677846999999],[104.77249909,-4.448949162000019],[104.77475489400001,-4.451081104000025],[104.77551632000001,-4.450962130999983],[104.77568288200001,-4.449846641000022],[104.778481129,-4.452130923000027],[104.783049694,-4.4507032469999785],[104.78344944399998,-4.449675319999983],[104.78593453000002,-4.449790988000018],[104.78599269799997,-4.4497980620000135],[104.79316478300001,-4.450310635999983],[104.79978444199998,-4.452071436999972],[104.80331740899999,-4.450318950999986],[104.80067760600002,-4.450318493999987],[104.80061013400001,-4.446802921000028],[104.79487996400002,-4.447831818999987],[104.79302263900001,-4.4478553550000015],[104.79216261599998,-4.41534642900001],[104.79386523199997,-4.411562833999994],[104.79354301400002,-4.402862937000009],[104.800356395,-4.401093869000022],[104.79989921200001,-4.398695676999978],[104.78957290900001,-4.397459907999973]]]},"properties":{"NAMOBJ":"Negara Harja","WADMKC":"Pakuan Ratu","KDCPUM":"18.08.06"}},{"type":"Feature","geometry":{"type":"Polygon","coordinates":[[[104.68545979499999,-4.518101707000028],[104.67873634400001,-4.50881528299999],[104.67138189999997,-4.5197639119999735],[104.664968606,-4.515874999000005],[104.655409674,-4.527683657000011],[104.654691017,-4.525924502000009],[104.65155505899997,-4.527468585999998],[104.65322879299998,-4.532283354000015],[104.65484733699998,-4.531646131999992],[104.65690582899998,-4.536826431000009],[104.64308697899997,-4.541356838000013],[104.64783066799998,-4.558266460000027],[104.65435114000002,-4.559375991000024],[104.65827143000001,-4.5647161360000155],[104.66406592300001,-4.561950281999998],[104.66594496800002,-4.5593167949999724],[104.671154624,-4.558304806000024],[104.67268392599999,-4.556939265999972],[104.67291233600002,-4.553251674000023],[104.67260941199999,-4.544942004999996],[104.68324590700001,-4.526151229999982],[104.68545979499999,-4.518101707000028]]]},"properties":{"NAMOBJ":"Mulya Agung","WADMKC":"Negeri Agung","KDCPUM":"18.08.07"}},{"type":"Feature","geometry":{"type":"Polygon","coordinates":[[[104.321289062,-4.673583984000004],[104.31768798799999,-4.672607421999999],[104.31347656100002,-4.6693115240000225],[104.31030273200003,-4.669494628999985],[104.30908203000001,-4.668579102000024],[104.30529785200002,-4.673095703000001],[104.29222994100002,-4.672912597999982],[104.292873052,-4.676359719000004],[104.292228298,-4.677160382000011],[104.29103084500002,-4.67660381799999],[104.29106902299998,-4.677970727999991],[104.28985000300003,-4.679025985999999],[104.29006734500001,-4.681221052000012],[104.287216478,-4.683716851999975],[104.28924992200001,-4.6842430120000245],[104.29054154900001,-4.686489291999976],[104.28777793299997,-4.686697986000013],[104.28939576200003,-4.688101421999988],[104.28840939399998,-4.68965807699999],[104.29074373100002,-4.691542104999996],[104.28817186499998,-4.693327161000013],[104.28921480000002,-4.694744703000026],[104.28813317100003,-4.695450445999995],[104.288816908,-4.696624981000014],[104.28822506900002,-4.698920924999982],[104.28955028000001,-4.699261385],[104.289561623,-4.7015576900000156],[104.29033750299999,-4.702065437999977],[104.28957750400002,-4.703751997999973],[104.28993540099998,-4.704306530999986],[104.30770020099999,-4.705183711000018],[104.30969238199998,-4.704589843999997],[104.31011962899998,-4.707397461000028],[104.31488037100002,-4.7053833009999835],[104.314697265,-4.702209472999982],[104.31628418000003,-4.700317383000026],[104.31610107400002,-4.698486328000001],[104.31707763700001,-4.696289062999995],[104.315673828,-4.693481444999975],[104.31628418000003,-4.692077637000011],[104.31549072199999,-4.691284180000025],[104.31671142599998,-4.688476562999995],[104.31652831999997,-4.685180663999972],[104.315673828,-4.684387206999986],[104.31951904099998,-4.680175781000003],[104.3203125,-4.676940918000014],[104.31970214799998,-4.673950194999975],[104.321289062,-4.673583984000004]]]},"properties":{"NAMOBJ":"Mulya Jaya","WADMKC":"Rebang Tangkas","KDCPUM":"18.08.09"}},{"type":"Feature","geometry":{"type":"Polygon","coordinates":[[[104.61771546,-4.769242725000026],[104.62017628000001,-4.76398078699998],[104.61921288000002,-4.753222756000014],[104.61720410599997,-4.7578685839999935],[104.61378031999999,-4.760156886999994],[104.60434972899998,-4.762969379000026],[104.592747857,-4.772329528],[104.59192262099998,-4.774564471000019],[104.58854846499997,-4.780398276000028],[104.586471991,-4.782234078999977],[104.58586026,-4.784438174000002],[104.590088799,-4.7840272380000215],[104.58908610499998,-4.7870227980000095],[104.58976175100003,-4.787892778000014],[104.59240993399999,-4.788282115000015],[104.594669092,-4.792922148999992],[104.59740305999998,-4.793541301000005],[104.59871036700002,-4.792111642000009],[104.599817685,-4.791563850999978],[104.60000865,-4.792169562000026],[104.60539780800002,-4.7876887929999725],[104.60502439499999,-4.785364035999976],[104.61239123399997,-4.781629059000011],[104.61264600999999,-4.777953222000008],[104.61517451100002,-4.775419487000022],[104.61771546,-4.769242725000026]]]},"properties":{"NAMOBJ":"Negeri Sungkai","WADMKC":"Gunung Labuhan","KDCPUM":"18.08.10"}},{"type":"Feature","geometry":{"type":"Polygon","coordinates":[[[104.61251729100002,-4.562685665999993],[104.60945619,-4.567608600000028],[104.60711611800002,-4.568329079000023],[104.60318840000002,-4.5635487480000165],[104.595935612,-4.569849407999982],[104.594064108,-4.572800205000021],[104.58861701699999,-4.586126825999997],[104.58608352099998,-4.6004687070000045],[104.58831744000003,-4.603119460000016],[104.59108858600001,-4.601783791000003],[104.59176065000003,-4.60283255500002],[104.591166886,-4.603766022000002],[104.59225196,-4.6042094520000205],[104.595884823,-4.6021077890000015],[104.597580456,-4.60212231600002],[104.59962096499999,-4.600655786000004],[104.598906005,-4.598450679999985],[104.60133931399997,-4.597762491000026],[104.604144485,-4.59914627500001],[104.60529768399999,-4.600950338000018],[104.61049592400002,-4.602264042000002],[104.612555896,-4.604891264000003],[104.61247931000003,-4.607722556999988],[104.61077250599999,-4.609319282000001],[104.61173463900002,-4.609680651000019],[104.615487326,-4.607257243999982],[104.62513938199999,-4.607800490999978],[104.631290632,-4.604057343000022],[104.62996861900001,-4.601884057999996],[104.61406480900001,-4.5874407850000125],[104.614961784,-4.58734773499998],[104.61079724299998,-4.577799418999973],[104.610959047,-4.576914258999977],[104.61266274000002,-4.577466293999976],[104.61370970299998,-4.576647760000014],[104.611638143,-4.572338555999977],[104.61251729100002,-4.562685665999993]]]},"properties":{"NAMOBJ":"Negeri Agung","WADMKC":"Negeri Agung","KDCPUM":"18.08.07"}},{"type":"Feature","geometry":{"type":"Polygon","coordinates":[[[104.53262418499997,-4.570137461000002],[104.53382380400001,-4.564926467000021],[104.51005056000002,-4.567738154999972],[104.50916730400002,-4.567155662999994],[104.50722566399998,-4.567920897000022],[104.50487404299997,-4.567431917000022],[104.50148176099998,-4.568138826999984],[104.50072794800002,-4.569174368000006],[104.497873927,-4.568684341999983],[104.49624950499998,-4.567332469999997],[104.471204161,-4.568647037000005],[104.47013878000001,-4.571002779000025],[104.47074317200003,-4.571690251999996],[104.462960178,-4.574103069999978],[104.46135377799999,-4.572952054999973],[104.45922229799999,-4.576192575999983],[104.45807678400001,-4.575786349999987],[104.453645102,-4.578899776000014],[104.45217093600002,-4.578677302000017],[104.45256729699997,-4.577226123000003],[104.45020191399999,-4.578101576999984],[104.44895997999998,-4.576787266999986],[104.44125584,-4.574532868000006],[104.44039516700002,-4.576471923999975],[104.436030802,-4.57704378699998],[104.44888380200001,-4.584091114999978],[104.45142245599999,-4.5863780600000155],[104.45555707,-4.586520871999994],[104.45458371199999,-4.588513020999983],[104.45687180200002,-4.589510490000009],[104.46041575100003,-4.593320791999986],[104.46215632600001,-4.59330778399999],[104.46324722999998,-4.595014572000025],[104.466171111,-4.594652893999978],[104.46827436500001,-4.595844735000014],[104.48590441200002,-4.599229956999977],[104.50602603599998,-4.603093598999976],[104.525497825,-4.597613863999982],[104.537176316,-4.594584037999994],[104.53185201899998,-4.593898514999978],[104.53059471199998,-4.592745428000001],[104.53139287900001,-4.592059382000002],[104.53023376200002,-4.586674376000019],[104.53043719099998,-4.583385436000015],[104.52970051,-4.582426417000022],[104.53026777399998,-4.58108249899999],[104.52932507100002,-4.5799310780000155],[104.52973433800003,-4.578969775000019],[104.52868310999997,-4.5753693240000075],[104.531718872,-4.575372403000017],[104.530878288,-4.572925707000024],[104.53262418499997,-4.570137461000002]]]},"properties":{"NAMOBJ":"Negeri Baru","WADMKC":"Umpu Semenguk","KDCPUM":"18.08.15"}},{"type":"Feature","geometry":{"type":"Polygon","coordinates":[[[104.37142562700001,-4.6881467559999805],[104.37157013400002,-4.686478102000024],[104.36879530800002,-4.680792790999988],[104.36735400200001,-4.681489553000006],[104.36548633899997,-4.6848967660000085],[104.364063042,-4.685195549000014],[104.36380772199999,-4.68629181],[104.362101397,-4.685851785000011],[104.361052943,-4.687823751999986],[104.35935259399997,-4.688312670000016],[104.35907010900002,-4.690556258000015],[104.35612030700003,-4.691640569000015],[104.35270983499998,-4.698512575999985],[104.35357359,-4.699901103000002],[104.352101403,-4.700172724000026],[104.35327480699999,-4.701421093000022],[104.352666376,-4.703262682999991],[104.35158532399998,-4.70317576399998],[104.34883054599999,-4.7056464269999765],[104.34816779099998,-4.705423698999994],[104.34616431400002,-4.7091470770000114],[104.345018074,-4.708533213999999],[104.34302709299999,-4.709323086999973],[104.34353774200002,-4.710262897000007],[104.34092474900001,-4.7112298659999965],[104.34055643099998,-4.712619478000022],[104.33936129799997,-4.713054070999988],[104.33907338,-4.715018434000001],[104.33603394400001,-4.717097963000015],[104.33475297899997,-4.719508870000027],[104.332759281,-4.719644679999988],[104.331553283,-4.721891528000015],[104.328675191,-4.722103392999998],[104.32613010300003,-4.723816777000025],[104.32563575199998,-4.726272230000006],[104.32665704800002,-4.726348283999982],[104.32622788700002,-4.728094262000013],[104.32683088499999,-4.729304604999982],[104.32623875000002,-4.730564926],[104.327537098,-4.732039283000006],[104.32733610000002,-4.734721811999975],[104.328150962,-4.735715943999992],[104.32724374899999,-4.7381583590000105],[104.32834109599997,-4.739948884],[104.327526234,-4.74065509899998],[104.323680083,-4.740796341000021],[104.32430589699999,-4.743955835000008],[104.32289346900001,-4.744714199999976],[104.32270333399998,-4.75073549199999],[104.32148701599999,-4.754428448999988],[104.32486246799999,-4.760119081000028],[104.32858429499998,-4.761414085000013],[104.332820776,-4.766108734999989],[104.33090651499998,-4.767855628999996],[104.33164920600001,-4.768713385000012],[104.32883534500002,-4.769746877999978],[104.323701358,-4.774504288999992],[104.31328303499998,-4.776512674000003],[104.31133746900002,-4.77857622099998],[104.31252739500002,-4.778764704000025],[104.31327752599998,-4.77995482],[104.31246720500002,-4.7812787089999915],[104.31372414700002,-4.7814632419999725],[104.31435047600002,-4.783188215999985],[104.31533264299998,-4.783458336000024],[104.31412152600001,-4.784557059000008],[104.31521083299998,-4.786075821999987],[104.31659586400002,-4.7861821490000125],[104.31686622000001,-4.787337977999982],[104.31806201699999,-4.787125204999995],[104.31797399999999,-4.789034548000018],[104.31963377699998,-4.791770584999995],[104.322199705,-4.793848135000019],[104.32186366399998,-4.795243244999995],[104.323649719,-4.795747542000015],[104.32303391300002,-4.797141644000021],[104.32424226299997,-4.799255329000005],[104.32527574300002,-4.798962526000025],[104.32641725399998,-4.801187943000002],[104.32820699500002,-4.8013645039999915],[104.32681257500002,-4.804369397000016],[104.32720587199998,-4.805966477000027],[104.32628655100001,-4.806876932000023],[104.32666391999999,-4.808099129000027],[104.32811847400001,-4.808460778999972],[104.32831068500002,-4.8115709130000255],[104.33313189299997,-4.814110186999983],[104.33273969499999,-4.81569073899999],[104.334236756,-4.815084019999972],[104.33515249499999,-4.816667589000019],[104.33368129500002,-4.816726613000014],[104.33351721000002,-4.817474842000024],[104.33494684099998,-4.818490279000002],[104.336244593,-4.818128817000002],[104.33819082000002,-4.82034308599998],[104.33820135399998,-4.821665062000022],[104.34732613199998,-4.824609243999987],[104.347694359,-4.823855878000018],[104.35099213299998,-4.8229824699999995],[104.35544626699999,-4.824746332000018],[104.35804623299998,-4.823682023999993],[104.359903938,-4.82431109800001],[104.364041923,-4.822548277999999],[104.36608422199998,-4.82322461199999],[104.369049415,-4.821730527],[104.36798562199999,-4.82448503400002],[104.36287689800002,-4.829173158000003],[104.36114093499998,-4.833862595000028],[104.358140993,-4.835440313999982],[104.35905954200001,-4.835972244000004],[104.35807326499997,-4.838009697000018],[104.35998461100002,-4.842017528999975],[104.358493705,-4.845477591000019],[104.35379848500003,-4.849106012999982],[104.35395035099998,-4.8505009849999965],[104.34698488200002,-4.854088565999973],[104.344581506,-4.8593004489999885],[104.34273462300001,-4.860347279999985],[104.33944548900001,-4.864427486000011],[104.33948954800002,-4.867235779999987],[104.34155280700003,-4.868704603000026],[104.348046598,-4.869855109000014],[104.35001037199999,-4.873955444999979],[104.35145350900001,-4.874760384000012],[104.357655341,-4.871110269999974],[104.36296756799999,-4.869370618000005],[104.36559222099999,-4.869497100999979],[104.36690000599998,-4.870598910000012],[104.37261988199998,-4.869459337000023],[104.37352601999999,-4.871038539999972],[104.37562750699999,-4.869603960000006],[104.377992092,-4.869731592999983],[104.37992996700001,-4.868162493],[104.38438148799997,-4.8716106169999875],[104.39002993399998,-4.870101961999978],[104.394063001,-4.871433184000011],[104.40182515100003,-4.867943551999986],[104.40489254599999,-4.867803567999999],[104.40621921600001,-4.865446871000017],[104.41183823,-4.864029859000027],[104.41312280900001,-4.864647767000008],[104.41454250499999,-4.868598234999979],[104.414284855,-4.870898574000023],[104.41861493699997,-4.875936032000027],[104.41800336900002,-4.881434276999983],[104.419264935,-4.88224044399999],[104.42010585600002,-4.885076529999992],[104.418820288,-4.888819545999979],[104.421681788,-4.894991001999983],[104.42254133799997,-4.902635942000018],[104.42589851999998,-4.906086421999987],[104.43008671000001,-4.9133061649999945],[104.43647595099998,-4.914521272000002],[104.439729796,-4.917020724999986],[104.44192284899998,-4.9199526269999865],[104.44237159800002,-4.921436772999982],[104.44081053899998,-4.922665043999984],[104.43695845000002,-4.9291273680000245],[104.437370789,-4.934864000000005],[104.44061743100002,-4.938139091999972],[104.441623193,-4.942323731999977],[104.44267686799998,-4.943304902000023],[104.448432921,-4.944474924000019],[104.449488084,-4.942720598999983],[104.45221694899999,-4.941628229000003],[104.46370463099998,-4.939349976000017],[104.463781116,-4.937611629999992],[104.466493189,-4.9342991330000245],[104.46868208900003,-4.933148222999989],[104.47493837500002,-4.933301764000021],[104.478429033,-4.931758724000019],[104.48098704699999,-4.9325394389999815],[104.483900963,-4.93611053799998],[104.490985567,-4.935460405000015],[104.49341167,-4.936368210000012],[104.49518584700002,-4.9384238299999765],[104.499272959,-4.940713216000006],[104.50259061499997,-4.94091559200001],[104.50606753099999,-4.942804840000008],[104.50956999300001,-4.942924117000018],[104.51190111400001,-4.938064675000021],[104.51160163200001,-4.936101168999983],[104.51461007900002,-4.9299703809999755],[104.512352534,-4.9270677640000144],[104.51422706099999,-4.924636453000005],[104.51401004000002,-4.923111315000028],[104.51857174100002,-4.921996119000028],[104.51818241400002,-4.918619741999976],[104.51709159799998,-4.918357232000005],[104.517754889,-4.916304066000009],[104.51896534899998,-4.915331411000011],[104.51926118699998,-4.912811315999988],[104.52333329999999,-4.911111111000025],[104.52455944600001,-4.904999999999973],[104.52265099599998,-4.902246235999996],[104.51791775100003,-4.901800679000019],[104.51737437700001,-4.894626797000001],[104.514084454,-4.8916429490000155],[104.50097645199997,-4.883675602999972],[104.49513122799999,-4.880998771999998],[104.49065630400003,-4.877660171000002],[104.48149010700001,-4.877854135000007],[104.47620164199998,-4.8812147400000185],[104.47360598300003,-4.8858251020000125],[104.46678292799999,-4.888932817000011],[104.46117671899998,-4.895772852999983],[104.455819975,-4.895222744000023],[104.44674351999998,-4.889949451000007],[104.44226513299998,-4.886537802000021],[104.43864824600001,-4.882226746000015],[104.420238912,-4.858774249000021],[104.429303388,-4.855105858999991],[104.437698463,-4.84699636900001],[104.43998721000003,-4.843078334999973],[104.440978084,-4.839251165999997],[104.447815289,-4.833504244999972],[104.45760618999998,-4.821529392999992],[104.452387472,-4.816357138000001],[104.451014778,-4.816214640999988],[104.43016931,-4.820918431999985],[104.43146571400001,-4.810012648999987],[104.43364424499998,-4.804679426999996],[104.44047371099998,-4.803839304000007],[104.44290076099998,-4.804346129999999],[104.44381943100001,-4.803234627999984],[104.437999472,-4.789525876000027],[104.44456270900002,-4.782111311999984],[104.44884809500002,-4.7820821259999775],[104.44869063200002,-4.773507702000018],[104.44400816500001,-4.776666175999992],[104.442596547,-4.778790024999978],[104.437745065,-4.780305682000005],[104.43383939799998,-4.779722825000022],[104.43273355000002,-4.776355115000001],[104.42976097899998,-4.783221953999998],[104.42331392099999,-4.7786338089999845],[104.41746330799998,-4.772118933000002],[104.41301918900001,-4.769110730000023],[104.41419808299997,-4.7646845869999765],[104.412817335,-4.757377351999992],[104.40628405199999,-4.7550567860000115],[104.40429181100001,-4.752053541999999],[104.400999695,-4.7534550949999925],[104.39837947299998,-4.754570602999991],[104.39504421700002,-4.749067680999985],[104.38597228100002,-4.742884505000006],[104.385827528,-4.7217347409999775],[104.37174139000001,-4.731466106000028],[104.37103404499999,-4.724588465000011],[104.372235865,-4.72196059700002],[104.37198364900001,-4.719026508000013],[104.37284215800003,-4.719532992999973],[104.37318064499999,-4.718902581999998],[104.37205304999998,-4.717420424000011],[104.37380690100002,-4.717374654000025],[104.37326193299998,-4.716679054999986],[104.374193343,-4.715893864000009],[104.37414638299998,-4.713516797000011],[104.37604346299997,-4.71373063499999],[104.37736427300001,-4.7102448919999915],[104.379502908,-4.708413371000006],[104.37976413199999,-4.703512064999984],[104.374643719,-4.702408091999985],[104.37191863599998,-4.704017995000015],[104.36933635999998,-4.703312294999989],[104.36700736300003,-4.702531049000015],[104.36455141599998,-4.699022710999998],[104.36724064499998,-4.696605465999994],[104.36863384700001,-4.693825756000024],[104.368231891,-4.690491599999973],[104.37142562700001,-4.6881467559999805]]]},"properties":{"NAMOBJ":"Menanga Jaya","WADMKC":"Banjit","KDCPUM":"18.08.03"}},{"type":"Feature","geometry":{"type":"MultiPolygon","coordinates":[[[[104.681491961,-4.322269412000026],[104.678683594,-4.315595769000026],[104.67983897300002,-4.307917351000015],[104.680106062,-4.295308208999984],[104.68105497300002,-4.293492876000016],[104.68519360200003,-4.290511612999978],[104.68579748399998,-4.289258142999984],[104.6852333,-4.285214784999994],[104.68273564100002,-4.280371801999991],[104.68235092499998,-4.274300485000026],[104.675199556,-4.267855963999978],[104.671237255,-4.261801843000001],[104.669505318,-4.252826748000018],[104.66566304899999,-4.24962874900001],[104.65874122899999,-4.248668060999989],[104.65919275499999,-4.254367790000003],[104.65834800599998,-4.256158814999992],[104.66124889999998,-4.258794679999994],[104.65712651000001,-4.259706960000017],[104.65929543599998,-4.282702160999975],[104.66239167399999,-4.282253087000015],[104.66260966200002,-4.286456715999975],[104.65923994000002,-4.2897792489999915],[104.65881613300002,-4.294977581000012],[104.65718842199999,-4.299268652000023],[104.657784305,-4.313292833999981],[104.65861723500001,-4.316486435999991],[104.65680389599999,-4.317365180000024],[104.66870953099999,-4.3212161540000125],[104.681491961,-4.322269412000026]]],[[[104.604804151,-4.391668336000009],[104.60240636600003,-4.393003523000004],[104.60180304699998,-4.396389510000006],[104.60403038099997,-4.399611016999984],[104.60689084500001,-4.398440877999974],[104.604804151,-4.391668336000009]]]]},"properties":{"NAMOBJ":"Mesir Ilir","WADMKC":"Bahuga","KDCPUM":"18.08.05"}},{"type":"Feature","geometry":{"type":"Polygon","coordinates":[[[104.90933431899998,-4.403992974000005],[104.90685309600002,-4.402766266000015],[104.87798914000001,-4.402940495999985],[104.87698255200002,-4.405387809999979],[104.88007926799997,-4.412124962999997],[104.879235703,-4.420397567000009],[104.880362994,-4.428616427000009],[104.895128387,-4.431191747000014],[104.90079347699998,-4.433082947999992],[104.90523979099999,-4.429775317999997],[104.91009241,-4.416425678999985],[104.91157505299998,-4.415635328999997],[104.91397103000003,-4.414358106999998],[104.91009386799999,-4.404331921999983],[104.90933431899998,-4.403992974000005]]]},"properties":{"NAMOBJ":"Sri Basuki","WADMKC":"Negeri Besar","KDCPUM":"18.08.12"}},{"type":"Feature","geometry":{"type":"Polygon","coordinates":[[[104.55129432299998,-4.267722024000022],[104.55108839500002,-4.256868053999995],[104.53669444399998,-4.261086110999997],[104.53636111100002,-4.2649527780000085],[104.52477777799999,-4.26428611099999],[104.523989814,-4.277674495999975],[104.525289402,-4.276645330999997],[104.52622595600002,-4.277049665999982],[104.52608959700001,-4.2751424799999995],[104.52815461799997,-4.2767226519999895],[104.52763353900002,-4.2775678599999765],[104.53021275600003,-4.276950413999998],[104.531429533,-4.277757837000024],[104.53110940300002,-4.276674131999982],[104.53377270300001,-4.275200734000009],[104.53502426199998,-4.273781664000012],[104.53635974899998,-4.274574303999998],[104.53839418899997,-4.27429590700001],[104.53936732199998,-4.275856067999996],[104.54163682299998,-4.27471196800002],[104.54144545399998,-4.273701691999975],[104.544046998,-4.271944194000014],[104.545686687,-4.2724678229999995],[104.54561388399998,-4.271035868000013],[104.547825859,-4.270616349000022],[104.54867470699998,-4.268977682000013],[104.546445366,-4.267226477000008],[104.55029449199998,-4.26657626399998],[104.55129432299998,-4.267722024000022]]]},"properties":{"NAMOBJ":"Suka Agung","WADMKC":"Buay Bahuga","KDCPUM":"18.08.13"}},{"type":"Feature","geometry":{"type":"Polygon","coordinates":[[[104.92651633100002,-4.4222776679999924],[104.91157505299998,-4.415635328999997],[104.91009241,-4.416425678999985],[104.90523979099999,-4.429775317999997],[104.90079347699998,-4.433082947999992],[104.90242463800001,-4.435364434000007],[104.90274298399999,-4.440442672000017],[104.90196356199999,-4.445069235000005],[104.89664866700002,-4.448076410999988],[104.90058627399998,-4.450219808999975],[104.90150581400002,-4.452990473],[104.920826218,-4.462725966999983],[104.91980399099998,-4.451236721999976],[104.918490529,-4.4502278310000065],[104.91909967100003,-4.446839479000005],[104.91692302899997,-4.43425337299999],[104.917852359,-4.429889398],[104.919746885,-4.429250502999992],[104.91961363399997,-4.427879933999975],[104.921117455,-4.426585507000027],[104.92304005900002,-4.427289826999981],[104.923611129,-4.429421823999974],[104.92254512900001,-4.429631217000008],[104.92267600000002,-4.4306424879999895],[104.921402989,-4.430832844999998],[104.92244995300001,-4.431475298999999],[104.91959697800002,-4.4326007839999875],[104.92071056700001,-4.433685818000015],[104.92386573200002,-4.432800659000009],[104.92690668300003,-4.427989389000004],[104.925042851,-4.424057805000018],[104.92651633100002,-4.4222776679999924]]]},"properties":{"NAMOBJ":"Negara Jaya","WADMKC":"Negeri Besar","KDCPUM":"18.08.12"}},{"type":"Feature","geometry":{"type":"Polygon","coordinates":[[[104.86953628999999,-4.385380108999982],[104.86937480199998,-4.384880493000026],[104.86743486400002,-4.387059276999992],[104.85901435699998,-4.392665937000004],[104.85636797299998,-4.400541250999993],[104.85702493299999,-4.403034995999974],[104.87290530199999,-4.402816287000007],[104.87080738700001,-4.391848089999996],[104.87123806800003,-4.3869297439999855],[104.86953628999999,-4.385380108999982]]]},"properties":{"NAMOBJ":"Negara Mulya","WADMKC":"Negara Batin","KDCPUM":"18.08.11"}},{"type":"Feature","geometry":{"type":"Polygon","coordinates":[[[104.50887823800002,-4.643555225],[104.50819460899999,-4.638378272000011],[104.511922288,-4.635207365999975],[104.51729337799998,-4.627160452999988],[104.52526698700001,-4.617702797999982],[104.53044328200002,-4.608563358000026],[104.52935983700002,-4.60155314299999],[104.525497825,-4.597613863999982],[104.50602603599998,-4.603093598999976],[104.48590441200002,-4.599229956999977],[104.48509633100002,-4.604683394000006],[104.48223186400003,-4.608341020000012],[104.480915821,-4.607944642999996],[104.47746923900002,-4.608842320000008],[104.47527864400001,-4.608173265999994],[104.47374733999999,-4.609845066999981],[104.47158073000003,-4.61018846799999],[104.47038301499998,-4.611258915999997],[104.47003027,-4.612830636000012],[104.47219082999999,-4.6129306340000085],[104.47119419900002,-4.617106679000017],[104.46918692399998,-4.618621932999986],[104.46964746100002,-4.619735827999989],[104.46887205500002,-4.620009632999995],[104.46866249700003,-4.622977633000005],[104.47144786000001,-4.625133840999979],[104.47050589700001,-4.625696633000018],[104.471426463,-4.627607194999996],[104.47067017900002,-4.629725940000014],[104.47140366000002,-4.631169688999989],[104.470550275,-4.632981944999983],[104.47215952300002,-4.635493444000019],[104.47208833100001,-4.637928476000013],[104.47322905099998,-4.639970409999989],[104.47681310500002,-4.6382247760000155],[104.47862549899997,-4.642201010000008],[104.48005800300001,-4.650153009999997],[104.47862301499998,-4.653372493000006],[104.47949711799998,-4.653294871000014],[104.479891006,-4.655810998999982],[104.50063539400003,-4.655283208000014],[104.50616369300002,-4.655234866000001],[104.50834495200002,-4.651144337999995],[104.50887823800002,-4.643555225]]]},"properties":{"NAMOBJ":"Negeri Batin","WADMKC":"Umpu Semenguk","KDCPUM":"18.08.15"}},{"type":"Feature","geometry":{"type":"Polygon","coordinates":[[[104.980497012,-4.383551195999985],[104.96957953499998,-4.381046923999975],[104.95541854800001,-4.379720296000016],[104.96517496400003,-4.3919286710000165],[104.965800666,-4.396326435999981],[104.96235789100001,-4.4018234389999975],[104.96407882300002,-4.408577190000017],[104.96047955699999,-4.412974738999992],[104.95704268899999,-4.415422568999986],[104.95792744699997,-4.418907554999976],[104.95910765899998,-4.419916446000002],[104.96546557900001,-4.418926589000023],[104.96611279000001,-4.420906302999981],[104.96371429599998,-4.423304798999993],[104.96386363300002,-4.424392071],[104.96774341499997,-4.423138194999979],[104.97238757999997,-4.419362099000011],[104.97269140399999,-4.417408946000023],[104.97151951199999,-4.413459235999994],[104.97807342599998,-4.41402347799999],[104.98006998199997,-4.4123741509999945],[104.97902830100003,-4.409900158000028],[104.97551262399998,-4.407816792999995],[104.975121994,-4.40655809399999],[104.97672791899998,-4.405342797999992],[104.97894149400003,-4.405125783000017],[104.97920191399999,-4.404084101000024],[104.97638069300001,-4.403302838999991],[104.97442754000002,-4.401176071999998],[104.97447094299997,-4.399570145999974],[104.97516539700001,-4.399266323999996],[104.97568623699999,-4.400568424000028],[104.977248761,-4.401219476999984],[104.98189292500001,-4.400047583999992],[104.98441032199997,-4.395880856000019],[104.98593722499999,-4.396318742999995],[104.98657308600002,-4.394045726999991],[104.99021618199998,-4.396040325000001],[104.99322093799998,-4.394675989000007],[104.99794266499998,-4.396471240999972],[105,-4.392090897000003],[104.99944504199999,-4.3900084360000164],[105.00152962700002,-4.3862674659999925],[104.98052777800001,-4.385083333000011],[104.980497012,-4.383551195999985]]]},"properties":{"NAMOBJ":"Negeri Besar","WADMKC":"Negeri Besar","KDCPUM":"18.08.12"}},{"type":"Feature","geometry":{"type":"Polygon","coordinates":[[[104.48590441200002,-4.599229956999977],[104.46827436500001,-4.595844735000014],[104.466171111,-4.594652893999978],[104.46324722999998,-4.595014572000025],[104.46215632600001,-4.59330778399999],[104.46041575100003,-4.593320791999986],[104.45687180200002,-4.589510490000009],[104.45458371199999,-4.588513020999983],[104.45555707,-4.586520871999994],[104.45142245599999,-4.5863780600000155],[104.44888380200001,-4.584091114999978],[104.44974818100002,-4.589009359999977],[104.44768318299998,-4.592061989999991],[104.44835904399997,-4.5937742030000095],[104.44796542199998,-4.5961120439999945],[104.44923494400001,-4.597765788999993],[104.44706353700002,-4.597986139999989],[104.449223254,-4.599122898000019],[104.44939051699998,-4.600115635999998],[104.45108418400002,-4.599523277999992],[104.45049636599998,-4.603826889000004],[104.45231559299998,-4.606175640000004],[104.44930653699998,-4.607765529000005],[104.45110083999998,-4.609867969999982],[104.44978599699999,-4.612782389000017],[104.448432782,-4.612971791000007],[104.448100668,-4.611320465000006],[104.44579914399998,-4.611906499999975],[104.44333907599997,-4.6145038500000055],[104.44292187600001,-4.616256525999972],[104.44181863900002,-4.616589800999975],[104.44336947900001,-4.617784289999975],[104.441596748,-4.619063213999993],[104.44863375800003,-4.625593378000019],[104.449940857,-4.625166673000024],[104.45050203099998,-4.627846520999981],[104.471426463,-4.627607194999996],[104.47050589700001,-4.625696633000018],[104.47144786000001,-4.625133840999979],[104.46866249700003,-4.622977633000005],[104.46887205500002,-4.620009632999995],[104.46964746100002,-4.619735827999989],[104.46918692399998,-4.618621932999986],[104.47119419900002,-4.617106679000017],[104.47219082999999,-4.6129306340000085],[104.47003027,-4.612830636000012],[104.47038301499998,-4.611258915999997],[104.47158073000003,-4.61018846799999],[104.47374733999999,-4.609845066999981],[104.47527864400001,-4.608173265999994],[104.47746923900002,-4.608842320000008],[104.480915821,-4.607944642999996],[104.48223186400003,-4.608341020000012],[104.48509633100002,-4.604683394000006],[104.48590441200002,-4.599229956999977]]]},"properties":{"NAMOBJ":"Negeri Bumi Putera","WADMKC":"Umpu Semenguk","KDCPUM":"18.08.15"}},{"type":"Feature","geometry":{"type":"Polygon","coordinates":[[[104.62368201599998,-4.794568218999984],[104.62207239899999,-4.7925087319999875],[104.62016390899998,-4.791971516999979],[104.62169200400001,-4.790028800000016],[104.62128391300001,-4.789052500000025],[104.60849273299999,-4.786770794999995],[104.60539780800002,-4.7876887929999725],[104.60000865,-4.792169562000026],[104.60331639200001,-4.803184179000027],[104.60814373599999,-4.8029796449999935],[104.61489985200001,-4.806204708999985],[104.61709508199999,-4.8001398089999725],[104.61845674900002,-4.799078442999985],[104.621044606,-4.800883180000028],[104.62257244300002,-4.799968232000026],[104.62141257299999,-4.79609198899999],[104.62368201599998,-4.794568218999984]]]},"properties":{"NAMOBJ":"Negeri Ujan Mas","WADMKC":"Gunung Labuhan","KDCPUM":"18.08.10"}},{"type":"Feature","geometry":{"type":"Polygon","coordinates":[[[104.681491961,-4.322269412000026],[104.66870953099999,-4.3212161540000125],[104.65680389599999,-4.317365180000024],[104.65040152699999,-4.319906543000002],[104.646637704,-4.323289595000006],[104.64702745099999,-4.324277017999975],[104.64992563499999,-4.325610111000003],[104.65011890599999,-4.327940967000018],[104.65155556600001,-4.3278705989999935],[104.65185299799998,-4.325990823999973],[104.65275719200002,-4.326062208999986],[104.660336653,-4.332253160999983],[104.67588660199999,-4.3300935460000005],[104.68383168499997,-4.334629215000007],[104.68343649600001,-4.328609334000021],[104.681491961,-4.322269412000026]]]},"properties":{"NAMOBJ":"Mesir Udik","WADMKC":"Bahuga","KDCPUM":"18.08.05"}},{"type":"Feature","geometry":{"type":"Polygon","coordinates":[[[104.476340709,-4.79300286199998],[104.46869743799999,-4.791963028999987],[104.466722876,-4.790841398999987],[104.46526964899999,-4.788598153999999],[104.45856637000003,-4.787139696999986],[104.45215837799998,-4.790923111999973],[104.45069602000001,-4.796601959999975],[104.44381943100001,-4.803234627999984],[104.44290076099998,-4.804346129999999],[104.44047371099998,-4.803839304000007],[104.43364424499998,-4.804679426999996],[104.43146571400001,-4.810012648999987],[104.43016931,-4.820918431999985],[104.451014778,-4.816214640999988],[104.452387472,-4.816357138000001],[104.45760618999998,-4.821529392999992],[104.47145683999997,-4.8175607840000225],[104.47033943000002,-4.8151509799999985],[104.470304908,-4.806223921000026],[104.47442321900002,-4.804375686000014],[104.47255858400001,-4.798925842000017],[104.476340709,-4.79300286199998]]]},"properties":{"NAMOBJ":"Menanga Siamang","WADMKC":"Banjit","KDCPUM":"18.08.03"}},{"type":"Feature","geometry":{"type":"Polygon","coordinates":[[[104.94375246999999,-4.4347203980000245],[104.94224118099999,-4.430011100999991],[104.92651633100002,-4.4222776679999924],[104.925042851,-4.424057805000018],[104.92690668300003,-4.427989389000004],[104.92386573200002,-4.432800659000009],[104.92071056700001,-4.433685818000015],[104.91959697800002,-4.4326007839999875],[104.92244995300001,-4.431475298999999],[104.921402989,-4.430832844999998],[104.92267600000002,-4.4306424879999895],[104.92254512900001,-4.429631217000008],[104.923611129,-4.429421823999974],[104.92304005900002,-4.427289826999981],[104.921117455,-4.426585507000027],[104.91961363399997,-4.427879933999975],[104.919746885,-4.429250502999992],[104.917852359,-4.429889398],[104.91692302899997,-4.43425337299999],[104.91909967100003,-4.446839479000005],[104.918490529,-4.4502278310000065],[104.91980399099998,-4.451236721999976],[104.920826218,-4.462725966999983],[104.93066546900002,-4.464993696000022],[104.93731617100002,-4.463232898000001],[104.93919450499999,-4.457892959999981],[104.94013392400001,-4.45200322300002],[104.94107332599998,-4.446113486000002],[104.944047103,-4.439360062999981],[104.94375246999999,-4.4347203980000245]]]},"properties":{"NAMOBJ":"Negeri Jaya","WADMKC":"Negeri Besar","KDCPUM":"18.08.12"}},{"type":"Feature","geometry":{"type":"Polygon","coordinates":[[[104.55129432299998,-4.267722024000022],[104.55029449199998,-4.26657626399998],[104.546445366,-4.267226477000008],[104.54867470699998,-4.268977682000013],[104.547825859,-4.270616349000022],[104.54561388399998,-4.271035868000013],[104.545686687,-4.2724678229999995],[104.544046998,-4.271944194000014],[104.54144545399998,-4.273701691999975],[104.54163682299998,-4.27471196800002],[104.53936732199998,-4.275856067999996],[104.541462916,-4.285448176999978],[104.54848623800001,-4.289063149000015],[104.55287079200002,-4.293485209999972],[104.55283137200001,-4.295668119000027],[104.554280323,-4.296913623000023],[104.55446143299997,-4.298404005000009],[104.55236685900002,-4.30241756700002],[104.55218973400002,-4.305302924999978],[104.55806235300003,-4.304576612999995],[104.55888634500002,-4.308751178000023],[104.55953840699999,-4.308587935999981],[104.560014062,-4.311510010999996],[104.56071259999999,-4.311510415999976],[104.56071151200001,-4.313403741999991],[104.57556249700002,-4.312750031000007],[104.57553857699997,-4.307451448999984],[104.57142232400003,-4.293633231000001],[104.572372524,-4.2742314640000245],[104.57205555799999,-4.273676987999977],[104.571629616,-4.27218564399999],[104.570546551,-4.272243161000006],[104.56925626100002,-4.273790104],[104.56864410600002,-4.272360366999976],[104.56730985600001,-4.272502378000013],[104.56614355800002,-4.27526543099998],[104.56574821700002,-4.274259176999976],[104.56401129099999,-4.27358916899999],[104.563187234,-4.270358368000018],[104.56108707599998,-4.271522907000019],[104.559859324,-4.2706547270000215],[104.55916416000002,-4.271572172999981],[104.557483472,-4.270029420000014],[104.55621175599998,-4.270702997000001],[104.55594065999998,-4.269262459000004],[104.55129435700002,-4.26965282499998],[104.55129432299998,-4.267722024000022]]]},"properties":{"NAMOBJ":"Sukadana","WADMKC":"Buay Bahuga","KDCPUM":"18.08.13"}},{"type":"Feature","geometry":{"type":"Polygon","coordinates":[[[104.87383527899999,-4.234437264000007],[104.87247668499998,-4.235644481999998],[104.87160294400002,-4.234930545999987],[104.872384453,-4.233457631000022],[104.86996521600003,-4.231925831000012],[104.86960488199998,-4.232609707999984],[104.86855711700002,-4.232844312999987],[104.867884522,-4.232068217999995],[104.86727610000003,-4.232807617999981],[104.86645600499997,-4.2314404599999875],[104.86368563799999,-4.231368734],[104.86323095900002,-4.233297972999992],[104.862004275,-4.233537947000002],[104.86050766199997,-4.235279412000011],[104.861185406,-4.23595736499999],[104.860600718,-4.236449178999976],[104.86192523300002,-4.237170671999991],[104.85929198600002,-4.238159462999988],[104.85936410900001,-4.2392227000000275],[104.85774670400002,-4.2393780369999945],[104.85750435699998,-4.240059757999973],[104.856978932,-4.239470170999994],[104.85511086399998,-4.241392012999995],[104.853200426,-4.239788198999975],[104.85015284500003,-4.241597332000026],[104.850182357,-4.239956974999984],[104.84868272199998,-4.238976372000025],[104.84908268200002,-4.239683185999979],[104.84500127400003,-4.238354128000026],[104.84511698300003,-4.239688705999981],[104.84361025099997,-4.239433491],[104.843857281,-4.238688195000009],[104.843118425,-4.238516047000019],[104.842086795,-4.2393193899999915],[104.84054578899998,-4.239102086999992],[104.84019727600003,-4.237676604000001],[104.83883869200002,-4.239042638000001],[104.83737432200002,-4.2379053500000055],[104.834972655,-4.240138219000016],[104.83398622099998,-4.239099825999972],[104.83199078500002,-4.239796222999985],[104.83167921500001,-4.238293123000005],[104.83066680600001,-4.239543663999996],[104.827325691,-4.238752598000019],[104.82627852299998,-4.242203861000007],[104.82348695899998,-4.243361377999975],[104.82327564799999,-4.241486069000018],[104.82110638099999,-4.241549077000002],[104.82155117399998,-4.240570971000011],[104.81754345799999,-4.242524678999985],[104.81741711799998,-4.241768728000011],[104.81643476300002,-4.242141601000014],[104.81771810999999,-4.299314932000016],[104.84068383599998,-4.308754797000006],[104.84730442300003,-4.319273667999994],[104.84952565600003,-4.330555881000009],[104.83586939499997,-4.325759624],[104.839916184,-4.339560210999991],[104.83669675099998,-4.3415357729999755],[104.833880723,-4.344809016999989],[104.83430566700002,-4.350591098999985],[104.832650839,-4.350173609000024],[104.827488287,-4.355050451000011],[104.82044979,-4.3571868079999945],[104.81919271499999,-4.358608136999976],[104.81831154899999,-4.367559964999998],[104.820497854,-4.373150704000011],[104.81440288300001,-4.372549246999995],[104.822525428,-4.391905408000014],[104.84655989599997,-4.393725288999974],[104.847018978,-4.403134501000011],[104.85702493299999,-4.403034995999974],[104.85636797299998,-4.400541250999993],[104.85901435699998,-4.392665937000004],[104.86743486400002,-4.387059276999992],[104.86937480199998,-4.384880493000026],[104.86953628999999,-4.385380108999982],[104.872216643,-4.385058662000006],[104.87432185099999,-4.372143773999994],[104.87589229500003,-4.368598377000012],[104.87586849899998,-4.366575834999992],[104.879413897,-4.358937765000007],[104.87514233500002,-4.356434572000012],[104.87042291400002,-4.356020546000025],[104.864369565,-4.357010401000025],[104.84994051299998,-4.354707082999994],[104.84304959299999,-4.354973583000003],[104.84348027599998,-4.336782485000015],[104.84574552200002,-4.333419116000016],[104.84826775200003,-4.333776037000007],[104.85005149599999,-4.333103766000022],[104.85269417199999,-4.318683121999982],[104.851894673,-4.297591580000017],[104.867308073,-4.301275383000018],[104.86685954799998,-4.29259810100001],[104.86956663199999,-4.274410245000013],[104.86928287699999,-4.259237306999978],[104.87068556999998,-4.2559167690000095],[104.87038813700002,-4.250533238999992],[104.87390598100001,-4.242830167000022],[104.87383527899999,-4.234437264000007]]]},"properties":{"NAMOBJ":"Negara Batin","WADMKC":"Negara Batin","KDCPUM":"18.08.11"}},{"type":"Feature","geometry":{"type":"Polygon","coordinates":[[[104.504182518,-4.815019958999983],[104.50211345700001,-4.814872004999984],[104.50146124700001,-4.816152629999976],[104.49864872400002,-4.816411991999985],[104.491846485,-4.820638456999973],[104.49059726799999,-4.820311280999988],[104.49056157400003,-4.821417730000007],[104.48894354100003,-4.822821611999984],[104.48815940899999,-4.826027216],[104.48971200599999,-4.8269254639999986],[104.490887461,-4.830119889999992],[104.48905051700001,-4.83127095399999],[104.489859534,-4.833305393999979],[104.48800008400002,-4.8357986230000165],[104.49118261299998,-4.837549310999975],[104.49192500499998,-4.8398978390000025],[104.49370246400002,-4.839062647999981],[104.494633658,-4.839644668000005],[104.49452401299999,-4.84071607300001],[104.49813610199999,-4.838760268999977],[104.49893779500002,-4.83777698199998],[104.499148376,-4.833969842999977],[104.501086875,-4.830747492],[104.49974470900003,-4.824445330000003],[104.50052743200001,-4.8247395770000026],[104.50189800200002,-4.822360116000027],[104.502811715,-4.822569508000015],[104.50378253500003,-4.821084725999981],[104.50479142699999,-4.8213131530000055],[104.506675959,-4.819866440999988],[104.506752103,-4.817525051000018],[104.505847947,-4.816506451999999],[104.504182518,-4.815019958999983]]]},"properties":{"NAMOBJ":"Neki","WADMKC":"Banjit","KDCPUM":"18.08.03"}},{"type":"Feature","geometry":{"type":"Polygon","coordinates":[[[104.81771810999999,-4.299314932000016],[104.81174947900001,-4.2973220659999924],[104.79888536099998,-4.294787858999996],[104.79837152200002,-4.292237340999975],[104.79678366500002,-4.290622328999973],[104.79227690099998,-4.289875246000008],[104.79111853299997,-4.334077877000027],[104.791454037,-4.350705242999993],[104.79651160999998,-4.358688821999976],[104.79653654100002,-4.363752348999981],[104.806640405,-4.363990649000016],[104.81201133100001,-4.367408510000018],[104.81440288300001,-4.372549246999995],[104.820497854,-4.373150704000011],[104.81831154899999,-4.367559964999998],[104.81919271499999,-4.358608136999976],[104.82044979,-4.3571868079999945],[104.827488287,-4.355050451000011],[104.832650839,-4.350173609000024],[104.83430566700002,-4.350591098999985],[104.833880723,-4.344809016999989],[104.83669675099998,-4.3415357729999755],[104.839916184,-4.339560210999991],[104.83586939499997,-4.325759624],[104.82930305399998,-4.320553056999984],[104.81798062799999,-4.319712528000025],[104.81771810999999,-4.299314932000016]]]},"properties":{"NAMOBJ":"Negara Sakti","WADMKC":"Pakuan Ratu","KDCPUM":"18.08.06"}},{"type":"Feature","geometry":{"type":"Polygon","coordinates":[[[104.788983197,-4.371208689000014],[104.76947467999997,-4.371504193000021],[104.769175658,-4.367888961999995],[104.777279297,-4.367288894000012],[104.77728009700002,-4.364577541000017],[104.76723807299999,-4.365231875000006],[104.76703717100003,-4.367088238999997],[104.76207870399998,-4.368416613000022],[104.747919513,-4.368871258000013],[104.74893828400002,-4.387907808000023],[104.760099196,-4.387789715999986],[104.759839032,-4.392502207999996],[104.76213325499998,-4.398893288000011],[104.767720757,-4.397573706000003],[104.77941112000002,-4.396485620000021],[104.78957290900001,-4.397459907999973],[104.78854169700003,-4.390430689000027],[104.79004075699999,-4.39041641099999],[104.788983197,-4.371208689000014]]]},"properties":{"NAMOBJ":"Negara Tama","WADMKC":"Pakuan Ratu","KDCPUM":"18.08.06"}},{"type":"Feature","geometry":{"type":"MultiPolygon","coordinates":[[[[104.99339185500003,-4.3222944629999915],[104.99605235199999,-4.322187727000028],[104.99808333300001,-4.310166666999976],[104.996361111,-4.287972222000008],[104.99430555599997,-4.279749999999979],[104.98888888900001,-4.272722222000027],[104.989166667,-4.264777777999996],[104.98555555600001,-4.257027778000008],[104.97922222199998,-4.252444443999991],[104.95444444399999,-4.248833332999993],[104.95377777800002,-4.241333333],[104.94191666699999,-4.232000000000028],[104.952555556,-4.2237499999999955],[104.94533333300001,-4.209083333000024],[104.94385916200002,-4.207668103999993],[104.945799819,-4.205910895999978],[104.945979652,-4.204947693999998],[104.94503540699998,-4.204939078999985],[104.945747041,-4.20292245600001],[104.94671397899998,-4.203122956000016],[104.94763466299997,-4.201702893000004],[104.94597055899999,-4.19959206499999],[104.94624499999998,-4.198665915999982],[104.945577979,-4.198655421000012],[104.94522052399998,-4.1960383750000005],[104.94617136400001,-4.192091012999981],[104.945001972,-4.192269434000025],[104.94487352499999,-4.191482786999984],[104.944239251,-4.192038776999993],[104.94312523600001,-4.190995000999976],[104.94266066099999,-4.191402616999994],[104.94212345599999,-4.190136772000017],[104.940641427,-4.190003220999984],[104.93808549300002,-4.191564702999983],[104.93753218799998,-4.189442011999972],[104.93674533900003,-4.189359233999994],[104.93429762699998,-4.191560267999989],[104.93546430100002,-4.1914756780000175],[104.93412119300001,-4.193016783000019],[104.93419566699998,-4.194201705000012],[104.93271825800002,-4.193924031999984],[104.93329688099999,-4.192650452000009],[104.931846318,-4.1924681869999745],[104.93143065599997,-4.191118345999996],[104.93002108600001,-4.193179810999993],[104.92965752399999,-4.192347996000024],[104.92788366899998,-4.192665186999989],[104.927721297,-4.191771146999997],[104.925553138,-4.195006566000018],[104.92411994700001,-4.194818940999994],[104.923074052,-4.196405533000018],[104.92244247999997,-4.195409679000022],[104.92144720700003,-4.195533329999989],[104.92148711800002,-4.196944222000013],[104.92054054800002,-4.196593344999997],[104.91985377200001,-4.199208329999976],[104.91888259299998,-4.1983200220000185],[104.918117956,-4.199633511999991],[104.91724060600001,-4.199019892000024],[104.91642320199998,-4.199548257000004],[104.91625713100001,-4.197786896000025],[104.91595839799999,-4.198712425999986],[104.91465491899999,-4.1981424069999775],[104.913130637,-4.199485012000025],[104.91100237400002,-4.199325113999976],[104.91137755900002,-4.199936061000017],[104.90872239599997,-4.201207963000002],[104.90928726499999,-4.223013002000016],[104.90721471699999,-4.303322283999989],[104.92923900900001,-4.307272189999992],[104.92878750699998,-4.313880745999995],[104.94682600499999,-4.3175906469999745],[104.97614274699998,-4.3235971259999815],[104.98105038599999,-4.3204443399999946],[104.98855556799998,-4.320770416000016],[104.98862709600002,-4.321904754999991],[104.98990878500001,-4.321404213999983],[104.99339185500003,-4.3222944629999915]]],[[[105.05491031000003,-4.418342424000002],[105.05236111099998,-4.412249999999972],[105.05290785800003,-4.4108470830000215],[105.056513075,-4.409688830999983],[105.05733308100002,-4.407083296999986],[105.05555741799998,-4.406287315999975],[105.05166382099998,-4.407843641999989],[105.04849115000002,-4.407599592999986],[105.05007721300001,-4.403655094999976],[105.04889630600002,-4.400886860000014],[105.04714778099998,-4.401266937000003],[105.046210701,-4.405935132000025],[105.044570335,-4.406541365999999],[105.041550782,-4.404252707000012],[105.04165872599998,-4.400398774999985],[105.040153476,-4.399349431000019],[105.03890967799998,-4.399611854],[105.03918025399997,-4.403085802000021],[105.037630132,-4.405944663000014],[105.03774749899998,-4.409807629999989],[105.036747069,-4.4106399839999995],[105.03375467799998,-4.410911528999975],[105.03108666700001,-4.408867074],[105.03260969299998,-4.404017936999992],[105.03102327300002,-4.401584421999985],[105.025876745,-4.401059906],[105.02583172099997,-4.402290268999991],[105.02840054799998,-4.404289512999981],[105.029085614,-4.405935999999997],[105.02833760499999,-4.408242957000027],[105.02635473700002,-4.409464344000014],[105.02519199699998,-4.408523520000017],[105.024786242,-4.403719695000007],[105.02367757399998,-4.402227013000015],[105.02097949699998,-4.4010730680000165],[105.01836878,-4.400490181999999],[105.02354886400002,-4.416639556999996],[105.02002501599998,-4.421077034999996],[105.021995677,-4.421076980000009],[105.02534148000001,-4.426473681999994],[105.03001933799999,-4.425711498999988],[105.05491031000003,-4.418342424000002]]],[[[104.927158034,-4.352772868999978],[104.916933352,-4.353529741999978],[104.91411602599999,-4.352700127999981],[104.88729952199998,-4.352089337999985],[104.88841616000002,-4.353020044999994],[104.89070044200002,-4.352715475000025],[104.89396982099998,-4.35789199200002],[104.889924737,-4.361163750999992],[104.88592271599998,-4.361003567000012],[104.907565439,-4.373740036000015],[104.90975087599998,-4.3732774179999865],[104.91112079700002,-4.373948394000024],[104.91639979000001,-4.378678229999991],[104.91763575200002,-4.3822336709999945],[104.91887215899999,-4.381764238000017],[104.91897259699999,-4.379986597000027],[104.92121140500001,-4.379919756999982],[104.924937145,-4.380205235999995],[104.928011088,-4.382654005999996],[104.93338340999998,-4.382679471000017],[104.932315028,-4.3708513880000055],[104.927158034,-4.352772868999978]]]]},"properties":{"NAMOBJ":"Negeri Kasih","WADMKC":"Negeri Besar","KDCPUM":"18.08.12"}},{"type":"Feature","geometry":{"type":"Polygon","coordinates":[[[104.50981253600003,-4.685936880999975],[104.50947555200003,-4.683374995999998],[104.50755389400001,-4.681022865999978],[104.50492474700002,-4.679861220000021],[104.50237302900001,-4.677285819000019],[104.49532486800001,-4.681811933000006],[104.49513756200002,-4.683272831000011],[104.49675277099999,-4.684203996999997],[104.496683012,-4.686398548],[104.49338457300001,-4.685630871000001],[104.49107202099998,-4.680516796999996],[104.48947587700002,-4.682749006999984],[104.48630183900002,-4.683424054999989],[104.48635022600001,-4.693281877000004],[104.483873362,-4.69353844699998],[104.48323143300001,-4.699719092999999],[104.48220500600002,-4.700487205999991],[104.48179076600002,-4.698785266000016],[104.47987627200001,-4.699289275000012],[104.48077116299999,-4.701085196000008],[104.47825042199997,-4.701543871000013],[104.47777021899998,-4.703358250000008],[104.49330156399998,-4.7000728119999735],[104.49490750000001,-4.698464359000013],[104.50082659999998,-4.699171263999972],[104.505370637,-4.701175886999977],[104.50647997300001,-4.701152738000019],[104.50584861499999,-4.699967496999989],[104.50657642499999,-4.69969275699998],[104.50922827599999,-4.701078085999995],[104.50924409599997,-4.698923924999974],[104.51302241000002,-4.699673355000016],[104.51308064099999,-4.698266003000015],[104.51491214599997,-4.699215116000005],[104.51554102,-4.700565502000018],[104.51791688399999,-4.700812886999984],[104.51749929599998,-4.699001296000006],[104.51618281200001,-4.698445085000003],[104.51232538699998,-4.693444714999998],[104.51285134099999,-4.691827057000012],[104.51131604599999,-4.6903419989999975],[104.51157358199998,-4.687910342000009],[104.50981253600003,-4.685936880999975]]]},"properties":{"NAMOBJ":"Ojo Lali","WADMKC":"Umpu Semenguk","KDCPUM":"18.08.15"}},{"type":"Feature","geometry":{"type":"Polygon","coordinates":[[[104.886055065,-4.34001136400002],[104.87733521199999,-4.333181873000001],[104.87073078399999,-4.33315084100002],[104.86671425399999,-4.3315708779999795],[104.85919515699999,-4.332218091000016],[104.858538426,-4.331713646000026],[104.85858601500001,-4.32910575599999],[104.85707267800001,-4.3281539719999955],[104.85005149599999,-4.333103766000022],[104.84826775200003,-4.333776037000007],[104.84574552200002,-4.333419116000016],[104.84348027599998,-4.336782485000015],[104.84304959299999,-4.354973583000003],[104.84994051299998,-4.354707082999994],[104.864369565,-4.357010401000025],[104.87042291400002,-4.356020546000025],[104.87514233500002,-4.356434572000012],[104.879413897,-4.358937765000007],[104.88222642,-4.360907958999974],[104.88592271599998,-4.361003567000012],[104.889924737,-4.361163750999992],[104.89396982099998,-4.35789199200002],[104.89070044200002,-4.352715475000025],[104.88841616000002,-4.353020044999994],[104.88729952199998,-4.352089337999985],[104.885216291,-4.346209875],[104.886055065,-4.34001136400002]]]},"properties":{"NAMOBJ":"Marga Jaya","WADMKC":"Negara Batin","KDCPUM":"18.08.11"}},{"type":"Feature","geometry":{"type":"Polygon","coordinates":[[[104.73761001899999,-4.4052148690000195],[104.72080353400003,-4.401774376999981],[104.70248247900003,-4.405855398000028],[104.70635974100003,-4.4144590490000155],[104.709416767,-4.41137656799998],[104.71079894000002,-4.411981744999991],[104.71551909800002,-4.421338724999998],[104.71823670100002,-4.423886491000019],[104.71823360000002,-4.432072396000024],[104.72294497000001,-4.434438998000019],[104.72892413300002,-4.439352766000013],[104.731954169,-4.444841084000018],[104.73652784299998,-4.443134817999976],[104.73573833199998,-4.441707275999988],[104.73889879199999,-4.4405983130000095],[104.739688253,-4.442184438000027],[104.740688046,-4.441797134000012],[104.74069106299999,-4.439015908999977],[104.74622949500002,-4.438795452000022],[104.74622949500002,-4.437496265999982],[104.74474352200002,-4.436605752999981],[104.74492673999998,-4.433502142000009],[104.74409392899997,-4.431241654000019],[104.74913124900002,-4.4274154810000255],[104.749105262,-4.4267378640000175],[104.743932325,-4.424283892999995],[104.74344531499997,-4.421560457999988],[104.74193435699999,-4.41975206799998],[104.74056577099998,-4.419016813999974],[104.738957255,-4.420101848000002],[104.73701561500002,-4.418464778999976],[104.740494958,-4.410817382000005],[104.73938936500002,-4.407520080999973],[104.73761001899999,-4.4052148690000195]]]},"properties":{"NAMOBJ":"Pakuan Baru","WADMKC":"Pakuan Ratu","KDCPUM":"18.08.06"}},{"type":"Feature","geometry":{"type":"Polygon","coordinates":[[[104.77039826200001,-4.318893132000028],[104.76241516099998,-4.246756354000013],[104.76112283700002,-4.246172141999978],[104.76059953499998,-4.247872730999973],[104.75928958600002,-4.247874276000005],[104.75826535599998,-4.249178640000025],[104.75699656299997,-4.248278054000025],[104.756692639,-4.249172282000018],[104.75551189700002,-4.246813316999976],[104.75451707299999,-4.247442218000003],[104.75310683499998,-4.246574801000008],[104.75119864800001,-4.246697946999973],[104.74936465500002,-4.248144648999983],[104.745715324,-4.247200360000022],[104.74557308099997,-4.24841299000002],[104.74445798800002,-4.248260363999975],[104.74324776499998,-4.249823724000009],[104.742063874,-4.249988124000026],[104.74211387000003,-4.251016762000006],[104.74060263899997,-4.2517252999999755],[104.74056285099999,-4.252917889000003],[104.73890503000001,-4.25429053900001],[104.737441026,-4.253805408000005],[104.73504957400002,-4.255450295000003],[104.73248844199998,-4.2543162260000145],[104.72994898399998,-4.254853184000012],[104.725527478,-4.2537950540000224],[104.72193947699998,-4.258010308999985],[104.71396274699998,-4.257716507999987],[104.71016003599999,-4.271499162999987],[104.71358470899997,-4.275008677000017],[104.71931513300001,-4.293891029000008],[104.71862760699997,-4.300264125000012],[104.71772599899998,-4.302048744999979],[104.71698712199998,-4.314253521000012],[104.714584699,-4.3184702699999775],[104.70828141200002,-4.321179210000025],[104.69117501699998,-4.3217749419999905],[104.69117233100002,-4.328402659000005],[104.68343649600001,-4.328609334000021],[104.68383168499997,-4.334629215000007],[104.681897816,-4.342184402999976],[104.67951719500002,-4.346636827999987],[104.67520537799999,-4.350655515000028],[104.66968573499997,-4.351029615000016],[104.66873958000002,-4.352079333000006],[104.668555949,-4.355167333999987],[104.66730004800002,-4.356845430000021],[104.67362102099997,-4.36150416800001],[104.68330921699999,-4.3651118710000105],[104.68751470500001,-4.365651648999972],[104.68845264700002,-4.363612615000022],[104.69792593,-4.368627703000016],[104.70014424300001,-4.370908672999974],[104.705509786,-4.37181701999998],[104.70614892200001,-4.367866869000011],[104.72205541800002,-4.368475465000017],[104.72182787499997,-4.359407449999992],[104.71815691500001,-4.360038717000009],[104.71575785099998,-4.354916385000024],[104.72568521800002,-4.355240707000007],[104.72449946500001,-4.353453915999978],[104.725093206,-4.35196550400002],[104.72746546500002,-4.353454999999997],[104.72947968400001,-4.352623257999994],[104.72905782599997,-4.346468531000028],[104.72648314399999,-4.341934130000027],[104.72732260200002,-4.332033189000015],[104.72621526699999,-4.322044934000019],[104.73524442000001,-4.3224433899999894],[104.73488749900002,-4.32151540000001],[104.73651086900003,-4.316860769000016],[104.739937843,-4.317197592000014],[104.74244626199999,-4.314848998000002],[104.74284988800002,-4.3177807280000025],[104.760696446,-4.31625045200002],[104.77039826200001,-4.318893132000028]]]},"properties":{"NAMOBJ":"Pakuan Ratu","WADMKC":"Pakuan Ratu","KDCPUM":"18.08.06"}},{"type":"Feature","geometry":{"type":"Polygon","coordinates":[[[104.76213325499998,-4.398893288000011],[104.759839032,-4.392502207999996],[104.760099196,-4.387789715999986],[104.74893828400002,-4.387907808000023],[104.73675428000001,-4.389569027999983],[104.73705230299998,-4.395594345000006],[104.73570052100001,-4.398455840999986],[104.73749775200002,-4.401382318000003],[104.73761001899999,-4.4052148690000195],[104.73938936500002,-4.407520080999973],[104.740494958,-4.410817382000005],[104.73701561500002,-4.418464778999976],[104.738957255,-4.420101848000002],[104.74056577099998,-4.419016813999974],[104.74193435699999,-4.41975206799998],[104.74344531499997,-4.421560457999988],[104.743932325,-4.424283892999995],[104.749105262,-4.4267378640000175],[104.74913124900002,-4.4274154810000255],[104.75859173999999,-4.432090553000023],[104.76685733099998,-4.433669522000002],[104.76628492399999,-4.413528957999972],[104.76936138100001,-4.408826796000028],[104.768848692,-4.403590742000006],[104.762537296,-4.404292607000002],[104.76213325499998,-4.398893288000011]]]},"properties":{"NAMOBJ":"Pakuan Sakti","WADMKC":"Pakuan Ratu","KDCPUM":"18.08.06"}},{"type":"Feature","geometry":{"type":"Polygon","coordinates":[[[104.81440288300001,-4.372549246999995],[104.81201133100001,-4.367408510000018],[104.806640405,-4.363990649000016],[104.79653654100002,-4.363752348999981],[104.796559221,-4.368358317000002],[104.788684165,-4.367292199000019],[104.788983197,-4.371208689000014],[104.79004075699999,-4.39041641099999],[104.78854169700003,-4.390430689000027],[104.78957290900001,-4.397459907999973],[104.79989921200001,-4.398695676999978],[104.800356395,-4.401093869000022],[104.80331262700003,-4.399944222999977],[104.806554344,-4.4011526470000035],[104.80824376200002,-4.400938497000027],[104.809481081,-4.399653589000025],[104.81085255300002,-4.395427636000022],[104.81063080899997,-4.393580777000011],[104.822525428,-4.391905408000014],[104.81440288300001,-4.372549246999995]]]},"properties":{"NAMOBJ":"Purwa Negara","WADMKC":"Negara Batin","KDCPUM":"18.08.11"}},{"type":"Feature","geometry":{"type":"Polygon","coordinates":[[[104.55655293500001,-4.360071553000012],[104.559276023,-4.354979356000001],[104.55744861900001,-4.347346995999999],[104.55545840500002,-4.347616296000012],[104.54777274700001,-4.355206776999978],[104.54708270399999,-4.357419675000017],[104.54417975899997,-4.361250606999988],[104.53784307799998,-4.367267018999996],[104.54945138,-4.363622346999989],[104.55334379700003,-4.3608925770000155],[104.55655293500001,-4.360071553000012]]]},"properties":{"NAMOBJ":"Mulyoharjo","WADMKC":"Bumi Agung","KDCPUM":"18.08.14"}},{"type":"Feature","geometry":{"type":"Polygon","coordinates":[[[104.621044606,-4.800883180000028],[104.61845674900002,-4.799078442999985],[104.61709508199999,-4.8001398089999725],[104.61489985200001,-4.806204708999985],[104.60814373599999,-4.8029796449999935],[104.60331639200001,-4.803184179000027],[104.59968196699998,-4.805850233000001],[104.59818758,-4.8080732239999975],[104.59278452400002,-4.8079824710000025],[104.58932079300001,-4.809719013000006],[104.58755357799998,-4.816637329000002],[104.587281415,-4.821381730999974],[104.58753428,-4.822795842000005],[104.58933609799999,-4.824609156999998],[104.59258660199998,-4.824100284999986],[104.59285592399999,-4.825266618000001],[104.60277780000001,-4.823611110999991],[104.60722220000002,-4.826666666999984],[104.60995476099998,-4.83273008499998],[104.61186453300002,-4.8319335819999765],[104.613345261,-4.830373849000011],[104.613332292,-4.828910141999984],[104.61604087699999,-4.827646957000013],[104.616177747,-4.8260598850000065],[104.61544511599999,-4.825721697999995],[104.6191667,-4.822499999999991],[104.62207334300001,-4.822420131999991],[104.62188422499997,-4.820081123000023],[104.62310386299998,-4.817569784],[104.6236111,-4.813333333000003],[104.62077934299998,-4.811203786000021],[104.621079055,-4.808571045000008],[104.61872412299999,-4.806265938000024],[104.61944440000002,-4.802500000000009],[104.621044606,-4.800883180000028]]]},"properties":{"NAMOBJ":"Negeri Mulya","WADMKC":"Gunung Labuhan","KDCPUM":"18.08.10"}},{"type":"Feature","geometry":{"type":"Polygon","coordinates":[[[105.03967870600002,-4.456254946999991],[105.05507740500002,-4.442900817000009],[105.0625,-4.442444443999989],[105.06847222200003,-4.439388888999986],[105.07013888900002,-4.4363611109999965],[105.06713888899998,-4.426388889000009],[105.06169444400001,-4.421972222000022],[105.05677777800003,-4.422805556000014],[105.05491031000003,-4.418342424000002],[105.03001933799999,-4.425711498999988],[105.030121286,-4.434268893000024],[105.03119672000003,-4.435108351999986],[105.03215290700001,-4.441584476999992],[105.034901305,-4.444462649999991],[105.033301844,-4.445803634000015],[105.033492201,-4.44823068300002],[105.03698870300002,-4.449442832999978],[105.03967870600002,-4.456254946999991]]]},"properties":{"NAMOBJ":"Pagar Iman","WADMKC":"Negeri Besar","KDCPUM":"18.08.12"}},{"type":"Feature","geometry":{"type":"Polygon","coordinates":[[[104.54188185200002,-4.737670960999992],[104.53897787800003,-4.737385157000006],[104.53347750699999,-4.7389626410000005],[104.53157676000001,-4.738614559999974],[104.53085798400002,-4.740773033999972],[104.52432444300001,-4.740656090000016],[104.52373469399998,-4.742898152000009],[104.52079212000001,-4.745079567999994],[104.51991544499998,-4.747486348999985],[104.52266185000002,-4.749115045999986],[104.52637037699998,-4.744450058999973],[104.533277,-4.748286962000009],[104.53679921399998,-4.7475212690000035],[104.5374114,-4.744323155000018],[104.53878252599998,-4.74304996699999],[104.541310479,-4.742824540000015],[104.54189084500001,-4.741769664000003],[104.54188185200002,-4.737670960999992]]]},"properties":{"NAMOBJ":"Mekar Asri","WADMKC":"Baradatu","KDCPUM":"18.08.04"}},{"type":"Feature","geometry":{"type":"Polygon","coordinates":[[[104.436030802,-4.57704378699998],[104.43150425699997,-4.579315737000002],[104.42953487400001,-4.578801234000025],[104.43005391700001,-4.575665327000024],[104.42641566999998,-4.576176311999973],[104.426649903,-4.577511397000023],[104.42875771500002,-4.578704832000028],[104.42707997299999,-4.5791464509999855],[104.42391740199997,-4.576979613999981],[104.42545089100003,-4.575351666000017],[104.42491528699998,-4.574906666000004],[104.42203098599998,-4.576364113000011],[104.420200056,-4.578343442000005],[104.416421845,-4.578913213000021],[104.41401432499998,-4.582183380000004],[104.41250467499998,-4.580390299999976],[104.410440209,-4.5826319290000015],[104.40723921699998,-4.58293818300001],[104.40826556799999,-4.58434592499998],[104.40798662200001,-4.585218956000006],[104.40533244800002,-4.584727197999996],[104.403625831,-4.585415556999976],[104.405877352,-4.587218749999977],[104.40652646299998,-4.589611391000005],[104.402994627,-4.591175389999989],[104.40185118300002,-4.590491405000023],[104.40010874799998,-4.592360867000025],[104.39783626000002,-4.591364108999983],[104.39712891599999,-4.592448607999984],[104.39826072599999,-4.593100784000001],[104.396871315,-4.594430120000027],[104.396176793,-4.5941681790000075],[104.39591495500002,-4.592054357999984],[104.39472595799998,-4.593229586000007],[104.39472714300001,-4.594700577000026],[104.39361688700001,-4.595737851000024],[104.395257324,-4.596766796999987],[104.39433997499998,-4.598983139999973],[104.39543787000002,-4.600894165],[104.39269295600002,-4.600632066999992],[104.39180525799998,-4.602702702999977],[104.39229100400001,-4.603839314000027],[104.39497513999999,-4.603405193000015],[104.39509283000001,-4.605361469000002],[104.39017940399998,-4.607259302999978],[104.38938797700001,-4.608381232999989],[104.39017655599997,-4.610163473],[104.38756579099999,-4.613245106000022],[104.38749015299999,-4.615520910999976],[104.38850942900001,-4.6174270019999994],[104.39070392399998,-4.617409742000007],[104.39082744500001,-4.618013006000012],[104.38732910200002,-4.618713378999985],[104.386474609,-4.620178222999982],[104.38427734300001,-4.6213989259999835],[104.38409423799999,-4.622985840000013],[104.381306086,-4.6234100909999825],[104.39344623400001,-4.626485267000021],[104.39749433100002,-4.6251356860000215],[104.40097575800002,-4.625501099000019],[104.42466213199998,-4.630111914999986],[104.428701273,-4.62755148399998],[104.42938984699998,-4.626994131999993],[104.42986565299998,-4.624947598000006],[104.43092756700003,-4.624321710999993],[104.43110003499999,-4.621909861999995],[104.43385212499999,-4.621295689000021],[104.434624821,-4.6223370800000225],[104.43645061500001,-4.621271976999992],[104.43560430399998,-4.6201165449999735],[104.436998216,-4.62052405899999],[104.43737344200002,-4.619718325000008],[104.43959082999999,-4.6197492439999905],[104.44109770199998,-4.620533662000014],[104.441596748,-4.619063213999993],[104.44336947900001,-4.617784289999975],[104.44181863900002,-4.616589800999975],[104.44292187600001,-4.616256525999972],[104.44333907599997,-4.6145038500000055],[104.44579914399998,-4.611906499999975],[104.448100668,-4.611320465000006],[104.448432782,-4.612971791000007],[104.44978599699999,-4.612782389000017],[104.45110083999998,-4.609867969999982],[104.44930653699998,-4.607765529000005],[104.45231559299998,-4.606175640000004],[104.45049636599998,-4.603826889000004],[104.45108418400002,-4.599523277999992],[104.44939051699998,-4.600115635999998],[104.449223254,-4.599122898000019],[104.44706353700002,-4.597986139999989],[104.44923494400001,-4.597765788999993],[104.44796542199998,-4.5961120439999945],[104.44835904399997,-4.5937742030000095],[104.44768318299998,-4.592061989999991],[104.44974818100002,-4.589009359999977],[104.44888380200001,-4.584091114999978],[104.436030802,-4.57704378699998]]]},"properties":{"NAMOBJ":"Panca Negeri","WADMKC":"Umpu Semenguk","KDCPUM":"18.08.15"}},{"type":"Feature","geometry":{"type":"Polygon","coordinates":[[[104.63244101999999,-4.2878645339999935],[104.620433677,-4.287281104999977],[104.61716431299999,-4.286435688999973],[104.60908771300001,-4.280122885000026],[104.60202735600001,-4.280647166999984],[104.60150387499999,-4.2781249390000085],[104.60271264099998,-4.276978040000017],[104.60323850200001,-4.274083185999984],[104.60523010999998,-4.272712617000025],[104.605044513,-4.2668591429999765],[104.60212491300001,-4.267097089999993],[104.598017965,-4.263356574999989],[104.598146455,-4.256898308000018],[104.588940922,-4.259126501000026],[104.594606596,-4.275186915999996],[104.59667196700002,-4.276176771999985],[104.596829012,-4.279546089000007],[104.59577252899999,-4.279903008000019],[104.59579129100001,-4.282040333999987],[104.59751889199998,-4.291661326999986],[104.603742813,-4.299842620999982],[104.60975757199998,-4.2903221419999795],[104.61386363100002,-4.293821637999997],[104.62029600400001,-4.297135041999979],[104.623369561,-4.301170683999999],[104.625004273,-4.311411270000008],[104.62716931599999,-4.312227779000011],[104.64118434099998,-4.311739988999989],[104.63535541800002,-4.2943998370000145],[104.63524739500002,-4.288021112000024],[104.63244101999999,-4.2878645339999935]]]},"properties":{"NAMOBJ":"Mekar Jaya","WADMKC":"Bahuga","KDCPUM":"18.08.05"}},{"type":"Feature","geometry":{"type":"Polygon","coordinates":[[[104.53936732199998,-4.275856067999996],[104.53839418899997,-4.27429590700001],[104.53635974899998,-4.274574303999998],[104.53502426199998,-4.273781664000012],[104.53377270300001,-4.275200734000009],[104.533378761,-4.286462214999972],[104.53356570699998,-4.293243000000018],[104.529840423,-4.294432384999993],[104.531449506,-4.312065362999988],[104.53084076599998,-4.311804248999977],[104.53047387200002,-4.315249246000008],[104.52923164200001,-4.315724366999973],[104.52820765199999,-4.319039287999999],[104.529547907,-4.320735662000004],[104.52834463200003,-4.320164982999984],[104.52587620000003,-4.322455181000009],[104.52635423599997,-4.323049416999993],[104.52851582199997,-4.325108393999983],[104.53279255799998,-4.325795060000019],[104.53642733999999,-4.328004550999992],[104.54453963499998,-4.3239052139999785],[104.55007138100001,-4.319654738999986],[104.55420522100002,-4.319201760999988],[104.55421704700001,-4.314826735999986],[104.56071151200001,-4.313403741999991],[104.56071259999999,-4.311510415999976],[104.560014062,-4.311510010999996],[104.55953840699999,-4.308587935999981],[104.55888634500002,-4.308751178000023],[104.55806235300003,-4.304576612999995],[104.55218973400002,-4.305302924999978],[104.55236685900002,-4.30241756700002],[104.55446143299997,-4.298404005000009],[104.554280323,-4.296913623000023],[104.55283137200001,-4.295668119000027],[104.55287079200002,-4.293485209999972],[104.54848623800001,-4.289063149000015],[104.541462916,-4.285448176999978],[104.53936732199998,-4.275856067999996]]]},"properties":{"NAMOBJ":"Punjul Agung","WADMKC":"Buay Bahuga","KDCPUM":"18.08.13"}},{"type":"Feature","geometry":{"type":"Polygon","coordinates":[[[104.49970997100002,-4.801091358000008],[104.50596223600002,-4.799329312999987],[104.50574329199998,-4.798424441000009],[104.506677298,-4.797537175000002],[104.50522932799998,-4.795508411000014],[104.50743508800002,-4.796436400999994],[104.50720666000001,-4.795419181],[104.50821415500002,-4.794960301999993],[104.50756667299999,-4.79341436499999],[104.50938878400001,-4.792898617999981],[104.50705691299999,-4.792106734000015],[104.50934149300002,-4.789611569999977],[104.50717878799998,-4.786570762999986],[104.50819957800002,-4.7864172879999956],[104.50822456200001,-4.785535697],[104.50663627199998,-4.785264439000002],[104.49588694800002,-4.793336056999976],[104.48386039100001,-4.789610620000019],[104.48430311800001,-4.796211620999998],[104.48812595999999,-4.7987726349999775],[104.49514604799998,-4.799579479999977],[104.49970997100002,-4.801091358000008]]]},"properties":{"NAMOBJ":"Pasar Banjit","WADMKC":"Banjit","KDCPUM":"18.08.03"}},{"type":"Feature","geometry":{"type":"Polygon","coordinates":[[[104.66184226600001,-4.495981637],[104.63876035999999,-4.498116515999982],[104.62920420900002,-4.497536258000025],[104.62207678499999,-4.491636357000004],[104.61862728599999,-4.505351535999978],[104.618167379,-4.513430614000015],[104.61677040299998,-4.517478675999996],[104.61462308,-4.51920828599998],[104.61906099800001,-4.523234362999972],[104.62336684299999,-4.528942316999974],[104.62479218499999,-4.5288000250000096],[104.62517880299998,-4.5203603190000194],[104.63225503500001,-4.511924030999978],[104.64158379899999,-4.509474865000016],[104.651565194,-4.50459175200001],[104.66428178000001,-4.503164524999988],[104.66184226600001,-4.495981637]]]},"properties":{"NAMOBJ":"Penengahan","WADMKC":"Negeri Agung","KDCPUM":"18.08.07"}},{"type":"Feature","geometry":{"type":"Polygon","coordinates":[[[104.64308697899997,-4.541356838000013],[104.644992807,-4.514671127999975],[104.65333837399999,-4.506564336999986],[104.651565194,-4.50459175200001],[104.64158379899999,-4.509474865000016],[104.63225503500001,-4.511924030999978],[104.62517880299998,-4.5203603190000194],[104.62479218499999,-4.5288000250000096],[104.62336684299999,-4.528942316999974],[104.62142648999998,-4.530765954000003],[104.61910900100003,-4.537399678999975],[104.618777206,-4.539721734000011],[104.620593643,-4.54304016399999],[104.61166642500001,-4.546021126000028],[104.61018042,-4.543034603000024],[104.60146007600002,-4.540896786000019],[104.59568388999998,-4.5522972539999955],[104.60158620700003,-4.557984862000012],[104.60318840000002,-4.5635487480000165],[104.60711611800002,-4.568329079000023],[104.60945619,-4.567608600000028],[104.61251729100002,-4.562685665999993],[104.618784189,-4.560024345999977],[104.627330427,-4.560169864999978],[104.63031366199999,-4.5545643460000065],[104.63082831100002,-4.552505554999982],[104.634961755,-4.555765456000017],[104.639994537,-4.558359698999993],[104.645292057,-4.559438007999972],[104.64783066799998,-4.558266460000027],[104.64308697899997,-4.541356838000013]]]},"properties":{"NAMOBJ":"Pulau Batu","WADMKC":"Negeri Agung","KDCPUM":"18.08.07"}},{"type":"Feature","geometry":{"type":"Polygon","coordinates":[[[104.61940592299999,-4.252164519000019],[104.60814443700002,-4.2500214190000065],[104.60670084999998,-4.255365089999998],[104.61223481399998,-4.25532386499998],[104.61548515200002,-4.2587332549999815],[104.62035742,-4.259652898000013],[104.63421649200001,-4.268449363999991],[104.632936589,-4.2704987419999725],[104.63244101999999,-4.2878645339999935],[104.63524739500002,-4.288021112000024],[104.63535541800002,-4.2943998370000145],[104.64118434099998,-4.311739988999989],[104.64509637999998,-4.316494143],[104.646928564,-4.321538599000007],[104.646637704,-4.323289595000006],[104.65040152699999,-4.319906543000002],[104.65680389599999,-4.317365180000024],[104.65861723500001,-4.316486435999991],[104.657784305,-4.313292833999981],[104.65718842199999,-4.299268652000023],[104.65881613300002,-4.294977581000012],[104.65923994000002,-4.2897792489999915],[104.66260966200002,-4.286456715999975],[104.66239167399999,-4.282253087000015],[104.65929543599998,-4.282702160999975],[104.65712651000001,-4.259706960000017],[104.65222895199997,-4.261143620999974],[104.64758848600002,-4.264665750000006],[104.643701857,-4.264663953000024],[104.634930914,-4.256193135999979],[104.63104390900003,-4.254336974000012],[104.619936424,-4.253539599000021],[104.61940592299999,-4.252164519000019]]]},"properties":{"NAMOBJ":"Kota Dewa","WADMKC":"Bahuga","KDCPUM":"18.08.05"}},{"type":"Feature","geometry":{"type":"Polygon","coordinates":[[[104.672876965,-4.502767827000014],[104.67064063499998,-4.50264869099999],[104.67077034800002,-4.495358880000026],[104.66184226600001,-4.495981637],[104.66428178000001,-4.503164524999988],[104.651565194,-4.50459175200001],[104.65333837399999,-4.506564336999986],[104.644992807,-4.514671127999975],[104.64308697899997,-4.541356838000013],[104.65690582899998,-4.536826431000009],[104.65484733699998,-4.531646131999992],[104.65322879299998,-4.532283354000015],[104.65155505899997,-4.527468585999998],[104.654691017,-4.525924502000009],[104.655409674,-4.527683657000011],[104.664968606,-4.515874999000005],[104.67138189999997,-4.5197639119999735],[104.67873634400001,-4.50881528299999],[104.674417345,-4.502849885999979],[104.672876965,-4.502767827000014]]]},"properties":{"NAMOBJ":"Mulya Sari","WADMKC":"Negeri Agung","KDCPUM":"18.08.07"}},{"type":"Feature","geometry":{"type":"Polygon","coordinates":[[[104.81604333199999,-4.442156386000022],[104.82090769400003,-4.444593865000002],[104.82672329500002,-4.443668661000004],[104.83745782199998,-4.443998064000027],[104.84414363399998,-4.442030005999982],[104.844955659,-4.439824095999995],[104.84657640699999,-4.435421260999988],[104.84761821500001,-4.4285368530000255],[104.847018978,-4.403134501000011],[104.84655989599997,-4.393725288999974],[104.822525428,-4.391905408000014],[104.81063080899997,-4.393580777000011],[104.81085255300002,-4.395427636000022],[104.81178851599998,-4.400644248999981],[104.81657773,-4.414743940999983],[104.81604333199999,-4.442156386000022]]]},"properties":{"NAMOBJ":"Purwa Agung","WADMKC":"Negara Batin","KDCPUM":"18.08.11"}},{"type":"Feature","geometry":{"type":"Polygon","coordinates":[[[104.53479406999998,-4.792891494000003],[104.52820982899999,-4.791795590999982],[104.52522161500002,-4.789183856000022],[104.52020609099998,-4.787344829999995],[104.51546011699998,-4.7870042729999795],[104.51406099399998,-4.784363068999994],[104.51183631399999,-4.7834467590000145],[104.509918444,-4.783780549000028],[104.50731563699998,-4.780441255000028],[104.50662305499998,-4.782263097999987],[104.507715228,-4.784061971000028],[104.506886506,-4.7841912079999815],[104.50663627199998,-4.785264439000002],[104.50822456200001,-4.785535697],[104.50819957800002,-4.7864172879999956],[104.50717878799998,-4.786570762999986],[104.50934149300002,-4.789611569999977],[104.50705691299999,-4.792106734000015],[104.50938878400001,-4.792898617999981],[104.50756667299999,-4.79341436499999],[104.50821415500002,-4.794960301999993],[104.50720666000001,-4.795419181],[104.50743508800002,-4.796436400999994],[104.50522932799998,-4.795508411000014],[104.506677298,-4.797537175000002],[104.50574329199998,-4.798424441000009],[104.50596223600002,-4.799329312999987],[104.49970997100002,-4.801091358000008],[104.50124854500001,-4.807730210999978],[104.50413730700001,-4.809213280999984],[104.50372447000001,-4.810647700000004],[104.50238007500002,-4.810469239999975],[104.50213617999998,-4.812093222999977],[104.50351031999998,-4.813062851999973],[104.503165298,-4.813830229000018],[104.50425390100003,-4.814288275000024],[104.504182518,-4.815019958999983],[104.505847947,-4.816506451999999],[104.51521251399998,-4.814967600999978],[104.51776329400002,-4.816528527000003],[104.520371184,-4.819783630000018],[104.52141807200002,-4.819631683000011],[104.52111341099999,-4.817728321000004],[104.522901972,-4.8175236860000155],[104.52430578299999,-4.815195738],[104.52385399600001,-4.812950679999972],[104.52473990200002,-4.811956790000011],[104.523549188,-4.810023624999985],[104.52534805900001,-4.8079296980000095],[104.525390889,-4.806040407000012],[104.527161207,-4.806061822000004],[104.52800353800001,-4.8023355860000265],[104.52982555900002,-4.8025569459999815],[104.53089458199997,-4.801193445000024],[104.53277911599997,-4.802778165999996],[104.53370710500002,-4.798980545000006],[104.53389661,-4.79783652499998],[104.53518475099997,-4.7979954499999735],[104.535541669,-4.796717677999993],[104.53300040599999,-4.796018117000017],[104.53172263300002,-4.794369151000012],[104.53479406999998,-4.792891494000003]]]},"properties":{"NAMOBJ":"Simpang Asam","WADMKC":"Banjit","KDCPUM":"18.08.03"}},{"type":"Feature","geometry":{"type":"Polygon","coordinates":[[[104.43310235000001,-4.7651242329999945],[104.42152615200001,-4.756688183999984],[104.42088964800001,-4.752063255999985],[104.420045066,-4.753395259999991],[104.412817335,-4.757377351999992],[104.41419808299997,-4.7646845869999765],[104.41301918900001,-4.769110730000023],[104.41746330799998,-4.772118933000002],[104.42331392099999,-4.7786338089999845],[104.42976097899998,-4.783221953999998],[104.43273355000002,-4.776355115000001],[104.43334166400001,-4.773115243999996],[104.43250131100001,-4.769677014000024],[104.43460968,-4.766435536000017],[104.43310235000001,-4.7651242329999945]]]},"properties":{"NAMOBJ":"Sinar Gading","WADMKC":"Kasui","KDCPUM":"18.08.02"}},{"type":"Feature","geometry":{"type":"Polygon","coordinates":[[[104.65874122899999,-4.248668060999989],[104.658778079,-4.247961191000002],[104.65658047900001,-4.246573262000027],[104.65101876699998,-4.244763180000007],[104.64959950999997,-4.2429132030000005],[104.64854265600002,-4.246297074999973],[104.64400069200002,-4.244887405999975],[104.64307477,-4.243457101999979],[104.640818282,-4.242771269000002],[104.63975002699999,-4.243349954999985],[104.63971357700001,-4.244516819000012],[104.63887190999998,-4.244519708999974],[104.638854552,-4.245552545999999],[104.63163768499999,-4.245543352000027],[104.62942708100002,-4.244247331999986],[104.62625064500003,-4.243980935000025],[104.62285059200002,-4.240407791999985],[104.620332362,-4.245870242000024],[104.61940592299999,-4.252164519000019],[104.619936424,-4.253539599000021],[104.63104390900003,-4.254336974000012],[104.634930914,-4.256193135999979],[104.643701857,-4.264663953000024],[104.64758848600002,-4.264665750000006],[104.65222895199997,-4.261143620999974],[104.65712651000001,-4.259706960000017],[104.66124889999998,-4.258794679999994],[104.65834800599998,-4.256158814999992],[104.65919275499999,-4.254367790000003],[104.65874122899999,-4.248668060999989]]]},"properties":{"NAMOBJ":"Sapto Renggo","WADMKC":"Bahuga","KDCPUM":"18.08.05"}},{"type":"Feature","geometry":{"type":"Polygon","coordinates":[[[104.70636395899999,-4.4921321489999855],[104.70122931200001,-4.49229494399998],[104.69766725900001,-4.494265138999992],[104.69667502300001,-4.493986741000015],[104.68961397300001,-4.4971728389999726],[104.672876965,-4.502767827000014],[104.674417345,-4.502849885999979],[104.67873634400001,-4.50881528299999],[104.68545979499999,-4.518101707000028],[104.68673557099999,-4.517019300000015],[104.688524363,-4.517618550999998],[104.68951743100001,-4.519613907000007],[104.693891764,-4.517022360999988],[104.69289826699998,-4.516024474999995],[104.692899108,-4.5140295460000175],[104.694688483,-4.513232329999994],[104.69449020000002,-4.512035287999993],[104.70045521200001,-4.508247406999999],[104.70363497900001,-4.510044151999978],[104.705822378,-4.508050110999989],[104.708639129,-4.501487402999999],[104.70908546700002,-4.495644621999986],[104.70636395899999,-4.4921321489999855]]]},"properties":{"NAMOBJ":"Rejo Sari","WADMKC":"Negeri Agung","KDCPUM":"18.08.07"}},{"type":"Feature","geometry":{"type":"Polygon","coordinates":[[[104.94682600499999,-4.3175906469999745],[104.92878750699998,-4.313880745999995],[104.92887399,-4.336435418999997],[104.93134136499998,-4.352236765999976],[104.946003104,-4.351344891999986],[104.94682600499999,-4.3175906469999745]]]},"properties":{"NAMOBJ":"Sari Jaya","WADMKC":"Negara Batin","KDCPUM":"18.08.11"}},{"type":"Feature","geometry":{"type":"Polygon","coordinates":[[[104.48769775,-4.814596595000012],[104.48721947799999,-4.814182569000025],[104.48615585900001,-4.815381817999992],[104.484920918,-4.814039799],[104.48305779999998,-4.814196846000016],[104.48191638499998,-4.815229525999996],[104.48122392599998,-4.813044379000019],[104.47580146899998,-4.8130846980000115],[104.47566338899998,-4.805088058000024],[104.470304908,-4.806223921000026],[104.47033943000002,-4.8151509799999985],[104.47145683999997,-4.8175607840000225],[104.47347638000002,-4.824496768000017],[104.470339486,-4.826590149000026],[104.46879521400001,-4.829897599999981],[104.46692138999998,-4.831592965000027],[104.461775805,-4.830819641000005],[104.460675305,-4.831414505999987],[104.46016966899998,-4.849078435000024],[104.46222552299997,-4.855531532999976],[104.46511895399999,-4.8563061940000125],[104.46973548199998,-4.854443452999988],[104.47795889999998,-4.853662989999975],[104.48672584500002,-4.845145279000008],[104.49452401299999,-4.84071607300001],[104.494633658,-4.839644668000005],[104.49370246400002,-4.839062647999981],[104.49192500499998,-4.8398978390000025],[104.49118261299998,-4.837549310999975],[104.48800008400002,-4.8357986230000165],[104.489859534,-4.833305393999979],[104.48905051700001,-4.83127095399999],[104.490887461,-4.830119889999992],[104.48971200599999,-4.8269254639999986],[104.48815940899999,-4.826027216],[104.48894354100003,-4.822821611999984],[104.487351703,-4.8169273500000145],[104.48769775,-4.814596595000012]]]},"properties":{"NAMOBJ":"Rantau Temiang","WADMKC":"Banjit","KDCPUM":"18.08.03"}},{"type":"Feature","geometry":{"type":"Polygon","coordinates":[[[104.33955563299997,-4.421157420999975],[104.33492774299998,-4.424638532000017],[104.33534827599999,-4.429100189999986],[104.33465617500002,-4.431351618999997],[104.33219444299999,-4.432388888999981],[104.32180611000001,-4.458264166999982],[104.322646604,-4.463502816000016],[104.320695565,-4.465177948000019],[104.32341690499999,-4.471036719999972],[104.32337606700003,-4.473636613999986],[104.32498233299998,-4.474212642999987],[104.325945359,-4.478687834000027],[104.336998634,-4.479525336999984],[104.34027039300003,-4.477621768000006],[104.340448853,-4.4762535790000015],[104.32994046499999,-4.468183923000026],[104.32815111899998,-4.461257896999996],[104.33289275599998,-4.456726800000013],[104.33365331800002,-4.458809083999995],[104.334957589,-4.459629330999974],[104.33827860600002,-4.456513115999996],[104.33845859399997,-4.45522129699998],[104.34702908999998,-4.455653787000017],[104.34602726899999,-4.426057510000021],[104.34599209800001,-4.42423168800002],[104.34708665099998,-4.423018162999995],[104.34661075700001,-4.42142392400001],[104.33955563299997,-4.421157420999975]]]},"properties":{"NAMOBJ":"Way Mencar","WADMKC":"Way Tuba","KDCPUM":"18.08.08"}},{"type":"Feature","geometry":{"type":"Polygon","coordinates":[[[104.60670084999998,-4.255365089999998],[104.60182094200002,-4.255306738000002],[104.60182189800003,-4.2562280710000095],[104.598146455,-4.256898308000018],[104.598017965,-4.263356574999989],[104.60212491300001,-4.267097089999993],[104.605044513,-4.2668591429999765],[104.60523010999998,-4.272712617000025],[104.60323850200001,-4.274083185999984],[104.60271264099998,-4.276978040000017],[104.60150387499999,-4.2781249390000085],[104.60202735600001,-4.280647166999984],[104.60908771300001,-4.280122885000026],[104.61716431299999,-4.286435688999973],[104.620433677,-4.287281104999977],[104.63244101999999,-4.2878645339999935],[104.632936589,-4.2704987419999725],[104.63421649200001,-4.268449363999991],[104.62035742,-4.259652898000013],[104.61548515200002,-4.2587332549999815],[104.61223481399998,-4.25532386499998],[104.60670084999998,-4.255365089999998]]]},"properties":{"NAMOBJ":"Serdang Kuring","WADMKC":"Bahuga","KDCPUM":"18.08.05"}},{"type":"Feature","geometry":{"type":"Polygon","coordinates":[[[104.76685733099998,-4.433669522000002],[104.75859173999999,-4.432090553000023],[104.74913124900002,-4.4274154810000255],[104.74409392899997,-4.431241654000019],[104.74492673999998,-4.433502142000009],[104.74474352200002,-4.436605752999981],[104.74622949500002,-4.437496265999982],[104.74622949500002,-4.438795452000022],[104.74069106299999,-4.439015908999977],[104.740688046,-4.441797134000012],[104.739688253,-4.442184438000027],[104.73889879199999,-4.4405983130000095],[104.73573833199998,-4.441707275999988],[104.73652784299998,-4.443134817999976],[104.731954169,-4.444841084000018],[104.731727901,-4.449735087000022],[104.73542816499997,-4.452690530999973],[104.741251895,-4.459394660999976],[104.74535646599998,-4.4603167029999895],[104.75160731,-4.459857864000014],[104.75050799899998,-4.463898187999973],[104.75090774900002,-4.468638075000001],[104.75008681399999,-4.47742546500001],[104.757463486,-4.475123435],[104.77715451799997,-4.474960442999986],[104.77411448200002,-4.458305005999989],[104.77462372100001,-4.453196273999993],[104.77249909,-4.448949162000019],[104.771495034,-4.448677846999999],[104.770804989,-4.449796193999987],[104.77030530299999,-4.448891999000011],[104.76783066299998,-4.449106151000024],[104.76797343099997,-4.442752988999985],[104.766759906,-4.442288995000013],[104.76658144599998,-4.441325312999993],[104.76685733099998,-4.433669522000002]]]},"properties":{"NAMOBJ":"Serupa Indah","WADMKC":"Pakuan Ratu","KDCPUM":"18.08.06"}},{"type":"Feature","geometry":{"type":"Polygon","coordinates":[[[104.47864071200001,-4.764795826000011],[104.480488944,-4.7566950390000216],[104.476030487,-4.754532955999991],[104.47692500900001,-4.757531744000005],[104.47380855799997,-4.761345616000028],[104.47515463100001,-4.762838000999977],[104.47439380700001,-4.764330385999983],[104.47635439200002,-4.766671382000027],[104.47623734199999,-4.767637042999979],[104.47562283000002,-4.768719754000017],[104.473750032,-4.76819303000002],[104.470911575,-4.769509839000023],[104.47054866899998,-4.772856350999973],[104.46363243399998,-4.773366959999976],[104.45934563600002,-4.774634289000005],[104.45843842699998,-4.774464156000022],[104.457726633,-4.772238931999993],[104.45402455800001,-4.771215058999985],[104.44869063200002,-4.773507702000018],[104.44884809500002,-4.7820821259999775],[104.44456270900002,-4.782111311999984],[104.437999472,-4.789525876000027],[104.44381943100001,-4.803234627999984],[104.45069602000001,-4.796601959999975],[104.45215837799998,-4.790923111999973],[104.45856637000003,-4.787139696999986],[104.46526964899999,-4.788598153999999],[104.466722876,-4.790841398999987],[104.46869743799999,-4.791963028999987],[104.476340709,-4.79300286199998],[104.48233488300002,-4.789138068],[104.48478742499998,-4.786493878999977],[104.48054466899998,-4.783350903999974],[104.48045642099999,-4.7769325680000065],[104.47690380099999,-4.775414387000012],[104.47864071200001,-4.764795826000011]]]},"properties":{"NAMOBJ":"Rebang Tinggi","WADMKC":"Banjit","KDCPUM":"18.08.03"}},{"type":"Feature","geometry":{"type":"Polygon","coordinates":[[[104.49118719799998,-4.367208764999987],[104.480587534,-4.367360237000014],[104.474022601,-4.369926484000018],[104.47213744599998,-4.372118729000022],[104.46595480000002,-4.375709288999985],[104.46352306400001,-4.37871669499998],[104.46689905599999,-4.380356043000006],[104.466936847,-4.381203857000003],[104.46478469099998,-4.382297698000002],[104.46483233999999,-4.385707910000008],[104.46359277900001,-4.388579499000002],[104.46606043100002,-4.397997291000024],[104.47543421,-4.404027207000013],[104.477678991,-4.403782933000002],[104.483158205,-4.406373265000013],[104.48661452599998,-4.406679250000025],[104.49257259000001,-4.405643032],[104.49392151299998,-4.404171743000006],[104.495187069,-4.399890124000024],[104.49400911599997,-4.393716384000015],[104.49497561499999,-4.393256403999999],[104.49436512699998,-4.392579653999974],[104.49496367,-4.3916131839999935],[104.49633592100002,-4.3917237470000146],[104.49624070300001,-4.390419566999981],[104.49501150499998,-4.387487329999999],[104.49173319599998,-4.385875236999993],[104.49123215399999,-4.3828162259999885],[104.49252699800002,-4.380118492999998],[104.491636761,-4.3776530709999975],[104.49198098900001,-4.370875110999975],[104.49118719799998,-4.367208764999987]]]},"properties":{"NAMOBJ":"Say Umpu","WADMKC":"Way Tuba","KDCPUM":"18.08.08"}},{"type":"Feature","geometry":{"type":"Polygon","coordinates":[[[104.79111853299997,-4.334077877000027],[104.77180326000001,-4.332749342999989],[104.77113426599999,-4.334119102999978],[104.769827153,-4.341116790000001],[104.771257548,-4.345115931999999],[104.768546635,-4.354723590999981],[104.76723807299999,-4.365231875000006],[104.77728009700002,-4.364577541000017],[104.777279297,-4.367288894000012],[104.769175658,-4.367888961999995],[104.76947467999997,-4.371504193000021],[104.788983197,-4.371208689000014],[104.788684165,-4.367292199000019],[104.796559221,-4.368358317000002],[104.79653654100002,-4.363752348999981],[104.79651160999998,-4.358688821999976],[104.791454037,-4.350705242999993],[104.79111853299997,-4.334077877000027]]]},"properties":{"NAMOBJ":"Rumbih","WADMKC":"Pakuan Ratu","KDCPUM":"18.08.06"}},{"type":"Feature","geometry":{"type":"Polygon","coordinates":[[[104.56135692100003,-4.736630354999988],[104.56596608400002,-4.737082063999992],[104.56895482499999,-4.735805789999972],[104.570672957,-4.731816229999993],[104.573031748,-4.730214581999974],[104.57413833999999,-4.726632714000004],[104.576759219,-4.724856339999974],[104.573643285,-4.720808538000028],[104.57713779199997,-4.7176926039999785],[104.573672407,-4.715304692000018],[104.57329383500002,-4.714227220999987],[104.574575154,-4.710703593000005],[104.57233284799997,-4.709713482999973],[104.57463339600002,-4.7037437029999865],[104.57478529399998,-4.700578197000027],[104.56994999800003,-4.69999507],[104.56789046300003,-4.700454848999982],[104.56611300499998,-4.702325105],[104.56075173900001,-4.702921016999994],[104.560425281,-4.706414121000023],[104.55856446899998,-4.707099684000013],[104.55771567900001,-4.705924433999996],[104.556442489,-4.705859142000008],[104.55627926099999,-4.707458787999997],[104.55875988499997,-4.712919715999988],[104.55544139400001,-4.713954598999976],[104.5551888,-4.717516079000006],[104.55420370500002,-4.717501803000005],[104.55410942999998,-4.724848269999995],[104.555672034,-4.724953794999976],[104.55555618900001,-4.729817529000002],[104.55407714699999,-4.7346801759999835],[104.56135692100003,-4.736630354999988]]]},"properties":{"NAMOBJ":"Setia Negara","WADMKC":"Baradatu","KDCPUM":"18.08.04"}},{"type":"Feature","geometry":{"type":"MultiPolygon","coordinates":[[[[104.56328529199999,-4.5811362869999925],[104.56427006500002,-4.581869046999998],[104.56426292600003,-4.584767231000001],[104.56534796199998,-4.585238365000009],[104.56428434200001,-4.58603072599999],[104.564410017,-4.589185733000022],[104.56464899500003,-4.589726740999993],[104.566823823,-4.588836823000008],[104.56759952599998,-4.593053227999974],[104.569070033,-4.591815908000001],[104.57225851099997,-4.591744523999978],[104.57574680099998,-4.593881279000016],[104.57521856099999,-4.595889544999977],[104.57776458400002,-4.594918725000014],[104.579630081,-4.59608466100002],[104.580053625,-4.596708079999985],[104.57979188500002,-4.59836418499998],[104.58028681299999,-4.599691925000002],[104.58261392499998,-4.597954916999981],[104.58608352099998,-4.6004687070000045],[104.58861701699999,-4.586126825999997],[104.594064108,-4.572800205000021],[104.595935612,-4.569849407999982],[104.60318840000002,-4.5635487480000165],[104.58365057200001,-4.5582464209999785],[104.58181437000002,-4.563698816999988],[104.57954912299999,-4.567505954000012],[104.57882576700001,-4.5716557339999895],[104.57802626799997,-4.5717699479999965],[104.57697930500001,-4.574187481000024],[104.57680798500002,-4.576814405999983],[104.57545644999999,-4.577994617999991],[104.575018629,-4.579745902000013],[104.57145895600001,-4.582334754999977],[104.56974574399999,-4.585608894000018],[104.56729014000001,-4.585475643999985],[104.56609089199998,-4.586846213000001],[104.56495543900002,-4.586429415999987],[104.565548277,-4.585073415000011],[104.56737117,-4.584932935999973],[104.56949741,-4.58306546],[104.56538575899998,-4.583090491999997],[104.56451261000001,-4.581420182999977],[104.56328529199999,-4.5811362869999925]]],[[[104.56328529199999,-4.5811362869999925],[104.56075615200001,-4.578841004000026],[104.55930776899999,-4.58065302],[104.55212658800002,-4.575509865000015],[104.55085760600002,-4.575576088999981],[104.54577309799998,-4.571476227000005],[104.54246812399998,-4.570009275000018],[104.54168121800001,-4.567947195999977],[104.54044817599998,-4.567241631000002],[104.53813094499998,-4.566907710999999],[104.535196058,-4.568614803999992],[104.53467407,-4.568040015000008],[104.53350880300002,-4.5700378650000175],[104.53262418499997,-4.570137461000002],[104.530878288,-4.572925707000024],[104.531718872,-4.575372403000017],[104.52868310999997,-4.5753693240000075],[104.52973433800003,-4.578969775000019],[104.52932507100002,-4.5799310780000155],[104.53026777399998,-4.58108249899999],[104.52970051,-4.582426417000022],[104.53043719099998,-4.583385436000015],[104.53023376200002,-4.586674376000019],[104.53139287900001,-4.592059382000002],[104.53059471199998,-4.592745428000001],[104.53185201899998,-4.593898514999978],[104.537176316,-4.594584037999994],[104.54132980499998,-4.599550136999994],[104.54076911300001,-4.603821611000001],[104.54585456400002,-4.604387502000009],[104.54704346900002,-4.602779799000018],[104.54878964800002,-4.602579850999973],[104.54867682600002,-4.599582951999992],[104.55052000699999,-4.596692974000007],[104.550321521,-4.5905088540000065],[104.55136684799999,-4.589232569999979],[104.55163810599998,-4.586983981000003],[104.55449568699999,-4.587189953999996],[104.558599023,-4.584514049999996],[104.559369968,-4.582267838000007],[104.56087727699997,-4.581083937000017],[104.56214315099999,-4.580365340000014],[104.56328529199999,-4.5811362869999925]]]]},"properties":{"NAMOBJ":"Sidoarjo","WADMKC":"Umpu Semenguk","KDCPUM":"18.08.15"}},{"type":"Feature","geometry":{"type":"Polygon","coordinates":[[[104.49744750600001,-4.363348492],[104.49608769299999,-4.362225163000005],[104.49375909399998,-4.356109305000018],[104.49651903400002,-4.352627064999979],[104.49428050400002,-4.353375958000015],[104.49228190999997,-4.355738233000011],[104.49118719799998,-4.367208764999987],[104.49198098900001,-4.370875110999975],[104.491636761,-4.3776530709999975],[104.49252699800002,-4.380118492999998],[104.49123215399999,-4.3828162259999885],[104.49173319599998,-4.385875236999993],[104.49501150499998,-4.387487329999999],[104.49624070300001,-4.390419566999981],[104.49633592100002,-4.3917237470000146],[104.49496367,-4.3916131839999935],[104.49436512699998,-4.392579653999974],[104.49497561499999,-4.393256403999999],[104.49400911599997,-4.393716384000015],[104.495187069,-4.399890124000024],[104.49779280199999,-4.399604790000012],[104.49818981499999,-4.402739591999989],[104.50239910300002,-4.404367116000003],[104.50659497599997,-4.40232447599999],[104.51043418699999,-4.402854267999999],[104.510995633,-4.405102138000018],[104.50988256900001,-4.407075420000012],[104.51070298500002,-4.408481037999991],[104.51402817899998,-4.408093704000009],[104.51477295299998,-4.406926141999975],[104.51553571199997,-4.407443645000001],[104.51773033400002,-4.406315318999987],[104.52064824500002,-4.407753335999985],[104.52155161399997,-4.403049647999978],[104.52371334499998,-4.40111226099998],[104.526486536,-4.399664857000005],[104.53509558399998,-4.3989163159999976],[104.54220463000001,-4.400690727999972],[104.55032210000002,-4.405677215000026],[104.56365890400002,-4.411888389000012],[104.56340532399997,-4.394019033000006],[104.559700647,-4.389365541000018],[104.545728887,-4.388336944999992],[104.54578791300003,-4.387636975000021],[104.54014886200002,-4.385107260999973],[104.53909239900003,-4.385630084000013],[104.53902667099999,-4.387880886999994],[104.53682375699998,-4.387646228999984],[104.53519041599998,-4.38531962899998],[104.52183131999999,-4.383557256000017],[104.51899366399999,-4.380251132000012],[104.51753348099999,-4.3815685280000025],[104.50785612099997,-4.371946940999976],[104.49744750600001,-4.363348492]]]},"properties":{"NAMOBJ":"Segara Mider","WADMKC":"Blambangan Umpu","KDCPUM":"18.08.01"}},{"type":"Feature","geometry":{"type":"MultiPolygon","coordinates":[[[[104.460397564,-4.655432291000011],[104.45977121099997,-4.656223995999994],[104.45896640500001,-4.655115357999989],[104.457523208,-4.655170993000013],[104.45634880799997,-4.656872077999992],[104.454942539,-4.656396954999991],[104.45475324199998,-4.655353325000021],[104.45211382999997,-4.657394608999994],[104.451611979,-4.656787905999977],[104.45218539000001,-4.655913295999994],[104.45083635999998,-4.655949054000018],[104.45052109800002,-4.657898799999998],[104.44823885199997,-4.658594180000023],[104.448559945,-4.661945646999982],[104.45142636700001,-4.667628190000016],[104.453360341,-4.670811397000023],[104.46112068299999,-4.672758756999997],[104.46301726500002,-4.675693514999978],[104.46696708399998,-4.676242133000017],[104.469102567,-4.676095557999986],[104.46894649199999,-4.674245800999984],[104.46737439499998,-4.671805357999972],[104.46856486299998,-4.667781144000003],[104.46289051899998,-4.667916591999983],[104.46114875299997,-4.666671656999995],[104.460537708,-4.667328388999977],[104.46014497499999,-4.665414005999992],[104.46075420699998,-4.66419378400002],[104.45927559699999,-4.663678043000004],[104.45680942199999,-4.6600260409999805],[104.457609794,-4.6584110420000115],[104.459554481,-4.657718421000027],[104.460397564,-4.655432291000011]]],[[[104.44755347900002,-4.651440426000022],[104.45030864199998,-4.648566793999976],[104.44954648200002,-4.646313436000014],[104.45131009400001,-4.645715800000005],[104.45002722800001,-4.645141319999993],[104.45116052499998,-4.642576453000004],[104.45080201100001,-4.641694819999998],[104.44984249700002,-4.641273021000018],[104.45054735100001,-4.642560034999974],[104.44788220700002,-4.6432317969999986],[104.44692883800002,-4.640601950000018],[104.44552136700003,-4.641119353000022],[104.44630097800001,-4.642047273000003],[104.44341907900002,-4.643787287000009],[104.44205435600003,-4.643493949000003],[104.44288643599998,-4.6441919220000045],[104.442490421,-4.644892072999994],[104.43898161800001,-4.645605384000021],[104.44067965800002,-4.648512910000022],[104.44755347900002,-4.651440426000022]]],[[[104.42531127799998,-4.638133144999983],[104.428226242,-4.630905417000008],[104.42882414399998,-4.630924703999995],[104.42824552799999,-4.629696109000008],[104.42979472799999,-4.627592995999976],[104.428701273,-4.62755148399998],[104.42466213199998,-4.630111914999986],[104.42531127799998,-4.638133144999983]]]]},"properties":{"NAMOBJ":"Rambang Jaya","WADMKC":"Kasui","KDCPUM":"18.08.15"}},{"type":"Feature","geometry":{"type":"Polygon","coordinates":[[[104.390418549,-4.404403762000015],[104.40260688699999,-4.376888182000016],[104.40476081399999,-4.3756676979999725],[104.400852596,-4.369754811000007],[104.385010013,-4.36958630700002],[104.37954815299997,-4.371408785000028],[104.37868416200001,-4.3720605569999975],[104.37916686199998,-4.373457852999991],[104.37858537599999,-4.3745027200000095],[104.37516884299998,-4.376227437000011],[104.37488823299998,-4.3775670969999965],[104.37291231,-4.377313539999989],[104.37333854500002,-4.382211880999989],[104.38137478599998,-4.386105225999984],[104.379725775,-4.390555756000026],[104.380369073,-4.391202533000012],[104.387569262,-4.392668515000025],[104.389966631,-4.394448464999982],[104.387797164,-4.397152945000016],[104.386086014,-4.397900934999996],[104.38230649000002,-4.404288898000004],[104.38102300600002,-4.410282435999989],[104.38520368500002,-4.417445950999991],[104.390418549,-4.404403762000015]]]},"properties":{"NAMOBJ":"Ramsai","WADMKC":"Way Tuba","KDCPUM":"18.08.08"}},{"type":"Feature","geometry":{"type":"Polygon","coordinates":[[[104.504182518,-4.815019958999983],[104.50425390100003,-4.814288275000024],[104.503165298,-4.813830229000018],[104.50351031999998,-4.813062851999973],[104.50213617999998,-4.812093222999977],[104.50238007500002,-4.810469239999975],[104.50372447000001,-4.810647700000004],[104.50413730700001,-4.809213280999984],[104.50124854500001,-4.807730210999978],[104.50106727600001,-4.808691582999984],[104.49991336800002,-4.8090860890000044],[104.49713270900003,-4.8082997480000245],[104.49423650799997,-4.810392088000015],[104.49322285699998,-4.810092275999978],[104.48984640399999,-4.813725712999997],[104.48769775,-4.814596595000012],[104.487351703,-4.8169273500000145],[104.48894354100003,-4.822821611999984],[104.49056157400003,-4.821417730000007],[104.49059726799999,-4.820311280999988],[104.491846485,-4.820638456999973],[104.49864872400002,-4.816411991999985],[104.50146124700001,-4.816152629999976],[104.50211345700001,-4.814872004999984],[104.504182518,-4.815019958999983]]]},"properties":{"NAMOBJ":"Rantau Jaya","WADMKC":"Banjit","KDCPUM":"18.08.03"}},{"type":"Feature","geometry":{"type":"Polygon","coordinates":[[[104.47570062,-4.449060530999986],[104.47561056900003,-4.448013173999982],[104.47435507300003,-4.4474180479999745],[104.47325851800002,-4.448154418999991],[104.47176392099999,-4.44681128000002],[104.47111887099999,-4.449631415999988],[104.46939243600002,-4.449544505000006],[104.46904781500001,-4.448682172000019],[104.46730693500001,-4.44980813799998],[104.46564848499997,-4.448888963999991],[104.46531002900002,-4.450031636000006],[104.46465606700002,-4.449270468999998],[104.46352667399998,-4.449959197999988],[104.46277098600001,-4.4502945009999735],[104.462270789,-4.4489543230000095],[104.46092646199997,-4.449038519999988],[104.46071914499998,-4.449881951000009],[104.45947906599997,-4.448729558000025],[104.45717703399998,-4.448634576000018],[104.457403435,-4.44960093100002],[104.454797122,-4.450360427000021],[104.45486374799998,-4.451719638999975],[104.45349322599998,-4.452707018000012],[104.454419594,-4.454760820999979],[104.45335016500002,-4.45448933199998],[104.45284654099999,-4.4552969050000115],[104.45184362100002,-4.455004520999978],[104.450822141,-4.456111684999996],[104.44919391100001,-4.456296583999972],[104.44746227799999,-4.454941669999982],[104.44563398399998,-4.457002534000026],[104.44462896499999,-4.456038674000013],[104.44356099800001,-4.4579049220000115],[104.442117354,-4.457656156999974],[104.44039225300003,-4.46270364999998],[104.44314525599998,-4.46836676800001],[104.440393653,-4.476171163000004],[104.43905392800002,-4.478698565000002],[104.44071654599998,-4.4784800130000235],[104.44509925,-4.475739922999992],[104.44671552699998,-4.473786061999988],[104.45037039200002,-4.474213162000012],[104.45231698399999,-4.472028786999999],[104.454112071,-4.471476075999988],[104.45640370799998,-4.472183513999994],[104.45894281900001,-4.474338735999993],[104.46645607699998,-4.4767187720000265],[104.46771557400001,-4.478800259000025],[104.47295460999999,-4.476901920999978],[104.47291559299998,-4.4747680639999885],[104.47462368599997,-4.474865831999978],[104.475180846,-4.476130013999978],[104.47554693699999,-4.474435658999994],[104.476655677,-4.47475239900001],[104.477228733,-4.473783430000026],[104.47862344999999,-4.474394774000018],[104.47899663499999,-4.472772227999997],[104.48091475299998,-4.471797030000005],[104.480564776,-4.470949474000008],[104.482296738,-4.470160834000012],[104.48218035999997,-4.4626749860000245],[104.48018017200002,-4.459959898000022],[104.48219372099999,-4.4580511030000025],[104.482870004,-4.4552411660000075],[104.48244832300003,-4.453394695999975],[104.47526227899999,-4.450679372000025],[104.47570062,-4.449060530999986]]]},"properties":{"NAMOBJ":"Sangkaran Bhakti","WADMKC":"Blambangan Umpu","KDCPUM":"18.08.01"}},{"type":"Feature","geometry":{"type":"Polygon","coordinates":[[[104.81604333199999,-4.442156386000022],[104.81657773,-4.414743940999983],[104.81178851599998,-4.400644248999981],[104.81085255300002,-4.395427636000022],[104.809481081,-4.399653589000025],[104.80824376200002,-4.400938497000027],[104.806554344,-4.4011526470000035],[104.80331262700003,-4.399944222999977],[104.800356395,-4.401093869000022],[104.79354301400002,-4.402862937000009],[104.79386523199997,-4.411562833999994],[104.79216261599998,-4.41534642900001],[104.79302263900001,-4.4478553550000015],[104.79487996400002,-4.447831818999987],[104.795319302,-4.446105127999999],[104.796499515,-4.446067056999993],[104.796956373,-4.447342447999972],[104.79781297800002,-4.446200307000026],[104.798155619,-4.446714269999973],[104.798460191,-4.445058164999978],[104.80215311400002,-4.443763739000019],[104.80243865,-4.442450275999988],[104.80154397199999,-4.441803063000009],[104.80441836099999,-4.441536563],[104.80514171800002,-4.440718027999992],[104.80828260599998,-4.441745955999977],[104.80906306899999,-4.441003564000027],[104.80898692699998,-4.441688849000002],[104.80986256699998,-4.4417840259999934],[104.80940571100001,-4.442297990999975],[104.81045267399998,-4.4422218490000205],[104.81011003200001,-4.443078453999988],[104.81380295600002,-4.442050527999982],[104.81462149100003,-4.446181271],[104.81604333199999,-4.442156386000022]]]},"properties":{"NAMOBJ":"Setia Negara","WADMKC":"Negara Batin","KDCPUM":"18.08.11"}},{"type":"Feature","geometry":{"type":"Polygon","coordinates":[[[104.87798914000001,-4.402940495999985],[104.87290530199999,-4.402816287000007],[104.85702493299999,-4.403034995999974],[104.847018978,-4.403134501000011],[104.84761821500001,-4.4285368530000255],[104.84657640699999,-4.435421260999988],[104.844955659,-4.439824095999995],[104.84910305199998,-4.438313979999975],[104.86193994400003,-4.439609570000016],[104.87823224099998,-4.436245761999999],[104.87731812099997,-4.428764695999973],[104.880362994,-4.428616427000009],[104.879235703,-4.420397567000009],[104.88007926799997,-4.412124962999997],[104.87698255200002,-4.405387809999979],[104.87798914000001,-4.402940495999985]]]},"properties":{"NAMOBJ":"Sri Mulyo","WADMKC":"Negara Batin","KDCPUM":"18.08.11"}},{"type":"Feature","geometry":{"type":"Polygon","coordinates":[[[104.58870890100002,-4.659216191999974],[104.582788989,-4.657966928999997],[104.58271223399998,-4.656516868999972],[104.57787850900002,-4.652433950999978],[104.57521334500001,-4.653319524999972],[104.57676002,-4.651855603999991],[104.575830854,-4.651004375000014],[104.5701459,-4.6550489919999904],[104.57130345399997,-4.656490474000009],[104.57176210799997,-4.6602907500000015],[104.57429562499999,-4.663173716000017],[104.57091032300002,-4.667978661999996],[104.57058271199998,-4.670599540000012],[104.57184946900003,-4.67164789200001],[104.572177081,-4.674356133000003],[104.57625468399999,-4.674255757000026],[104.58201297900001,-4.679490570999974],[104.582162557,-4.683315460000017],[104.58387411000001,-4.683908361000022],[104.585089272,-4.683152925999991],[104.595814921,-4.683252713999991],[104.60664060099998,-4.6818250329999955],[104.60733505799999,-4.683509049999998],[104.60875773100003,-4.682781397999975],[104.60924494,-4.68120912400002],[104.61149855600002,-4.680021661000012],[104.610206086,-4.676427020999995],[104.611440405,-4.675972913999999],[104.61353451600002,-4.6715433159999975],[104.61567763699998,-4.6704383599999915],[104.61371319,-4.668886774999976],[104.58870890100002,-4.659216191999974]]]},"properties":{"NAMOBJ":"Sukarame","WADMKC":"Gunung Labuhan","KDCPUM":"18.08.10"}},{"type":"Feature","geometry":{"type":"Polygon","coordinates":[[[104.51842899100001,-4.322366828999975],[104.51847421399998,-4.315710715000023],[104.51515994800002,-4.315693692000025],[104.51572387599998,-4.314434012999982],[104.51876094199997,-4.3127564389999975],[104.51962543899998,-4.3111135309999895],[104.51344558800002,-4.3123887130000185],[104.48808652600002,-4.318142841999986],[104.48709536299998,-4.314644783000006],[104.48317315600002,-4.311546066000005],[104.48276864799999,-4.313663786000006],[104.48138856100002,-4.3153769979999765],[104.48269726400002,-4.320825964999983],[104.48505293,-4.324157207999974],[104.48234814400001,-4.326691566000022],[104.48628021299999,-4.326772619999986],[104.492514401,-4.328723777999983],[104.49803475099998,-4.33472002000002],[104.49898653499997,-4.341096975000028],[104.49784802599999,-4.3462348250000105],[104.50006169800002,-4.344463887000018],[104.51339543699999,-4.341946602000007],[104.50908116400001,-4.334359812999992],[104.50546438200001,-4.330076782999981],[104.51043745700002,-4.327673527000002],[104.51871955600001,-4.327768705999972],[104.51842899100001,-4.322366828999975]]]},"properties":{"NAMOBJ":"Sukamaju","WADMKC":"Bumi Agung","KDCPUM":"18.08.14"}},{"type":"Feature","geometry":{"type":"MultiPolygon","coordinates":[[[[104.571629616,-4.27218564399999],[104.57051468600002,-4.270831551000015],[104.57016133000002,-4.268349295999997],[104.564095382,-4.264901038000005],[104.56411885199998,-4.261938640999972],[104.57399269299998,-4.262344383000027],[104.57859951500001,-4.26050184799999],[104.57865411300003,-4.256398925999974],[104.578023557,-4.255173504000027],[104.57472235199998,-4.253611998999986],[104.569234693,-4.24877501200001],[104.56505555500001,-4.249638888999982],[104.55108839500002,-4.256868053999995],[104.55129432299998,-4.267722024000022],[104.55129435700002,-4.26965282499998],[104.55594065999998,-4.269262459000004],[104.55621175599998,-4.270702997000001],[104.557483472,-4.270029420000014],[104.55916416000002,-4.271572172999981],[104.559859324,-4.2706547270000215],[104.56108707599998,-4.271522907000019],[104.563187234,-4.270358368000018],[104.56401129099999,-4.27358916899999],[104.56574821700002,-4.274259176999976],[104.56614355800002,-4.27526543099998],[104.56730985600001,-4.272502378000013],[104.56864410600002,-4.272360366999976],[104.56925626100002,-4.273790104],[104.570546551,-4.272243161000006],[104.571629616,-4.27218564399999]]],[[[104.572372524,-4.2742314640000245],[104.574794628,-4.274005231999979],[104.575397028,-4.27800064500002],[104.57890911200002,-4.2837970119999795],[104.58060804799999,-4.282616800000028],[104.58510522799997,-4.281522246999998],[104.58857924099999,-4.277215422999973],[104.58894805800003,-4.2697888270000135],[104.59007513,-4.268160482999974],[104.58927325000002,-4.264379517999998],[104.58354599400002,-4.261936725999988],[104.57854079499998,-4.2623322869999924],[104.574975704,-4.266403479000019],[104.572919851,-4.266831781999997],[104.573424058,-4.273300912000025],[104.57205555799999,-4.273676987999977],[104.572372524,-4.2742314640000245]]]]},"properties":{"NAMOBJ":"Suka Bumi","WADMKC":"Buay Bahuga","KDCPUM":"18.08.13"}},{"type":"Feature","geometry":{"type":"Polygon","coordinates":[[[104.59278452400002,-4.8079824710000025],[104.59242412700002,-4.8045539909999775],[104.58945764499998,-4.801799709000022],[104.581763266,-4.800330416999998],[104.57868685599999,-4.801048518000016],[104.575711829,-4.803618081000025],[104.570854526,-4.806148011000005],[104.567913638,-4.812664531999985],[104.56342531000001,-4.814074688000005],[104.56065950099998,-4.814019042999973],[104.562172535,-4.829157473999999],[104.57055559999998,-4.827222221999989],[104.57499999999999,-4.827777777999984],[104.57777779999998,-4.826111110999989],[104.59285592399999,-4.825266618000001],[104.59258660199998,-4.824100284999986],[104.58933609799999,-4.824609156999998],[104.58753428,-4.822795842000005],[104.587281415,-4.821381730999974],[104.58755357799998,-4.816637329000002],[104.58932079300001,-4.809719013000006],[104.59278452400002,-4.8079824710000025]]]},"properties":{"NAMOBJ":"Suka Negeri","WADMKC":"Gunung Labuhan","KDCPUM":"18.08.10"}},{"type":"Feature","geometry":{"type":"Polygon","coordinates":[[[104.45402455800001,-4.771215058999985],[104.458650605,-4.767602287999978],[104.458935919,-4.762844157000018],[104.45786337700002,-4.758225626000012],[104.45897084400002,-4.755834386999993],[104.46119866599997,-4.754952446000004],[104.46163509500002,-4.753518765000024],[104.44642412500002,-4.754877819000001],[104.440547041,-4.754283645999976],[104.43833120699998,-4.756364624000014],[104.436670811,-4.765325745999974],[104.43310235000001,-4.7651242329999945],[104.43460968,-4.766435536000017],[104.43250131100001,-4.769677014000024],[104.43334166400001,-4.773115243999996],[104.43273355000002,-4.776355115000001],[104.43383939799998,-4.779722825000022],[104.437745065,-4.780305682000005],[104.442596547,-4.778790024999978],[104.44400816500001,-4.776666175999992],[104.44869063200002,-4.773507702000018],[104.45402455800001,-4.771215058999985]]]},"properties":{"NAMOBJ":"Sukajadi","WADMKC":"Kasui","KDCPUM":"18.08.02"}},{"type":"Feature","geometry":{"type":"Polygon","coordinates":[[[104.60177363100001,-4.385523669000008],[104.59707760700002,-4.381279140000004],[104.59337138799998,-4.3799218849999875],[104.584572509,-4.381167247999997],[104.581118135,-4.384415864000005],[104.58027406600002,-4.386865091000004],[104.57851864000003,-4.387537146],[104.57236243300002,-4.3890359609999905],[104.56323017800003,-4.389583806000019],[104.559700647,-4.389365541000018],[104.56340532399997,-4.394019033000006],[104.56365890400002,-4.411888389000012],[104.569074736,-4.414349567999977],[104.56978857500002,-4.4153965300000095],[104.59049464399999,-4.424072045000003],[104.61595938599999,-4.436581487000012],[104.61137470599999,-4.419653602999972],[104.61054098800003,-4.416953906999993],[104.61009017399999,-4.407459194000012],[104.608390514,-4.403328692000002],[104.60689084500001,-4.398440877999974],[104.60403038099997,-4.399611016999984],[104.60180304699998,-4.396389510000006],[104.60240636600003,-4.393003523000004],[104.604804151,-4.391668336000009],[104.60403770200003,-4.390794835000008],[104.60519051400001,-4.390213464999988],[104.60261836400002,-4.389107579999973],[104.60177363100001,-4.385523669000008]]]},"properties":{"NAMOBJ":"Sri Rejeki","WADMKC":"Blambangan Umpu","KDCPUM":"18.08.01"}},{"type":"Feature","geometry":{"type":"Polygon","coordinates":[[[104.59910466399998,-4.233148550999999],[104.59828670799999,-4.233956352000007],[104.59817847300002,-4.232845455000017],[104.59642275599998,-4.233956755999998],[104.596527778,-4.236575000000016],[104.58804616100002,-4.241091171999983],[104.58748261199997,-4.243469571999981],[104.58897951699998,-4.246754086999999],[104.58740867900002,-4.255959096000026],[104.588940922,-4.259126501000026],[104.598146455,-4.256898308000018],[104.60182189800003,-4.2562280710000095],[104.60182094200002,-4.255306738000002],[104.60670084999998,-4.255365089999998],[104.60814443700002,-4.2500214190000065],[104.60919628200003,-4.247749407000015],[104.610439246,-4.247245040999985],[104.61002108500003,-4.2443438029999925],[104.61073683500001,-4.2433580069999834],[104.60885486799998,-4.242515231000027],[104.60567985400002,-4.242514417999985],[104.600385072,-4.238301736999972],[104.59910466399998,-4.233148550999999]]]},"properties":{"NAMOBJ":"Sritunggal","WADMKC":"Buay Bahuga","KDCPUM":"18.08.13"}},{"type":"Feature","geometry":{"type":"Polygon","coordinates":[[[104.56328529199999,-4.5811362869999925],[104.56214315099999,-4.580365340000014],[104.56087727699997,-4.581083937000017],[104.559369968,-4.582267838000007],[104.558599023,-4.584514049999996],[104.55449568699999,-4.587189953999996],[104.55163810599998,-4.586983981000003],[104.55136684799999,-4.589232569999979],[104.550321521,-4.5905088540000065],[104.55052000699999,-4.596692974000007],[104.54867682600002,-4.599582951999992],[104.54878964800002,-4.602579850999973],[104.54704346900002,-4.602779799000018],[104.54585456400002,-4.604387502000009],[104.54224563499997,-4.611873546000027],[104.54121512500001,-4.611939898999992],[104.54122331999997,-4.614036646999978],[104.54477487600002,-4.61942598600001],[104.548098713,-4.619548521000013],[104.54809689000001,-4.620174054000017],[104.54537142800001,-4.621195942999975],[104.545171391,-4.624943455999983],[104.54589478700001,-4.625408121000021],[104.54593133999998,-4.627115462000006],[104.54877977400002,-4.627641524000012],[104.55114435799999,-4.630655144000002],[104.55270489999998,-4.631748899999991],[104.55293439299999,-4.6309623679999845],[104.55474694999998,-4.631533174000026],[104.55517635500001,-4.630027414999972],[104.557521544,-4.630806929000016],[104.55904898900002,-4.629546482000023],[104.562471383,-4.633385265000015],[104.564529392,-4.63410858200001],[104.56574205099997,-4.636881062999976],[104.56826137399997,-4.635874606000016],[104.57503032099999,-4.632778492999989],[104.573505496,-4.629524819999972],[104.57403562100001,-4.628547700000013],[104.57349372599998,-4.624143772000025],[104.57245365,-4.624605298000006],[104.56912400499999,-4.623758565999992],[104.56714775699999,-4.625796090999984],[104.56527625199999,-4.624771726000006],[104.56252000699999,-4.625593980000019],[104.558133134,-4.624438398999985],[104.556680831,-4.623157416000026],[104.55628103200002,-4.617824731999974],[104.55632703600003,-4.614115947000016],[104.55754944400002,-4.6109259219999785],[104.556833622,-4.599821659999975],[104.55726376299998,-4.5985091160000025],[104.55858078699998,-4.5979642049999825],[104.55843844700001,-4.596700322999993],[104.560996934,-4.594337076999977],[104.56071162500001,-4.592824178000001],[104.56172294499999,-4.592891819999977],[104.56347096000002,-4.589628090000019],[104.56306276599997,-4.587601011000004],[104.56391937199999,-4.586106710000024],[104.562158571,-4.584441087000016],[104.563671908,-4.5834036420000075],[104.56328529199999,-4.5811362869999925]]]},"properties":{"NAMOBJ":"Sriwijaya","WADMKC":"Umpu Semenguk","KDCPUM":"18.08.15"}},{"type":"Feature","geometry":{"type":"Polygon","coordinates":[[[104.70785246899999,-4.4577342279999925],[104.695251026,-4.456651690000001],[104.68394426700002,-4.4689062159999935],[104.67440045000001,-4.479250025999988],[104.67275958300002,-4.484763943000019],[104.66966258500003,-4.492760052999984],[104.67090913099997,-4.493787344999987],[104.67077034800002,-4.495358880000026],[104.67064063499998,-4.50264869099999],[104.672876965,-4.502767827000014],[104.68961397300001,-4.4971728389999726],[104.69667502300001,-4.493986741000015],[104.69766725900001,-4.494265138999992],[104.70122931200001,-4.49229494399998],[104.70636395899999,-4.4921321489999855],[104.705446956,-4.488477623999984],[104.70785246899999,-4.4577342279999925]]]},"properties":{"NAMOBJ":"Suka Bumi","WADMKC":"Pakuan Ratu","KDCPUM":"18.08.06"}},{"type":"Feature","geometry":{"type":"Polygon","coordinates":[[[104.88592271599998,-4.361003567000012],[104.88222642,-4.360907958999974],[104.879413897,-4.358937765000007],[104.87586849899998,-4.366575834999992],[104.87589229500003,-4.368598377000012],[104.87432185099999,-4.372143773999994],[104.872216643,-4.385058662000006],[104.86953628999999,-4.385380108999982],[104.87123806800003,-4.3869297439999855],[104.87080738700001,-4.391848089999996],[104.87290530199999,-4.402816287000007],[104.87798914000001,-4.402940495999985],[104.90685309600002,-4.402766266000015],[104.90933431899998,-4.403992974000005],[104.907565439,-4.373740036000015],[104.88592271599998,-4.361003567000012]]]},"properties":{"NAMOBJ":"Sri Menanti","WADMKC":"Negara Batin","KDCPUM":"18.08.11"}},{"type":"Feature","geometry":{"type":"Polygon","coordinates":[[[104.705509786,-4.37181701999998],[104.70014424300001,-4.370908672999974],[104.69792593,-4.368627703000016],[104.68845264700002,-4.363612615000022],[104.68751470500001,-4.365651648999972],[104.68330921699999,-4.3651118710000105],[104.67362102099997,-4.36150416800001],[104.66730004800002,-4.356845430000021],[104.664588762,-4.359359030000007],[104.65868374399997,-4.359572522999997],[104.65325070099999,-4.3644551859999865],[104.651471598,-4.367586150000022],[104.64862648000002,-4.368406216999972],[104.64683369,-4.370204662999981],[104.64093806199998,-4.378453787000012],[104.63567850099997,-4.380612806999977],[104.63280943199999,-4.38384105199998],[104.630341999,-4.391325504000008],[104.63546606599999,-4.394084637999981],[104.639229656,-4.394100338999976],[104.63685527000001,-4.400406073999989],[104.638221445,-4.409953050000013],[104.63955157599997,-4.410793306000016],[104.64281197000003,-4.409800642999983],[104.65203516999998,-4.412269217000016],[104.65687532700002,-4.414319662000025],[104.66557936700002,-4.421283905999985],[104.67891043899999,-4.425155849000021],[104.68761119999999,-4.42515914400002],[104.70136641200003,-4.420581131000006],[104.70635974100003,-4.4144590490000155],[104.70248247900003,-4.405855398000028],[104.72080353400003,-4.401774376999981],[104.71784538899999,-4.390465886000015],[104.718897777,-4.384742420000009],[104.71484711800002,-4.382330721000017],[104.70554384100001,-4.380218289000027],[104.705509786,-4.37181701999998]]]},"properties":{"NAMOBJ":"Tanjung Ratu","WADMKC":"Pakuan Ratu","KDCPUM":"18.08.06"}},{"type":"Feature","geometry":{"type":"Polygon","coordinates":[[[104.42943970200002,-4.6793851759999825],[104.41135883999999,-4.679294438999989],[104.40765635899999,-4.678009664000001],[104.40510303000002,-4.678686280000022],[104.40124435199999,-4.680120917000011],[104.39941623700003,-4.683235344000025],[104.399568585,-4.689215205999972],[104.39571271,-4.7058859510000275],[104.39662432199998,-4.714275808000025],[104.401171326,-4.713701970999978],[104.40286037099997,-4.710348076999992],[104.40609773699998,-4.7104745490000255],[104.40274002799998,-4.729114956999979],[104.40575821700003,-4.720885673999987],[104.41060248600002,-4.7219197370000074],[104.41004776300002,-4.721155752000016],[104.41061017099997,-4.710650832999988],[104.41795035400003,-4.71051871100002],[104.41920320399998,-4.704662421000023],[104.420679178,-4.704952588000026],[104.41959825700002,-4.701536249000014],[104.41452238400001,-4.69662606899999],[104.420928355,-4.692487507999999],[104.42432170299998,-4.692014329000017],[104.42563401799998,-4.685509707999984],[104.42647555500002,-4.68451815200001],[104.42587000100002,-4.682878436999999],[104.42827045899998,-4.681665597999995],[104.43007487900002,-4.6819402130000185],[104.429596113,-4.679854288000001],[104.42943970200002,-4.6793851759999825]]]},"properties":{"NAMOBJ":"Tanjung Bulan","WADMKC":"Kasui","KDCPUM":"18.08.02"}},{"type":"Feature","geometry":{"type":"Polygon","coordinates":[[[104.90079347699998,-4.433082947999992],[104.895128387,-4.431191747000014],[104.880362994,-4.428616427000009],[104.87731812099997,-4.428764695999973],[104.87823224099998,-4.436245761999999],[104.87963809399997,-4.43932950300001],[104.88409958400001,-4.4435768399999915],[104.89664866700002,-4.448076410999988],[104.90196356199999,-4.445069235000005],[104.90274298399999,-4.440442672000017],[104.90242463800001,-4.435364434000007],[104.90079347699998,-4.433082947999992]]]},"properties":{"NAMOBJ":"Tanjung Mas","WADMKC":"Negeri Besar","KDCPUM":"18.08.12"}},{"type":"Feature","geometry":{"type":"Polygon","coordinates":[[[104.53784307799998,-4.367267018999996],[104.53345711600002,-4.360219368999992],[104.53196400500002,-4.359106972000006],[104.53140086399998,-4.356962977000023],[104.52939022100003,-4.3556066840000085],[104.524890024,-4.358246382000004],[104.53519041599998,-4.38531962899998],[104.53682375699998,-4.387646228999984],[104.53902667099999,-4.387880886999994],[104.53909239900003,-4.385630084000013],[104.54014886200002,-4.385107260999973],[104.54578791300003,-4.387636975000021],[104.545728887,-4.388336944999992],[104.559700647,-4.389365541000018],[104.56323017800003,-4.389583806000019],[104.56553482999999,-4.370554100999982],[104.56768970899998,-4.3691429979999725],[104.566887081,-4.359174483999993],[104.55655293500001,-4.360071553000012],[104.55334379700003,-4.3608925770000155],[104.54945138,-4.363622346999989],[104.53784307799998,-4.367267018999996]]]},"properties":{"NAMOBJ":"Tanjung Dalam","WADMKC":"Bumi Agung","KDCPUM":"18.08.14"}},{"type":"Feature","geometry":{"type":"Polygon","coordinates":[[[104.35407531499999,-4.635472718000017],[104.35187456,-4.636154112999975],[104.35105817499999,-4.635476884000013],[104.35232913700003,-4.6384270020000145],[104.35149419800001,-4.640525481999987],[104.34993564500002,-4.641258371999982],[104.350343839,-4.643447767999987],[104.34761080499999,-4.644490513999983],[104.34723972199998,-4.646206776999975],[104.34490189299999,-4.646327379000013],[104.34606152999999,-4.649728363999998],[104.34369958100001,-4.649320170999999],[104.343087292,-4.650850892999983],[104.34027633099998,-4.650118001999999],[104.33980319900002,-4.6524929390000125],[104.338120823,-4.652526856000009],[104.337415857,-4.6541055459999825],[104.338618543,-4.65641709099998],[104.33686142800002,-4.656272086000001],[104.334771655,-4.659893790000012],[104.33198500700001,-4.660891762999995],[104.33214707100001,-4.664332638000019],[104.32922138999999,-4.665782684000021],[104.326505537,-4.668406414999993],[104.32546491599999,-4.672362481999983],[104.32295718799998,-4.6718421720000265],[104.32248805699999,-4.673113095000019],[104.321289062,-4.673583984000004],[104.31970214799998,-4.673950194999975],[104.3203125,-4.676940918000014],[104.31951904099998,-4.680175781000003],[104.315673828,-4.684387206999986],[104.31652831999997,-4.685180663999972],[104.31671142599998,-4.688476562999995],[104.31549072199999,-4.691284180000025],[104.31628418000003,-4.692077637000011],[104.315673828,-4.693481444999975],[104.319091797,-4.694213866999974],[104.32171630900001,-4.692687986999999],[104.324279784,-4.693725586000028],[104.326904297,-4.692382812999995],[104.33129882700001,-4.693298339000023],[104.33447265500001,-4.691894531999992],[104.33744683700002,-4.692846271000008],[104.339109124,-4.6893145490000165],[104.34132240999998,-4.688538433000019],[104.34238370499997,-4.6865909219999935],[104.34366519999998,-4.68692934500001],[104.34239272899998,-4.685184887999981],[104.344382656,-4.6858797830000185],[104.343358363,-4.684462918000008],[104.34398557399999,-4.68362453200001],[104.34522104299998,-4.683935881000025],[104.34555495299998,-4.680647313000009],[104.34762158900003,-4.679744851999999],[104.35004153900002,-4.677217960000007],[104.35199536599998,-4.676965272000018],[104.35189158399999,-4.6761124459999905],[104.35054691699997,-4.675769510999999],[104.35245562199998,-4.675385964999975],[104.352536843,-4.673437551000006],[104.35445953700003,-4.672959246999994],[104.35404440399998,-4.67158840899998],[104.355700749,-4.669157074999987],[104.355529784,-4.6682739259999835],[104.3586219,-4.665741233000006],[104.35819002900001,-4.661476048999987],[104.35967481199998,-4.661418942000012],[104.363374873,-4.64398193400001],[104.35968017599998,-4.643920897999976],[104.35589599600002,-4.642089843999997],[104.35430908199999,-4.638610840000013],[104.35407531499999,-4.635472718000017]]]},"properties":{"NAMOBJ":"Tanjung Tiga","WADMKC":"Rebang Tangkas","KDCPUM":"18.08.09"}},{"type":"Feature","geometry":{"type":"Polygon","coordinates":[[[104.41670929999998,-4.412955006999994],[104.40747106399999,-4.404880310999999],[104.40580703900002,-4.401873409000018],[104.40342577199999,-4.404466418000027],[104.39838341000001,-4.406510164999986],[104.390418549,-4.404403762000015],[104.38520368500002,-4.417445950999991],[104.37936991599997,-4.432294577999983],[104.37096774999998,-4.432058568999992],[104.36587808500002,-4.447852462000014],[104.36853144600002,-4.447840059999976],[104.36924595300002,-4.448917739000024],[104.37057115900001,-4.446944250000001],[104.37310993099999,-4.44809528899998],[104.376117755,-4.444471711000006],[104.37817532499997,-4.443590253000025],[104.379394117,-4.440503680000006],[104.38221988999999,-4.440649662999988],[104.38404655199997,-4.437814903000003],[104.384940938,-4.437672039999995],[104.38522885499998,-4.43555403900001],[104.38733967500002,-4.435124965999989],[104.38766057599997,-4.436381815999994],[104.38994975000003,-4.436563223999997],[104.390745428,-4.434646692000001],[104.39246341299997,-4.433427424999991],[104.39332342900002,-4.43156120499998],[104.39256907999999,-4.431227438999997],[104.397360848,-4.425294072999975],[104.39786886799999,-4.425052574999995],[104.39869499299999,-4.424659861999999],[104.41218624700002,-4.418246538999995],[104.41233780599998,-4.417028386000027],[104.41334255999999,-4.417556402000002],[104.41357532799998,-4.416774008000004],[104.41441688600003,-4.416966258999992],[104.41464246800001,-4.416657518000022],[104.41670929999998,-4.412955006999994]]]},"properties":{"NAMOBJ":"Suma Mukti","WADMKC":"Way Tuba","KDCPUM":"18.08.08"}},{"type":"Feature","geometry":{"type":"Polygon","coordinates":[[[104.41060248600002,-4.7219197370000074],[104.40575821700003,-4.720885673999987],[104.40274002799998,-4.729114956999979],[104.400999695,-4.7534550949999925],[104.40429181100001,-4.752053541999999],[104.40628405199999,-4.7550567860000115],[104.412817335,-4.757377351999992],[104.420045066,-4.753395259999991],[104.42088964800001,-4.752063255999985],[104.42797661999998,-4.742107652000016],[104.43041009900003,-4.736829402000012],[104.42533791099999,-4.738551004999977],[104.426898838,-4.735276866999982],[104.42293941499997,-4.726539485999979],[104.41926179699999,-4.727425815999993],[104.41389640699998,-4.726306468000018],[104.412140351,-4.724982791999992],[104.41060248600002,-4.7219197370000074]]]},"properties":{"NAMOBJ":"Talang Mangga","WADMKC":"Kasui","KDCPUM":"18.08.02"}},{"type":"Feature","geometry":{"type":"Polygon","coordinates":[[[104.731954169,-4.444841084000018],[104.72892413300002,-4.439352766000013],[104.72294497000001,-4.434438998000019],[104.71823360000002,-4.432072396000024],[104.71823670100002,-4.423886491000019],[104.71551909800002,-4.421338724999998],[104.71079894000002,-4.411981744999991],[104.709416767,-4.41137656799998],[104.70635974100003,-4.4144590490000155],[104.70136641200003,-4.420581131000006],[104.68761119999999,-4.42515914400002],[104.67891043899999,-4.425155849000021],[104.67994345,-4.4290466990000255],[104.679255856,-4.433729703999973],[104.67744836700001,-4.436610237000025],[104.677230985,-4.439593113000001],[104.67882218300002,-4.449493817000018],[104.67805517699998,-4.456029446000002],[104.68394426700002,-4.4689062159999935],[104.695251026,-4.456651690000001],[104.70785246899999,-4.4577342279999925],[104.70965496399998,-4.455685566999989],[104.70806436200002,-4.453499548000025],[104.70568490199997,-4.452904681999996],[104.70580387500002,-4.450644194000006],[104.70711257800002,-4.449097544999972],[104.71258533899999,-4.447193975000005],[104.71817707299999,-4.446718083999997],[104.72852772800002,-4.448264732999974],[104.731727901,-4.449735087000022],[104.731954169,-4.444841084000018]]]},"properties":{"NAMOBJ":"Tanjung Agung","WADMKC":"Pakuan Ratu","KDCPUM":"18.08.06"}},{"type":"Feature","geometry":{"type":"Polygon","coordinates":[[[104.64373792800001,-4.634377777999987],[104.644639788,-4.634252534999973],[104.64467964300002,-4.633086509000009],[104.64589733000003,-4.632781120000004],[104.646899604,-4.633579075],[104.64735546499998,-4.632118854999987],[104.64833956199999,-4.632300158000021],[104.647771987,-4.630772202999992],[104.65199047200002,-4.631024653999987],[104.65170049099999,-4.628748054000027],[104.65284936199998,-4.6274017590000085],[104.65357948899998,-4.627249112000015],[104.654491441,-4.628517605000013],[104.65530291200002,-4.627540184999987],[104.653901136,-4.625985582999988],[104.654721644,-4.625255762999984],[104.655197289,-4.625830903999997],[104.655841716,-4.624826190000022],[104.65767908200002,-4.625065520000021],[104.65816571300002,-4.626820617000021],[104.65974363999999,-4.626830649999988],[104.66106725700001,-4.6247781580000265],[104.66051522700002,-4.622876377000011],[104.664198065,-4.623098986999992],[104.66701894800002,-4.624267660999976],[104.66617472799999,-4.623137781000025],[104.66661571899999,-4.621430085999975],[104.66751815499998,-4.6220904479999945],[104.66771763100002,-4.621348063000028],[104.66874250199999,-4.621676662000027],[104.66965916700002,-4.620272065999984],[104.671107715,-4.620047688],[104.671642835,-4.618729143999985],[104.670490514,-4.617517092000014],[104.66927873600002,-4.6179666410000095],[104.669573673,-4.614773925000009],[104.673861881,-4.614628259000028],[104.67483736600002,-4.612918695000019],[104.673528583,-4.610063879999984],[104.67578729899998,-4.610347312999977],[104.67506032099999,-4.609528780000005],[104.676293042,-4.60908133800001],[104.67712721100003,-4.610988882000015],[104.67848357899999,-4.610589865000009],[104.67829441600003,-4.611727685999995],[104.68017078000003,-4.609367997999982],[104.682082288,-4.609713802999977],[104.68217929100001,-4.608405574000017],[104.68370702099998,-4.609165553000025],[104.68362800099999,-4.607733154000016],[104.68526528299998,-4.607256419000009],[104.68524461700002,-4.60658545199999],[104.68810372600001,-4.60656147200001],[104.68965047699999,-4.605398810999986],[104.691902045,-4.606108228999972],[104.69386978400001,-4.603518721],[104.69238867000001,-4.6004760449999935],[104.69412054700001,-4.601519773999996],[104.69535471400002,-4.597613392000028],[104.696760068,-4.598508792000018],[104.69978762099998,-4.597901671999978],[104.69952024700001,-4.595519226000022],[104.69755409200002,-4.594472560999975],[104.69810569600003,-4.593817657999978],[104.699264046,-4.594553365000024],[104.69891281500003,-4.592381760000023],[104.69666782299998,-4.592598805000023],[104.69524436199998,-4.5909126160000255],[104.69469333199999,-4.587799099999984],[104.69660600499998,-4.587687357999982],[104.69730141399998,-4.588512631000015],[104.69769355800003,-4.587924342999997],[104.69753652100002,-4.586552149999989],[104.69647453300001,-4.586303777000012],[104.697309018,-4.583943175000002],[104.695702149,-4.582848215000013],[104.69711372400002,-4.582391436000023],[104.69949533900001,-4.584737729999972],[104.699330126,-4.582536285999993],[104.70117945999999,-4.581038127999989],[104.70325803700001,-4.581416573000013],[104.701090416,-4.580062069999997],[104.70092328999999,-4.579046092999988],[104.70242373899998,-4.579958616999988],[104.70530377300003,-4.5787814610000055],[104.70698967700002,-4.576062261000004],[104.705503733,-4.57573157500002],[104.70833329999999,-4.571388888999991],[104.70131250700001,-4.568062927000028],[104.68601166100001,-4.577816094000013],[104.677174089,-4.584919345000003],[104.66559588400003,-4.590213086000006],[104.662240844,-4.593425357000001],[104.66366852200002,-4.5952099539999836],[104.66038486600002,-4.594995802000028],[104.66195531,-4.596851780999998],[104.66166977400002,-4.601134811999998],[104.66038486600002,-4.601920033999988],[104.66045624899999,-4.603133559000014],[104.656101836,-4.606702751],[104.65667290599998,-4.608915648999982],[104.659028573,-4.609843639000019],[104.65819690299998,-4.612061829000027],[104.655938214,-4.612875353999982],[104.65342494100003,-4.617893356000025],[104.64765474799998,-4.625329172000022],[104.645322878,-4.626138188000027],[104.64125399800002,-4.6293861529999845],[104.64373792800001,-4.634377777999987]]]},"properties":{"NAMOBJ":"Sumber Rejeki","WADMKC":"Negeri Agung","KDCPUM":"18.08.07"}},{"type":"Feature","geometry":{"type":"Polygon","coordinates":[[[104.399568585,-4.689215205999972],[104.39941623700003,-4.683235344000025],[104.39466965000003,-4.684070011000017],[104.38002415199998,-4.685922472000016],[104.37690741900002,-4.6853279840000255],[104.37142562700001,-4.6881467559999805],[104.368231891,-4.690491599999973],[104.36863384700001,-4.693825756000024],[104.36724064499998,-4.696605465999994],[104.36455141599998,-4.699022710999998],[104.36700736300003,-4.702531049000015],[104.36933635999998,-4.703312294999989],[104.37191863599998,-4.704017995000015],[104.374643719,-4.702408091999985],[104.37976413199999,-4.703512064999984],[104.38144283000003,-4.703544749000002],[104.38993052900003,-4.698573870000018],[104.390706513,-4.694592112000009],[104.39601760699998,-4.693119018999994],[104.397203881,-4.690348449999988],[104.399568585,-4.689215205999972]]]},"properties":{"NAMOBJ":"Tanjung Kurung","WADMKC":"Kasui","KDCPUM":"18.08.02"}},{"type":"Feature","geometry":{"type":"Polygon","coordinates":[[[104.437383297,-4.6465399460000185],[104.43449811200003,-4.643486655000004],[104.43098378899998,-4.644848216000014],[104.42878294399998,-4.6472567339999955],[104.42543429199998,-4.644334972000024],[104.42723258199999,-4.637783388000003],[104.42531127799998,-4.638133144999983],[104.424578054,-4.64022408400001],[104.42333874000002,-4.639495523999983],[104.42285171600003,-4.640723811999976],[104.42247924499998,-4.639703684999972],[104.42003372800002,-4.641978902999995],[104.41870497899998,-4.640900176999992],[104.41857319500002,-4.639449489000015],[104.41785099399999,-4.639303242999972],[104.41778913299999,-4.641217951999977],[104.41674317000002,-4.641719109000007],[104.416254848,-4.640862011000024],[104.41594793399997,-4.641695765999998],[104.41516154300001,-4.640422154000021],[104.41371805,-4.640245375000006],[104.41271017100001,-4.6423076089999995],[104.41166010400002,-4.642482314000006],[104.41148402599998,-4.643799021999996],[104.40604811399999,-4.64722231799999],[104.40570068400001,-4.6500854490000165],[104.40490722599998,-4.650207519999981],[104.40393066299998,-4.652587890999996],[104.40252685500002,-4.653076171999999],[104.402099609,-4.654724121000015],[104.40051269499997,-4.656188965000013],[104.40191650399998,-4.66070556599999],[104.39971923799999,-4.660278319999975],[104.398681641,-4.662475586000028],[104.39392089799998,-4.664489746000015],[104.394287109,-4.666748046999999],[104.39312744,-4.666748046999999],[104.39367675800003,-4.668212890999996],[104.39222717199999,-4.668212890999996],[104.39251708900002,-4.670684814000026],[104.39143943599998,-4.671632781000028],[104.39310433100002,-4.671995048999975],[104.39701837899997,-4.675970758999995],[104.396155099,-4.6788534949999985],[104.39692588399998,-4.679468583000016],[104.39664840199998,-4.682096958999978],[104.39466965000003,-4.684070011000017],[104.39941623700003,-4.683235344000025],[104.40124435199999,-4.680120917000011],[104.40510303000002,-4.678686280000022],[104.39852249400002,-4.675248656000008],[104.39826230400001,-4.674038672999984],[104.40299988499999,-4.672299735000024],[104.40524627799999,-4.668858487000023],[104.40615027899997,-4.67013902299999],[104.40707323999999,-4.668440995000026],[104.408894175,-4.669148988000018],[104.40822346700003,-4.668134983000016],[104.41050608299997,-4.666864162000024],[104.411670313,-4.668501853999999],[104.41215340100001,-4.667458017999991],[104.41299325300002,-4.667524591000017],[104.412855364,-4.665778223000018],[104.41785223199997,-4.664350548000016],[104.42455359399997,-4.664325326999972],[104.42625754599999,-4.662939928000014],[104.425836522,-4.662136085999975],[104.42666862200002,-4.661144164000007],[104.425319661,-4.6606420169999865],[104.42643874800001,-4.656988710999997],[104.42848080099998,-4.656867988999977],[104.43035660999999,-4.654747244000021],[104.432077596,-4.654358145999993],[104.43074485400001,-4.653575992000015],[104.43163196199998,-4.651851756999974],[104.43054993999999,-4.652468150999994],[104.430537862,-4.651579378000008],[104.434080209,-4.651023362999979],[104.434815549,-4.648687327000005],[104.43631904900002,-4.648591536000026],[104.437383297,-4.6465399460000185]]]},"properties":{"NAMOBJ":"Tanjung Raya","WADMKC":"Rebang Tangkas","KDCPUM":"18.08.09"}},{"type":"Feature","geometry":{"type":"Polygon","coordinates":[[[104.708639129,-4.501487402999999],[104.705822378,-4.508050110999989],[104.70363497900001,-4.510044151999978],[104.70045521200001,-4.508247406999999],[104.69449020000002,-4.512035287999993],[104.694688483,-4.513232329999994],[104.692899108,-4.5140295460000175],[104.69289826699998,-4.516024474999995],[104.693891764,-4.517022360999988],[104.68951743100001,-4.519613907000007],[104.688524363,-4.517618550999998],[104.68673557099999,-4.517019300000015],[104.68545979499999,-4.518101707000028],[104.68324590700001,-4.526151229999982],[104.67260941199999,-4.544942004999996],[104.67291233600002,-4.553251674000023],[104.67596193700001,-4.552512627999988],[104.68493028500001,-4.555174045000001],[104.68663544999998,-4.553943297999979],[104.69203728399998,-4.553773520999982],[104.69549975299998,-4.551590712999996],[104.69621350699998,-4.549955478000015],[104.696842748,-4.548837755000022],[104.69353752799998,-4.544851533999974],[104.703623934,-4.53717521599998],[104.71481399200002,-4.536299401000008],[104.71672928100003,-4.536779363999983],[104.71636988300003,-4.531640879000008],[104.721053977,-4.531064463000007],[104.72249812299998,-4.516338643999973],[104.72098881300002,-4.512453117999996],[104.708639129,-4.501487402999999]]]},"properties":{"NAMOBJ":"Tanjung Rejo","WADMKC":"Negeri Agung","KDCPUM":"18.08.07"}},{"type":"Feature","geometry":{"type":"Polygon","coordinates":[[[104.52141807200002,-4.819631683000011],[104.520371184,-4.819783630000018],[104.51776329400002,-4.816528527000003],[104.51521251399998,-4.814967600999978],[104.505847947,-4.816506451999999],[104.506752103,-4.817525051000018],[104.506675959,-4.819866440999988],[104.50479142699999,-4.8213131530000055],[104.50378253500003,-4.821084725999981],[104.502811715,-4.822569508000015],[104.50189800200002,-4.822360116000027],[104.50052743200001,-4.8247395770000026],[104.49974470900003,-4.824445330000003],[104.501086875,-4.830747492],[104.499148376,-4.833969842999977],[104.49893779500002,-4.83777698199998],[104.49813610199999,-4.838760268999977],[104.49887230600001,-4.839092099000027],[104.49754463099998,-4.8449718969999935],[104.49694955000001,-4.847607707000009],[104.50537008100002,-4.846456154000009],[104.50578274700001,-4.8456790559999945],[104.50709271699998,-4.845630863999986],[104.508593308,-4.843605147000005],[104.50732939699998,-4.841086695999991],[104.50961367999997,-4.836708487999999],[104.51125550900002,-4.836042238999994],[104.51233051600002,-4.8367837160000136],[104.51138280999999,-4.8337644999999725],[104.512798589,-4.832015597000009],[104.51389314099998,-4.827220981999972],[104.51601086199997,-4.827958615],[104.51831893999997,-4.822176523999985],[104.51963954000001,-4.8215816599999926],[104.52130516099999,-4.822961747000022],[104.522108376,-4.820858206000025],[104.52141807200002,-4.819631683000011]]]},"properties":{"NAMOBJ":"Sumber Baru","WADMKC":"Banjit","KDCPUM":"18.08.03"}},{"type":"Feature","geometry":{"type":"Polygon","coordinates":[[[104.54229539800002,-4.719569877000026],[104.53881701799997,-4.719482389999996],[104.53415342699998,-4.720851933999995],[104.533660833,-4.728079266000009],[104.54250024700002,-4.727277504000028],[104.54229539800002,-4.719569877000026]]]},"properties":{"NAMOBJ":"Taman Asri","WADMKC":"Baradatu","KDCPUM":"18.08.04"}},{"type":"Feature","geometry":{"type":"Polygon","coordinates":[[[104.40274002799998,-4.729114956999979],[104.40609773699998,-4.7104745490000255],[104.40286037099997,-4.710348076999992],[104.401171326,-4.713701970999978],[104.39662432199998,-4.714275808000025],[104.385827528,-4.7217347409999775],[104.38597228100002,-4.742884505000006],[104.39504421700002,-4.749067680999985],[104.39837947299998,-4.754570602999991],[104.400999695,-4.7534550949999925],[104.40274002799998,-4.729114956999979]]]},"properties":{"NAMOBJ":"Tanjung Harapan","WADMKC":"Kasui","KDCPUM":"18.08.02"}},{"type":"Feature","geometry":{"type":"Polygon","coordinates":[[[104.39662432199998,-4.714275808000025],[104.39571271,-4.7058859510000275],[104.399568585,-4.689215205999972],[104.397203881,-4.690348449999988],[104.39601760699998,-4.693119018999994],[104.390706513,-4.694592112000009],[104.38993052900003,-4.698573870000018],[104.38144283000003,-4.703544749000002],[104.37976413199999,-4.703512064999984],[104.379502908,-4.708413371000006],[104.37736427300001,-4.7102448919999915],[104.37604346299997,-4.71373063499999],[104.37414638299998,-4.713516797000011],[104.374193343,-4.715893864000009],[104.37326193299998,-4.716679054999986],[104.37380690100002,-4.717374654000025],[104.37205304999998,-4.717420424000011],[104.37318064499999,-4.718902581999998],[104.37284215800003,-4.719532992999973],[104.37198364900001,-4.719026508000013],[104.372235865,-4.72196059700002],[104.37103404499999,-4.724588465000011],[104.37174139000001,-4.731466106000028],[104.385827528,-4.7217347409999775],[104.39662432199998,-4.714275808000025]]]},"properties":{"NAMOBJ":"Tanjung Kurung Lama","WADMKC":"Kasui","KDCPUM":"18.08.02"}},{"type":"Feature","geometry":{"type":"Polygon","coordinates":[[[104.44755347900002,-4.651440426000022],[104.44067965800002,-4.648512910000022],[104.44472685099998,-4.659046387999979],[104.443377812,-4.667994986999986],[104.45142636700001,-4.667628190000016],[104.448559945,-4.661945646999982],[104.44823885199997,-4.658594180000023],[104.45052109800002,-4.657898799999998],[104.45083635999998,-4.655949054000018],[104.45218539000001,-4.655913295999994],[104.451611979,-4.656787905999977],[104.45211382999997,-4.657394608999994],[104.45475324199998,-4.655353325000021],[104.454942539,-4.656396954999991],[104.45634880799997,-4.656872077999992],[104.457523208,-4.655170993000013],[104.45896640500001,-4.655115357999989],[104.45977121099997,-4.656223995999994],[104.460397564,-4.655432291000011],[104.45871555000002,-4.652314370999989],[104.45878097399998,-4.6508098560000235],[104.44755347900002,-4.651440426000022]]]},"properties":{"NAMOBJ":"Tangkas","WADMKC":"Umpu Semenguk","KDCPUM":"18.08.02"}},{"type":"Feature","geometry":{"type":"Polygon","coordinates":[[[104.582162557,-4.683315460000017],[104.58201297900001,-4.679490570999974],[104.57625468399999,-4.674255757000026],[104.572177081,-4.674356133000003],[104.57184946900003,-4.67164789200001],[104.57058271199998,-4.670599540000012],[104.57091032300002,-4.667978661999996],[104.57429562499999,-4.663173716000017],[104.57163333300002,-4.665751458999978],[104.56466627100002,-4.665351708999992],[104.56118273999999,-4.666836493000005],[104.556884766,-4.666687012000011],[104.55487060399997,-4.671508788999972],[104.55689540899999,-4.674475051999991],[104.556884766,-4.677124022999976],[104.55828857300003,-4.680908203000001],[104.556884766,-4.684082030000013],[104.55792236299999,-4.683593750999989],[104.55889892599998,-4.684692383000026],[104.55624483100001,-4.6875355060000174],[104.55996763500002,-4.687478649000013],[104.56141279600001,-4.690695849999997],[104.563524567,-4.6915881470000045],[104.56759939400001,-4.691439430999992],[104.571458861,-4.689270335999993],[104.57323477900002,-4.688963937999972],[104.57721947900001,-4.689262217000021],[104.57711873300002,-4.687996563000013],[104.57900719899999,-4.687635794000016],[104.58111897100002,-4.685791712000025],[104.582162557,-4.683315460000017]]]},"properties":{"NAMOBJ":"Sukosari","WADMKC":"Baradatu","KDCPUM":"18.08.04"}},{"type":"Feature","geometry":{"type":"Polygon","coordinates":[[[104.731727901,-4.449735087000022],[104.72852772800002,-4.448264732999974],[104.71817707299999,-4.446718083999997],[104.71258533899999,-4.447193975000005],[104.70711257800002,-4.449097544999972],[104.70580387500002,-4.450644194000006],[104.70568490199997,-4.452904681999996],[104.70806436200002,-4.453499548000025],[104.70965496399998,-4.455685566999989],[104.70785246899999,-4.4577342279999925],[104.705446956,-4.488477623999984],[104.70636395899999,-4.4921321489999855],[104.70908546700002,-4.495644621999986],[104.713299178,-4.501041179000026],[104.75003805699998,-4.506097533000002],[104.74995475499998,-4.50281669200001],[104.748443797,-4.499556831000007],[104.748301029,-4.497224958999993],[104.75031167499998,-4.490169857000012],[104.75008681399999,-4.47742546500001],[104.75090774900002,-4.468638075000001],[104.75050799899998,-4.463898187999973],[104.75160731,-4.459857864000014],[104.74535646599998,-4.4603167029999895],[104.741251895,-4.459394660999976],[104.73542816499997,-4.452690530999973],[104.731727901,-4.449735087000022]]]},"properties":{"NAMOBJ":"Tanjung Serupa","WADMKC":"Pakuan Ratu","KDCPUM":"18.08.06"}},{"type":"Feature","geometry":{"type":"Polygon","coordinates":[[[104.67275958300002,-4.484763943000019],[104.659318375,-4.476265841999975],[104.64829099600001,-4.471417622999979],[104.64605060399998,-4.471416542999975],[104.644843406,-4.473145597999974],[104.64174090199998,-4.474008904000016],[104.63428302400001,-4.473039331999985],[104.626173,-4.471503322999979],[104.62197823499997,-4.482016604000023],[104.62207678499999,-4.491636357000004],[104.62920420900002,-4.497536258000025],[104.63876035999999,-4.498116515999982],[104.66184226600001,-4.495981637],[104.67077034800002,-4.495358880000026],[104.67090913099997,-4.493787344999987],[104.66966258500003,-4.492760052999984],[104.67275958300002,-4.484763943000019]]]},"properties":{"NAMOBJ":"Sunsang","WADMKC":"Negeri Agung","KDCPUM":"18.08.07"}},{"type":"Feature","geometry":{"type":"Polygon","coordinates":[[[105.03001933799999,-4.425711498999988],[105.02534148000001,-4.426473681999994],[105.021995677,-4.421076980000009],[105.02002501599998,-4.421077034999996],[105.017914792,-4.423734345000014],[105.015782511,-4.42743337600001],[105.013909641,-4.434236892000001],[105.01090433399997,-4.438000429999988],[105.00859030700002,-4.443978825999977],[105.00866169099999,-4.446096545999978],[105.01011639900003,-4.450527275000013],[105.01042249300002,-4.456280639999989],[105.01130289299999,-4.459802240999977],[105.01310890399998,-4.463250080000023],[105.01505562,-4.4649571890000175],[105.01463379400002,-4.465310214999988],[105.01905306700002,-4.465052773000025],[105.03724999999997,-4.458361110999988],[105.03967870600002,-4.456254946999991],[105.03698870300002,-4.449442832999978],[105.033492201,-4.44823068300002],[105.033301844,-4.445803634000015],[105.034901305,-4.444462649999991],[105.03215290700001,-4.441584476999992],[105.03119672000003,-4.435108351999986],[105.030121286,-4.434268893000024],[105.03001933799999,-4.425711498999988]]]},"properties":{"NAMOBJ":"Tegal Mukti","WADMKC":"Negeri Besar","KDCPUM":"18.08.12"}},{"type":"Feature","geometry":{"type":"Polygon","coordinates":[[[104.45617218299998,-4.404891444999976],[104.45226756400001,-4.404474431999972],[104.44568232,-4.396544086999995],[104.42822660600001,-4.38315135900001],[104.42741035400002,-4.386608894000005],[104.424281861,-4.388847225000006],[104.42247417700003,-4.391828373999999],[104.4234659,-4.394086209000022],[104.42299038499999,-4.395153370000003],[104.423576921,-4.394960930000025],[104.42211120500002,-4.399655450000012],[104.42266929599998,-4.400146366999991],[104.420610452,-4.401241079999977],[104.42093385300001,-4.403875718999984],[104.41942529800002,-4.4053594850000195],[104.419752351,-4.406917209000028],[104.41831701400002,-4.408415575999982],[104.41740891699999,-4.412219771000025],[104.41644115600002,-4.411873703000026],[104.41670929999998,-4.412955006999994],[104.41464246800001,-4.416657518000022],[104.41441688600003,-4.416966258999992],[104.41357532799998,-4.416774008000004],[104.41334255999999,-4.417556402000002],[104.41233780599998,-4.417028386000027],[104.41218624700002,-4.418246538999995],[104.41127611600001,-4.419168367999987],[104.41180564400003,-4.420466309000005],[104.41050276300001,-4.42084612299999],[104.410731172,-4.423335280000003],[104.41291888199999,-4.423310621999974],[104.41264762200001,-4.425195158000008],[104.41595269300001,-4.423850759999993],[104.41644302399999,-4.426346566999996],[104.41821483400003,-4.4247739090000096],[104.41810606500002,-4.426640759999998],[104.418785506,-4.426892613999996],[104.41925133299998,-4.4258518030000005],[104.42043038600002,-4.427611956000021],[104.42053889699997,-4.426068229000009],[104.42164708199999,-4.426966661999984],[104.42279223499997,-4.426321309000002],[104.424452127,-4.426727309],[104.42670115700002,-4.429486379000025],[104.43101453999998,-4.428623000000016],[104.429676642,-4.431838848999973],[104.43184980500001,-4.434061702999998],[104.43080554400001,-4.436845894999976],[104.43216483600003,-4.438154123000004],[104.435523079,-4.435689761999981],[104.43831439799999,-4.437514093999994],[104.43948862399998,-4.436272753000026],[104.44119033999999,-4.4375809030000255],[104.44222152700002,-4.436274823000019],[104.444767641,-4.438278680999986],[104.44595617599998,-4.437025371000004],[104.44753986799998,-4.438260849000017],[104.45051037000002,-4.435991209000008],[104.45354869599998,-4.435869629000024],[104.45603355499998,-4.436051732999999],[104.45920929599998,-4.437667115000011],[104.45933455199997,-4.433244311999999],[104.46176480000003,-4.433146659999977],[104.46333808000003,-4.434038196000017],[104.46511407700001,-4.431598088999976],[104.47056988600002,-4.432230559000004],[104.475887134,-4.431120598000007],[104.475619231,-4.430581862999986],[104.48104589299999,-4.428637800999979],[104.48383982399997,-4.430699431999983],[104.48684307399998,-4.429434147999984],[104.49579347600002,-4.428712432999987],[104.49572373799998,-4.4278095430000235],[104.49663207100002,-4.427753817999985],[104.49676323,-4.428650956000013],[104.49766631300002,-4.4285609859999795],[104.49789304400002,-4.430359524999972],[104.50041446900002,-4.430131986999982],[104.50193427300002,-4.435102001000018],[104.50443567399998,-4.44523972799999],[104.503208889,-4.451262498999995],[104.505250278,-4.450612222000018],[104.505147572,-4.4492211279999765],[104.50778610999998,-4.443970277999995],[104.51704379400002,-4.442046633000018],[104.51671944499998,-4.446676110999988],[104.529164095,-4.446979057000021],[104.53060588599999,-4.420069384999977],[104.53009668200002,-4.417277087999992],[104.55032210000002,-4.405677215000026],[104.54220463000001,-4.400690727999972],[104.53509558399998,-4.3989163159999976],[104.526486536,-4.399664857000005],[104.52371334499998,-4.40111226099998],[104.52155161399997,-4.403049647999978],[104.52064824500002,-4.407753335999985],[104.51773033400002,-4.406315318999987],[104.51553571199997,-4.407443645000001],[104.51477295299998,-4.406926141999975],[104.51402817899998,-4.408093704000009],[104.51070298500002,-4.408481037999991],[104.50988256900001,-4.407075420000012],[104.510995633,-4.405102138000018],[104.51043418699999,-4.402854267999999],[104.50659497599997,-4.40232447599999],[104.50239910300002,-4.404367116000003],[104.49818981499999,-4.402739591999989],[104.49779280199999,-4.399604790000012],[104.495187069,-4.399890124000024],[104.49392151299998,-4.404171743000006],[104.49257259000001,-4.405643032],[104.49032891299998,-4.407961693000004],[104.48980637400001,-4.409851564999997],[104.48818847299998,-4.410293953000007],[104.48782929700002,-4.412447887999974],[104.48631264300002,-4.412446838999983],[104.48348090299999,-4.410635361999994],[104.48169669700002,-4.407096673000012],[104.48108825100002,-4.408151401999987],[104.47896682099997,-4.408508535999999],[104.47679251800002,-4.41014967000001],[104.478153399,-4.41523196899999],[104.474988376,-4.415147277000017],[104.46668809200003,-4.409045038999977],[104.45617218299998,-4.404891444999976]]]},"properties":{"NAMOBJ":"Tanjung Raja Giham","WADMKC":"Blambangan Umpu","KDCPUM":"18.08.01"}},{"type":"Feature","geometry":{"type":"Polygon","coordinates":[[[104.43080554400001,-4.436845894999976],[104.43184980500001,-4.434061702999998],[104.429676642,-4.431838848999973],[104.43101453999998,-4.428623000000016],[104.42670115700002,-4.429486379000025],[104.424452127,-4.426727309],[104.42502158799999,-4.430442479000021],[104.42317145599998,-4.429924039000014],[104.42250342099999,-4.431357628000001],[104.41912248599999,-4.430612990999975],[104.41763863699998,-4.4315845840000065],[104.417548275,-4.432781266000006],[104.41969369700001,-4.4338301139999885],[104.418619433,-4.438339832999986],[104.41605690300003,-4.440032410000015],[104.41531173499999,-4.441467923000005],[104.41539595699999,-4.443535978],[104.41758363100001,-4.445476450000001],[104.41702458399999,-4.446768501000008],[104.41441924100002,-4.448274341000001],[104.415547334,-4.451170181000009],[104.413591956,-4.451001080000026],[104.41293716000001,-4.449720033999995],[104.411755648,-4.451047484000014],[104.409704997,-4.450734685999976],[104.40876354800002,-4.453551380000022],[104.40466558899999,-4.454173733999994],[104.40554541699998,-4.457333865999999],[104.40182120200001,-4.459859574000006],[104.402012797,-4.461805645000027],[104.39944447699997,-4.461674297000002],[104.396352638,-4.463071954999975],[104.39652188000002,-4.466087899999991],[104.39452590100001,-4.465957004000018],[104.39396001799997,-4.466789473000006],[104.39455210400001,-4.46890102399999],[104.39612496799998,-4.470266615000014],[104.39600237100001,-4.471451292999973],[104.39389915599997,-4.473162817999992],[104.39329667999999,-4.478941648999978],[104.39137896099999,-4.47930386500002],[104.39132552900003,-4.480471845000011],[104.38915129100002,-4.483016705000011],[104.38969812099998,-4.485769437999977],[104.38909454399999,-4.488885257999982],[104.38575708500002,-4.492946598999993],[104.38441246299999,-4.4966637489999925],[104.384785787,-4.49940460800002],[104.38325318900002,-4.49975036699999],[104.38329906899997,-4.501910527999996],[104.38049579300002,-4.504496700000004],[104.38073274800001,-4.506315952000023],[104.37935754900002,-4.508057235000024],[104.38048216800001,-4.509321956000008],[104.37774391200003,-4.510936732000005],[104.37810657400001,-4.5135650889999965],[104.37728948699998,-4.515421268000011],[104.37855646399998,-4.518497583999988],[104.37710612400002,-4.518821851999974],[104.378086129,-4.521876780000014],[104.37579490000002,-4.523799167999982],[104.37777927299999,-4.5293106749999765],[104.376710016,-4.534390816999974],[104.37301494100001,-4.534620265000001],[104.37387169200002,-4.536775141000021],[104.37232458199998,-4.538640711000028],[104.371176832,-4.542028878999986],[104.36789878299999,-4.543174881000027],[104.367210924,-4.54428006400002],[104.36788156900002,-4.54650658700001],[104.36640201699998,-4.552895868999997],[104.364360912,-4.552300487000025],[104.363595568,-4.554712431999974],[104.36187901800002,-4.553906702999996],[104.36118998400002,-4.556318712999996],[104.35829845900003,-4.558228720999978],[104.359670204,-4.560565973999985],[104.361405923,-4.561285562000023],[104.35985952800002,-4.562241573999984],[104.35945676900002,-4.564567669999974],[104.35771057699998,-4.564891621000015],[104.35904463499998,-4.566702279000026],[104.35693549000001,-4.567485449000003],[104.35525674000002,-4.56706269],[104.35485462000003,-4.568651593000027],[104.35554046700003,-4.56984894499999],[104.35274439300002,-4.572364354000001],[104.35910973699998,-4.575713947999986],[104.36032364200003,-4.575538165000012],[104.36191005400002,-4.573828144000004],[104.366326517,-4.572297741999989],[104.36792811200002,-4.572567511999978],[104.37046473200002,-4.5706765049999944],[104.371145501,-4.571673179000015],[104.37185787099997,-4.56986047700002],[104.37371771199997,-4.569002362999981],[104.37569682899999,-4.568753834000006],[104.376991928,-4.57002098800001],[104.37778944600001,-4.569772629999989],[104.37805914799998,-4.567062175999979],[104.38422425599998,-4.567578074999972],[104.387388214,-4.565254459000016],[104.39080357300003,-4.565026073000013],[104.39157373400002,-4.5633393150000074],[104.39317107099998,-4.562332391999973],[104.39184582799999,-4.5616939189999925],[104.39258075200001,-4.559247878999997],[104.39994747600002,-4.558374178000008],[104.40167470799997,-4.5574574249999955],[104.386412441,-4.5339103079999745],[104.38654676700003,-4.532469843000001],[104.38826372800003,-4.530923072999997],[104.39023479000002,-4.526913498999988],[104.39321426100003,-4.5262697690000095],[104.39421671899999,-4.523513449000006],[104.396338926,-4.522732206000001],[104.400158825,-4.519008757999984],[104.40263615200001,-4.518511577000027],[104.40313442500002,-4.515510871000004],[104.40624413900002,-4.5107301840000105],[104.40773875600001,-4.509978365999984],[104.40968671899998,-4.510490432999973],[104.41033390799998,-4.507726843],[104.40854807400001,-4.506617585000015],[104.41135652499997,-4.503658212000005],[104.411032751,-4.502339201999973],[104.41255400300003,-4.500356871000008],[104.41189996999998,-4.498760147999974],[104.41263771899997,-4.496304407000025],[104.41465048600003,-4.4931036959999915],[104.41820356900001,-4.491391942000007],[104.41765067199998,-4.490083850000019],[104.41904604799998,-4.487235192000014],[104.42017205500002,-4.487710800000002],[104.42004439300001,-4.486592893000022],[104.421036475,-4.486507886000027],[104.42060158200002,-4.484686403000012],[104.421412358,-4.484123099999977],[104.42097354100002,-4.483451154000022],[104.42164405699998,-4.48321592100001],[104.42177238,-4.481512297999984],[104.423178651,-4.481404961999999],[104.42305223900001,-4.479534791999981],[104.425549338,-4.479450294000003],[104.42731850199999,-4.477698905000011],[104.42947635899998,-4.477856984000027],[104.42952712599998,-4.476819311999975],[104.43296532300002,-4.476110683000002],[104.43242474499999,-4.474138429999982],[104.43125742299998,-4.473622089999992],[104.43218257199999,-4.470751525000026],[104.4346109,-4.470240234000016],[104.43456428399998,-4.4694959930000095],[104.43358417399998,-4.469678605000013],[104.43358642300001,-4.468619095999998],[104.42759487500001,-4.4617397019999885],[104.42891309999999,-4.457260630999997],[104.426034603,-4.452710721000017],[104.42580048500002,-4.450161450999985],[104.423990978,-4.446404621999989],[104.42474524400001,-4.445524399000021],[104.42654694200002,-4.447048078000023],[104.42770141800003,-4.446723457000019],[104.42925391199998,-4.443603526999993],[104.42804588899997,-4.4422454689999995],[104.430579239,-4.441270878000012],[104.42985933400001,-4.437787763000017],[104.43080554400001,-4.436845894999976]]]},"properties":{"NAMOBJ":"Tanjung Raja Sakti","WADMKC":"Blambangan Umpu","KDCPUM":"18.08.01"}},{"type":"Feature","geometry":{"type":"Polygon","coordinates":[[[104.52939022100003,-4.3556066840000085],[104.52547501499998,-4.353813412000022],[104.52160839200002,-4.34792424699998],[104.517385483,-4.345686047000015],[104.51339543699999,-4.341946602000007],[104.50006169800002,-4.344463887000018],[104.49784802599999,-4.3462348250000105],[104.49863312000002,-4.348769894999975],[104.49590881900002,-4.353907481000022],[104.49742114899999,-4.355224915999997],[104.49792393899997,-4.35765557000002],[104.49744750600001,-4.363348492],[104.50785612099997,-4.371946940999976],[104.51753348099999,-4.3815685280000025],[104.51899366399999,-4.380251132000012],[104.52183131999999,-4.383557256000017],[104.53519041599998,-4.38531962899998],[104.524890024,-4.358246382000004],[104.52939022100003,-4.3556066840000085]]]},"properties":{"NAMOBJ":"Wonoharjo","WADMKC":"Bumi Agung","KDCPUM":"18.08.14"}},{"type":"Feature","geometry":{"type":"Polygon","coordinates":[[[104.72947968400001,-4.352623257999994],[104.72746546500002,-4.353454999999997],[104.725093206,-4.35196550400002],[104.72449946500001,-4.353453915999978],[104.72568521800002,-4.355240707000007],[104.71575785099998,-4.354916385000024],[104.71815691500001,-4.360038717000009],[104.72182787499997,-4.359407449999992],[104.72205541800002,-4.368475465000017],[104.70614892200001,-4.367866869000011],[104.705509786,-4.37181701999998],[104.70554384100001,-4.380218289000027],[104.71484711800002,-4.382330721000017],[104.718897777,-4.384742420000009],[104.71784538899999,-4.390465886000015],[104.72080353400003,-4.401774376999981],[104.73761001899999,-4.4052148690000195],[104.73749775200002,-4.401382318000003],[104.73570052100001,-4.398455840999986],[104.73705230299998,-4.395594345000006],[104.73675428000001,-4.389569027999983],[104.74893828400002,-4.387907808000023],[104.747919513,-4.368871258000013],[104.74066352599999,-4.367879621999975],[104.73993366299999,-4.355630350000013],[104.73914192000001,-4.353795713000011],[104.737417806,-4.353109739999979],[104.72947968400001,-4.352623257999994]]]},"properties":{"NAMOBJ":"Way Tawar","WADMKC":"Pakuan Ratu","KDCPUM":"18.08.06"}},{"type":"Feature","geometry":{"type":"Polygon","coordinates":[[[104.55555618900001,-4.729817529000002],[104.542688548,-4.730916076000028],[104.54188185200002,-4.737670960999992],[104.54189084500001,-4.741769664000003],[104.541310479,-4.742824540000015],[104.53878252599998,-4.74304996699999],[104.5374114,-4.744323155000018],[104.53679921399998,-4.7475212690000035],[104.54634149200001,-4.750651090000019],[104.54875713500002,-4.756097937999982],[104.56172826699998,-4.754839069000013],[104.55931621100001,-4.750445268000021],[104.560072988,-4.74767853100002],[104.55857836199999,-4.7462738869999725],[104.55981612300002,-4.746661528999994],[104.561907571,-4.744309086999976],[104.56135692100003,-4.736630354999988],[104.55407714699999,-4.7346801759999835],[104.55555618900001,-4.729817529000002]]]},"properties":{"NAMOBJ":"Tiuh Balak","WADMKC":"Baradatu","KDCPUM":"18.08.04"}},{"type":"Feature","geometry":{"type":"Polygon","coordinates":[[[104.54221856200002,-4.706541999000024],[104.53464886199998,-4.705963218000022],[104.52580932900003,-4.7080609999999865],[104.52658081999999,-4.717695483999989],[104.53393293699997,-4.716730816999984],[104.53415342699998,-4.720851933999995],[104.53881701799997,-4.719482389999996],[104.54229539800002,-4.719569877000026],[104.54174656999999,-4.717958049999993],[104.54180265000002,-4.712425269999983],[104.539574571,-4.7120090359999836],[104.54074982100002,-4.711592801999984],[104.54057843099997,-4.709144363000007],[104.54221856200002,-4.706541999000024]]]},"properties":{"NAMOBJ":"Tiuh Balak I","WADMKC":"Baradatu","KDCPUM":"18.08.04"}},{"type":"Feature","geometry":{"type":"Polygon","coordinates":[[[104.57323477900002,-4.688963937999972],[104.571458861,-4.689270335999993],[104.57145036999998,-4.69039348199999],[104.569690191,-4.691678930000023],[104.57111891400001,-4.696018110000011],[104.56941782799998,-4.698171252999998],[104.56994999800003,-4.69999507],[104.57478529399998,-4.700578197000027],[104.57463339600002,-4.7037437029999865],[104.57233284799997,-4.709713482999973],[104.574575154,-4.710703593000005],[104.57329383500002,-4.714227220999987],[104.573672407,-4.715304692000018],[104.57713779199997,-4.7176926039999785],[104.573643285,-4.720808538000028],[104.576759219,-4.724856339999974],[104.57413833999999,-4.726632714000004],[104.573031748,-4.730214581999974],[104.570672957,-4.731816229999993],[104.56895482499999,-4.735805789999972],[104.56596608400002,-4.737082063999992],[104.56135692100003,-4.736630354999988],[104.561907571,-4.744309086999976],[104.56975776000002,-4.745800413999973],[104.57367107900001,-4.743185578999999],[104.58760146600002,-4.740522200999976],[104.58821288600001,-4.7291143090000105],[104.59500802100001,-4.722021014000006],[104.59506491899998,-4.720415419000005],[104.59387953100003,-4.719741092999982],[104.59311226800003,-4.7137420600000155],[104.59404636699998,-4.705537527999979],[104.59643948500002,-4.703634878000003],[104.594051708,-4.702871764000008],[104.59264954700001,-4.697230428000012],[104.58484475799997,-4.693452107999974],[104.58237779799998,-4.693930883000007],[104.57844746500001,-4.691767345000017],[104.576042933,-4.6918632079999725],[104.57391327800002,-4.6904198029999975],[104.57323477900002,-4.688963937999972]]]},"properties":{"NAMOBJ":"Tiuh Balak II","WADMKC":"Baradatu","KDCPUM":"18.08.10"}},{"type":"Feature","geometry":{"type":"Polygon","coordinates":[[[104.54639872400003,-4.7185998200000085],[104.54174656999999,-4.717958049999993],[104.54229539800002,-4.719569877000026],[104.54250024700002,-4.727277504000028],[104.542688548,-4.730916076000028],[104.55555618900001,-4.729817529000002],[104.555672034,-4.724953794999976],[104.55410942999998,-4.724848269999995],[104.55228989599999,-4.724725394000018],[104.55210814399999,-4.723626951000028],[104.55076186399998,-4.723847319000015],[104.54978628499998,-4.725156024],[104.549167625,-4.724394594999978],[104.54685954799999,-4.724584952999976],[104.54639872400003,-4.7185998200000085]]]},"properties":{"NAMOBJ":"Tiuh Balak Pasar","WADMKC":"Baradatu","KDCPUM":"18.08.04"}},{"type":"Feature","geometry":{"type":"Polygon","coordinates":[[[104.48910765900001,-4.520434016000024],[104.49616934199997,-4.518681684000001],[104.49824423199999,-4.520835095999985],[104.50257175500002,-4.521557906999988],[104.503621097,-4.521241438000004],[104.503515924,-4.51982708700001],[104.50481276900001,-4.518776677000005],[104.50871242,-4.51715502899998],[104.50525858499998,-4.508310666999989],[104.50861844100001,-4.505898006999985],[104.50715078899998,-4.504139109999983],[104.507416337,-4.501258056999973],[104.50906659200001,-4.498816458000022],[104.506516745,-4.49767269900002],[104.512088215,-4.4870133239999745],[104.51109481600002,-4.485067776999983],[104.511311342,-4.481499315000008],[104.50993839400002,-4.4805713260000175],[104.51000194400001,-4.478611111000021],[104.50617511799999,-4.481176146999985],[104.50288337699999,-4.48202960399999],[104.48657894899998,-4.481263556999977],[104.48522440599999,-4.482775283000024],[104.48344141000001,-4.4832376460000205],[104.484413845,-4.484226533000026],[104.483471205,-4.485647447000019],[104.486591051,-4.487177065000026],[104.48600175500002,-4.489687720000006],[104.48038635099999,-4.491353613999991],[104.47939194899999,-4.492878299999973],[104.47984384300003,-4.493689646000007],[104.478604249,-4.494900841999993],[104.47972904699998,-4.498736694999991],[104.48071008699998,-4.499253200999988],[104.479846866,-4.500884821999989],[104.48110992099998,-4.5014471540000045],[104.48078091899998,-4.503629218000015],[104.48225507799998,-4.503951240999982],[104.48120293800002,-4.50598463],[104.48233635899999,-4.505872463999992],[104.482923099,-4.507171131999996],[104.48207511700002,-4.508353886999998],[104.48269747900002,-4.507845945999975],[104.482631056,-4.50869129199998],[104.483436171,-4.508820354000022],[104.483540291,-4.5077352079999855],[104.488485518,-4.510167180999986],[104.48795958199997,-4.514178193000021],[104.48863924199998,-4.519201743999986],[104.48745617399999,-4.5204148720000035],[104.48910765900001,-4.520434016000024]]]},"properties":{"NAMOBJ":"Umpu Bhakti","WADMKC":"Blambangan Umpu","KDCPUM":"18.08.01"}},{"type":"Feature","geometry":{"type":"Polygon","coordinates":[[[104.48522440599999,-4.482775283000024],[104.48215350100003,-4.481966043999989],[104.47892338399998,-4.482727473000011],[104.47457396599998,-4.485719645000017],[104.471692518,-4.486687507999989],[104.46931830400001,-4.492449485999998],[104.46817218799998,-4.4918983150000145],[104.467670527,-4.4893044329999725],[104.46771811600001,-4.488481138999987],[104.46863944400002,-4.488579647999984],[104.46870497700002,-4.485089674999983],[104.46556280099998,-4.485253162999982],[104.46238384100002,-4.483723170000019],[104.46024946300003,-4.48637150899998],[104.45953562599999,-4.4888842199999885],[104.45685159300001,-4.488991295999995],[104.45705146900002,-4.492146460000015],[104.45640901399997,-4.493188664999991],[104.45241152099999,-4.4925033800000165],[104.45358269000002,-4.494466912000007],[104.452059835,-4.496065910000027],[104.454229903,-4.498045621000017],[104.45451544000002,-4.499340048000022],[104.45333522499999,-4.501243616000011],[104.45086058700002,-4.501395903000002],[104.452135978,-4.502766472000019],[104.45225019200001,-4.50482232600001],[104.44974699900001,-4.508895962999986],[104.45046083699998,-4.509586006000006],[104.45272132600002,-4.5089911420000135],[104.454936605,-4.51068769699998],[104.45722088600002,-4.517754696999987],[104.455471982,-4.527427204999981],[104.45803365199998,-4.527700690000017],[104.459398094,-4.52478600500001],[104.460683002,-4.524464776000002],[104.472043859,-4.532882754000013],[104.47766061599998,-4.526935707999996],[104.47904546000001,-4.526485990000026],[104.47922392100003,-4.525301018999983],[104.48745617399999,-4.5204148720000035],[104.48863924199998,-4.519201743999986],[104.48795958199997,-4.514178193000021],[104.488485518,-4.510167180999986],[104.483540291,-4.5077352079999855],[104.483436171,-4.508820354000022],[104.482631056,-4.50869129199998],[104.48269747900002,-4.507845945999975],[104.48207511700002,-4.508353886999998],[104.482923099,-4.507171131999996],[104.48233635899999,-4.505872463999992],[104.48120293800002,-4.50598463],[104.48225507799998,-4.503951240999982],[104.48078091899998,-4.503629218000015],[104.48110992099998,-4.5014471540000045],[104.479846866,-4.500884821999989],[104.48071008699998,-4.499253200999988],[104.47972904699998,-4.498736694999991],[104.478604249,-4.494900841999993],[104.47984384300003,-4.493689646000007],[104.47939194899999,-4.492878299999973],[104.48038635099999,-4.491353613999991],[104.48600175500002,-4.489687720000006],[104.486591051,-4.487177065000026],[104.483471205,-4.485647447000019],[104.484413845,-4.484226533000026],[104.48344141000001,-4.4832376460000205],[104.48522440599999,-4.482775283000024]]]},"properties":{"NAMOBJ":"Umpu Kencana","WADMKC":"Blambangan Umpu","KDCPUM":"18.08.01"}},{"type":"Feature","geometry":{"type":"MultiPolygon","coordinates":[[[[104.425782073,-4.340842328000008],[104.424318444,-4.331291564000026],[104.42050477700002,-4.324970945000018],[104.41922447299999,-4.32524868500002],[104.41866097000002,-4.32637820299999],[104.419285119,-4.329689278999979],[104.41800714700003,-4.330884791000017],[104.41664174900001,-4.330938369000023],[104.41597910600001,-4.3324447410000175],[104.41486783800002,-4.3319844179999905],[104.41492711000001,-4.333483312999988],[104.41378605300002,-4.334139762000007],[104.414634761,-4.3345772760000045],[104.41400561500001,-4.336121058999993],[104.41177644300001,-4.337783775999981],[104.40868517799998,-4.337131010999997],[104.40891348600002,-4.338058337999996],[104.40807624299998,-4.3379191999999875],[104.40811615299998,-4.338526265999974],[104.40525624700001,-4.337962394999977],[104.40295541900002,-4.341056757999979],[104.40153118199999,-4.3390514929999995],[104.39971498400001,-4.340568750999978],[104.398461284,-4.339334172000008],[104.396543227,-4.339409994999983],[104.39680333299998,-4.341324127999997],[104.39487135299998,-4.341631972000016],[104.39348740100002,-4.345115353999972],[104.39189167699999,-4.345938384000021],[104.38893582499998,-4.345113250999987],[104.38418259600002,-4.347538746999987],[104.38460402099997,-4.349029590999976],[104.38304879499998,-4.350500074000024],[104.38328207799998,-4.351986386000021],[104.38205271099997,-4.352692561000026],[104.38219433900002,-4.354865146000009],[104.38102930899998,-4.355993660000024],[104.38150119699998,-4.3569341180000265],[104.38044477900002,-4.359910001000003],[104.38235311800003,-4.362279813999976],[104.379836458,-4.363736818000007],[104.38066521299999,-4.36499563000001],[104.37945208500003,-4.366473056000018],[104.38030254400002,-4.367489492999994],[104.37927924299998,-4.367861758999993],[104.38033149799998,-4.369644977999997],[104.37954815299997,-4.371408785000028],[104.385010013,-4.36958630700002],[104.400852596,-4.369754811000007],[104.40476081399999,-4.3756676979999725],[104.40260688699999,-4.376888182000016],[104.390418549,-4.404403762000015],[104.39838341000001,-4.406510164999986],[104.40342577199999,-4.404466418000027],[104.40580703900002,-4.401873409000018],[104.40747106399999,-4.404880310999999],[104.41670929999998,-4.412955006999994],[104.41644115600002,-4.411873703000026],[104.41740891699999,-4.412219771000025],[104.41831701400002,-4.408415575999982],[104.419752351,-4.406917209000028],[104.41942529800002,-4.4053594850000195],[104.42093385300001,-4.403875718999984],[104.420610452,-4.401241079999977],[104.42266929599998,-4.400146366999991],[104.42211120500002,-4.399655450000012],[104.423576921,-4.394960930000025],[104.42299038499999,-4.395153370000003],[104.4234659,-4.394086209000022],[104.42247417700003,-4.391828373999999],[104.424281861,-4.388847225000006],[104.42741035400002,-4.386608894000005],[104.42822660600001,-4.38315135900001],[104.44568232,-4.396544086999995],[104.45226756400001,-4.404474431999972],[104.45617218299998,-4.404891444999976],[104.45248827900002,-4.401495676000025],[104.45216618699999,-4.399220379999974],[104.44633919299997,-4.393052678000004],[104.44870748800003,-4.3799689990000275],[104.44465640099997,-4.3798962519999804],[104.43247902600001,-4.379677443999981],[104.431739155,-4.37662719299999],[104.41506576400002,-4.356127357999981],[104.41899972300001,-4.349577037000017],[104.42596083799998,-4.342808752999986],[104.425782073,-4.340842328000008]]],[[[104.397360848,-4.425294072999975],[104.397722692,-4.426463646999991],[104.39786886799999,-4.425052574999995],[104.397360848,-4.425294072999975]]],[[[104.410731172,-4.423335280000003],[104.41050276300001,-4.42084612299999],[104.41180564400003,-4.420466309000005],[104.41127611600001,-4.419168367999987],[104.41218624700002,-4.418246538999995],[104.39869499299999,-4.424659861999999],[104.39952489400002,-4.425013127999989],[104.399312522,-4.426464598999985],[104.40348194,-4.427035670000009],[104.40622307899997,-4.426050572999998],[104.40555207,-4.424451573999988],[104.40666565800001,-4.422368356999982],[104.40853721500002,-4.4219769079999764],[104.40977231199997,-4.424055547000023],[104.410731172,-4.423335280000003]]]]},"properties":{"NAMOBJ":"Way Tuba","WADMKC":"Way Tuba","KDCPUM":"18.08.08"}},{"type":"Feature","geometry":{"type":"Polygon","coordinates":[[[104.63640029300001,-4.765050551999991],[104.63387067500003,-4.7622484120000195],[104.63314872500001,-4.758948813000018],[104.634486837,-4.754000979000011],[104.63646358800003,-4.752147072000014],[104.6372222,-4.749166666999997],[104.63534288699998,-4.743299707999995],[104.63472100299998,-4.7422940989999915],[104.63340704000001,-4.742266965999988],[104.63083199300002,-4.745742429000018],[104.627736148,-4.7448830499999985],[104.62619676600002,-4.745758480000006],[104.62576918100001,-4.74514684799999],[104.62608703500001,-4.747857837000026],[104.625006068,-4.751095116999977],[104.62761179300003,-4.757146874],[104.63110603299998,-4.761006416999976],[104.63640029300001,-4.765050551999991]]]},"properties":{"NAMOBJ":"Way Tuba","WADMKC":"Gunung Labuhan","KDCPUM":"18.08.10"}},{"type":"Feature","geometry":{"type":"Polygon","coordinates":[[[104.437744764,-4.342197582999972],[104.43066410300003,-4.3403700640000125],[104.425782073,-4.340842328000008],[104.42596083799998,-4.342808752999986],[104.41899972300001,-4.349577037000017],[104.41506576400002,-4.356127357999981],[104.431739155,-4.37662719299999],[104.43247902600001,-4.379677443999981],[104.44465640099997,-4.3798962519999804],[104.44513085199998,-4.3792305630000214],[104.443378118,-4.3774686240000165],[104.44573262099999,-4.375108963000002],[104.45017724600001,-4.3743925439999884],[104.453429486,-4.371134272000006],[104.459796052,-4.361240711999983],[104.450483249,-4.356327282999985],[104.44575406899997,-4.348730855999975],[104.44070961199998,-4.345470992999992],[104.440281309,-4.344195602000013],[104.437744764,-4.342197582999972]]]},"properties":{"NAMOBJ":"Way Tuba Asri","WADMKC":"Way Tuba","KDCPUM":"18.08.08"}},{"type":"Feature","geometry":{"type":"Polygon","coordinates":[[[104.95704268899999,-4.415422568999986],[104.95514778,-4.4144736289999855],[104.95350509899998,-4.416830188000006],[104.94814153300001,-4.417670298000019],[104.947670399,-4.419040869000014],[104.95004034099998,-4.421881942000027],[104.95303846299998,-4.42386641500002],[104.95308152000001,-4.4276846249999835],[104.94905531900002,-4.429779656999983],[104.94375246999999,-4.4347203980000245],[104.944047103,-4.439360062999981],[104.94107332599998,-4.446113486000002],[104.94013392400001,-4.45200322300002],[104.95030562599999,-4.453024887000026],[104.96001641700002,-4.455160663000015],[104.97532825100001,-4.436016841000026],[104.96733993200002,-4.430474683999989],[104.962359477,-4.4283899659999975],[104.96386363300002,-4.424392071],[104.96371429599998,-4.423304798999993],[104.96611279000001,-4.420906302999981],[104.96546557900001,-4.418926589000023],[104.95910765899998,-4.419916446000002],[104.95792744699997,-4.418907554999976],[104.95704268899999,-4.415422568999986]]]},"properties":{"NAMOBJ":"Tiuh Baru","WADMKC":"Negeri Besar","KDCPUM":"18.08.12"}},{"type":"Feature","geometry":{"type":"Polygon","coordinates":[[[104.654368955,-4.335779575999993],[104.65166824699998,-4.33377340200002],[104.64057995899998,-4.334106526000028],[104.63858121200002,-4.338008842000022],[104.63439336099998,-4.337247414999979],[104.63172836400003,-4.333868580000001],[104.62582730100002,-4.334915543000022],[104.62468516000001,-4.335201077000022],[104.62306712499998,-4.337723306999976],[104.622297549,-4.342500899000015],[104.626427417,-4.348016943999994],[104.62603892499999,-4.355299434000017],[104.624668698,-4.359361691999993],[104.630124647,-4.358653199000003],[104.635180832,-4.358480976999999],[104.63809869900001,-4.3530389759999935],[104.64036865000003,-4.351793827999984],[104.64370934499999,-4.351944027000002],[104.64688972099998,-4.354842861999998],[104.648992308,-4.348531267999988],[104.65369988999998,-4.346042194000006],[104.65516691599998,-4.3414075480000065],[104.654368955,-4.335779575999993]]]},"properties":{"NAMOBJ":"Tulang Bawang","WADMKC":"Bahuga","KDCPUM":"18.08.05"}},{"type":"Feature","geometry":{"type":"Polygon","coordinates":[[[104.523989814,-4.277674495999975],[104.52148902800002,-4.276433041000018],[104.52102423399998,-4.275223045000018],[104.52205344100003,-4.276177034],[104.52216867300001,-4.275254499000027],[104.520016279,-4.274136843000008],[104.518188114,-4.277140069999973],[104.51639310299998,-4.275893715999985],[104.51382985200001,-4.277012001999992],[104.51371092900001,-4.280654141000014],[104.51271514299998,-4.280282664000026],[104.51186565699999,-4.2813222600000245],[104.51046406299997,-4.278493948999994],[104.50959709400001,-4.279251407999993],[104.50993339500002,-4.280049513999984],[104.50866092799998,-4.279421630999991],[104.50776715799998,-4.279992803000027],[104.513583262,-4.287734219000015],[104.51452557699997,-4.290984286000025],[104.511465166,-4.291696913999999],[104.51047530900001,-4.294419017999985],[104.51385203500001,-4.297760794999988],[104.51261471499998,-4.301841570000022],[104.51417326199999,-4.304577950000009],[104.51241246199999,-4.305601119000016],[104.51364977999998,-4.308979953000005],[104.51298353200002,-4.311299927999983],[104.51344558800002,-4.3123887130000185],[104.51962543899998,-4.3111135309999895],[104.51786923700001,-4.308346554000025],[104.518661484,-4.307391784999993],[104.51785908900001,-4.306319665999979],[104.51856149399998,-4.305464793999988],[104.518274066,-4.303111656999988],[104.51973998800003,-4.3028340330000105],[104.52462075900002,-4.294043063000004],[104.52595325800002,-4.293529100000001],[104.52564868600001,-4.29210142300002],[104.52719057600001,-4.287685142999976],[104.533378761,-4.286462214999972],[104.53377270300001,-4.275200734000009],[104.53110940300002,-4.276674131999982],[104.531429533,-4.277757837000024],[104.53021275600003,-4.276950413999998],[104.52763353900002,-4.2775678599999765],[104.52815461799997,-4.2767226519999895],[104.52608959700001,-4.2751424799999995],[104.52622595600002,-4.277049665999982],[104.525289402,-4.276645330999997],[104.523989814,-4.277674495999975]]]},"properties":{"NAMOBJ":"Way Agung","WADMKC":"Buay Bahuga","KDCPUM":"18.08.13"}},{"type":"Feature","geometry":{"type":"Polygon","coordinates":[[[104.37291231,-4.377313539999989],[104.370362333,-4.380431389000023],[104.36823248799999,-4.381400093000025],[104.36688107700002,-4.383690458999979],[104.36435513100002,-4.385044117000007],[104.36303619199998,-4.3877786620000165],[104.361970084,-4.387715866000008],[104.36203334099997,-4.388449396999988],[104.360259552,-4.38915648699998],[104.35900241399997,-4.38867006800001],[104.35572777800002,-4.393270691999987],[104.36915044800003,-4.400333311999987],[104.38230649000002,-4.404288898000004],[104.386086014,-4.397900934999996],[104.387797164,-4.397152945000016],[104.389966631,-4.394448464999982],[104.387569262,-4.392668515000025],[104.380369073,-4.391202533000012],[104.379725775,-4.390555756000026],[104.38137478599998,-4.386105225999984],[104.37333854500002,-4.382211880999989],[104.37291231,-4.377313539999989]]]},"properties":{"NAMOBJ":"Way Pisang","WADMKC":"Way Tuba","KDCPUM":"18.08.08"}},{"type":"Feature","geometry":{"type":"Polygon","coordinates":[[[104.50537008100002,-4.846456154000009],[104.49694955000001,-4.847607707000009],[104.49754463099998,-4.8449718969999935],[104.49243052000003,-4.84849350799999],[104.48707078400003,-4.855060819000016],[104.48364436000003,-4.866053930000021],[104.48149010700001,-4.877854135000007],[104.49065630400003,-4.877660171000002],[104.49513122799999,-4.880998771999998],[104.50097645199997,-4.883675602999972],[104.505438964,-4.879062389000012],[104.50091193399999,-4.87376105200002],[104.50295679200002,-4.859252446000028],[104.50228684400003,-4.854666755999972],[104.503774212,-4.853185305000011],[104.50415042700001,-4.85107893899999],[104.50316057200001,-4.848404424000023],[104.503474659,-4.8476429959999905],[104.504883301,-4.848328282000011],[104.50537008100002,-4.846456154000009]]]},"properties":{"NAMOBJ":"Sumber Sari","WADMKC":"Banjit","KDCPUM":"18.08.03"}},{"type":"Feature","geometry":{"type":"Polygon","coordinates":[[[104.503208889,-4.451262498999995],[104.50443567399998,-4.44523972799999],[104.50193427300002,-4.435102001000018],[104.50041446900002,-4.430131986999982],[104.49789304400002,-4.430359524999972],[104.49766631300002,-4.4285609859999795],[104.49676323,-4.428650956000013],[104.49663207100002,-4.427753817999985],[104.49572373799998,-4.4278095430000235],[104.49579347600002,-4.428712432999987],[104.48684307399998,-4.429434147999984],[104.48383982399997,-4.430699431999983],[104.48104589299999,-4.428637800999979],[104.475619231,-4.430581862999986],[104.475887134,-4.431120598000007],[104.47056988600002,-4.432230559000004],[104.46511407700001,-4.431598088999976],[104.46333808000003,-4.434038196000017],[104.46176480000003,-4.433146659999977],[104.45933455199997,-4.433244311999999],[104.45920929599998,-4.437667115000011],[104.458807793,-4.441371774999993],[104.463289213,-4.443207891999975],[104.46352667399998,-4.449959197999988],[104.46465606700002,-4.449270468999998],[104.46531002900002,-4.450031636000006],[104.46564848499997,-4.448888963999991],[104.46730693500001,-4.44980813799998],[104.46904781500001,-4.448682172000019],[104.46939243600002,-4.449544505000006],[104.47111887099999,-4.449631415999988],[104.47176392099999,-4.44681128000002],[104.47325851800002,-4.448154418999991],[104.47435507300003,-4.4474180479999745],[104.47561056900003,-4.448013173999982],[104.47570062,-4.449060530999986],[104.47818982899997,-4.446552381000004],[104.48004248699999,-4.449071950000018],[104.48045037499998,-4.4482377799999995],[104.48226005599997,-4.448692434999998],[104.48575866800002,-4.447218712999984],[104.48586463499998,-4.448327486999972],[104.488971316,-4.450404742999979],[104.49010355299998,-4.449785614000007],[104.491755092,-4.451259052000012],[104.49217180099998,-4.4528993270000115],[104.490548306,-4.453447429999983],[104.49224239099999,-4.454901059000008],[104.49561678499998,-4.452980953999997],[104.49712516199997,-4.454246333000015],[104.49847844099997,-4.454257805999987],[104.498527406,-4.453108871999973],[104.49989332400003,-4.451948124000012],[104.503208889,-4.451262498999995]]]},"properties":{"NAMOBJ":"Tanjung Sari","WADMKC":"Blambangan Umpu","KDCPUM":"18.08.01"}},{"type":"Feature","geometry":{"type":"Polygon","coordinates":[[[104.63340704000001,-4.742266965999988],[104.62801663800002,-4.73872068899999],[104.625040636,-4.742852801000026],[104.62576918100001,-4.74514684799999],[104.62619676600002,-4.745758480000006],[104.627736148,-4.7448830499999985],[104.63083199300002,-4.745742429000018],[104.63340704000001,-4.742266965999988]]]},"properties":{"NAMOBJ":"Gunung Pekuwon","WADMKC":"Gunung Labuhan","KDCPUM":"18.08.10"}},{"type":"Feature","geometry":{"type":"MultiPolygon","coordinates":[[[[104.40167470799997,-4.5574574249999955],[104.39994747600002,-4.558374178000008],[104.39258075200001,-4.559247878999997],[104.39184582799999,-4.5616939189999925],[104.39317107099998,-4.562332391999973],[104.39157373400002,-4.5633393150000074],[104.39080357300003,-4.565026073000013],[104.387388214,-4.565254459000016],[104.38422425599998,-4.567578074999972],[104.37805914799998,-4.567062175999979],[104.37778944600001,-4.569772629999989],[104.376991928,-4.57002098800001],[104.37569682899999,-4.568753834000006],[104.37371771199997,-4.569002362999981],[104.37185787099997,-4.56986047700002],[104.371145501,-4.571673179000015],[104.37046473200002,-4.5706765049999944],[104.36792811200002,-4.572567511999978],[104.366326517,-4.572297741999989],[104.36191005400002,-4.573828144000004],[104.36032364200003,-4.575538165000012],[104.35910973699998,-4.575713947999986],[104.35274439300002,-4.572364354000001],[104.35140750699998,-4.571980188999987],[104.35041316899998,-4.574334459999989],[104.35163344,-4.575359972000001],[104.350933726,-4.578968685999996],[104.35145686499999,-4.580740325000022],[104.34942495799999,-4.580460838000022],[104.34516525800001,-4.585483223999972],[104.34275053300001,-4.586495834000004],[104.34300740600003,-4.587290699999983],[104.34468626799998,-4.587627328999986],[104.343615398,-4.590153842999996],[104.34486396300002,-4.591552772],[104.34414017400002,-4.594034527000019],[104.34511648,-4.595818554999994],[104.34268251499998,-4.596965176000026],[104.34187680999997,-4.601641212000004],[104.34271240200002,-4.602478027000018],[104.34799194200002,-4.603057861000025],[104.35168456999997,-4.606994628999985],[104.35272216800001,-4.606628418000014],[104.37044819099998,-4.623685845000011],[104.37176153500002,-4.624387035999973],[104.37173139800001,-4.622940493999977],[104.37352450600002,-4.622262427999999],[104.37370532400001,-4.6231966529999795],[104.376281974,-4.6235130829999775],[104.37605595299999,-4.625185645999977],[104.37772261999999,-4.626203963000023],[104.37979144299999,-4.622905694999986],[104.381306086,-4.6234100909999825],[104.38409423799999,-4.622985840000013],[104.38427734300001,-4.6213989259999835],[104.386474609,-4.620178222999982],[104.38732910200002,-4.618713378999985],[104.39082744500001,-4.618013006000012],[104.39070392399998,-4.617409742000007],[104.38850942900001,-4.6174270019999994],[104.38749015299999,-4.615520910999976],[104.38756579099999,-4.613245106000022],[104.39017655599997,-4.610163473],[104.38938797700001,-4.608381232999989],[104.39017940399998,-4.607259302999978],[104.39509283000001,-4.605361469000002],[104.39497513999999,-4.603405193000015],[104.39229100400001,-4.603839314000027],[104.39180525799998,-4.602702702999977],[104.39269295600002,-4.600632066999992],[104.39543787000002,-4.600894165],[104.39433997499998,-4.598983139999973],[104.395257324,-4.596766796999987],[104.39361688700001,-4.595737851000024],[104.39472714300001,-4.594700577000026],[104.39472595799998,-4.593229586000007],[104.39591495500002,-4.592054357999984],[104.396176793,-4.5941681790000075],[104.396871315,-4.594430120000027],[104.39826072599999,-4.593100784000001],[104.39712891599999,-4.592448607999984],[104.39783626000002,-4.591364108999983],[104.40010874799998,-4.592360867000025],[104.40185118300002,-4.590491405000023],[104.402994627,-4.591175389999989],[104.40652646299998,-4.589611391000005],[104.405877352,-4.587218749999977],[104.403625831,-4.585415556999976],[104.40533244800002,-4.584727197999996],[104.40798662200001,-4.585218956000006],[104.40826556799999,-4.58434592499998],[104.40723921699998,-4.58293818300001],[104.40358171100002,-4.5789631289999875],[104.40386918500002,-4.577450682000006],[104.40274579499999,-4.575753142999986],[104.40085110799998,-4.575180197999998],[104.40054351499998,-4.573725803000002],[104.40136177300002,-4.572004218000018],[104.40060247299999,-4.571175670999992],[104.40045574200002,-4.568439103999992],[104.40138968899998,-4.566770635000012],[104.39934803599999,-4.566019899000025],[104.39825350699999,-4.564571581999985],[104.39999286800003,-4.560759802000007],[104.39959337099998,-4.560072504999994],[104.401141902,-4.5596859400000085],[104.40167470799997,-4.5574574249999955]]],[[[104.42531127799998,-4.638133144999983],[104.42466213199998,-4.630111914999986],[104.40097575800002,-4.625501099000019],[104.40210935300001,-4.626907485999993],[104.40210659000002,-4.630197717999977],[104.40347512599999,-4.632932536999988],[104.40604811399999,-4.64722231799999],[104.41148402599998,-4.643799021999996],[104.41166010400002,-4.642482314000006],[104.41271017100001,-4.6423076089999995],[104.41371805,-4.640245375000006],[104.41516154300001,-4.640422154000021],[104.41594793399997,-4.641695765999998],[104.416254848,-4.640862011000024],[104.41674317000002,-4.641719109000007],[104.41778913299999,-4.641217951999977],[104.41785099399999,-4.639303242999972],[104.41857319500002,-4.639449489000015],[104.41870497899998,-4.640900176999992],[104.42003372800002,-4.641978902999995],[104.42247924499998,-4.639703684999972],[104.42285171600003,-4.640723811999976],[104.42333874000002,-4.639495523999983],[104.424578054,-4.64022408400001],[104.42531127799998,-4.638133144999983]]],[[[104.42531127799998,-4.638133144999983],[104.42723258199999,-4.637783388000003],[104.43042373999998,-4.626157268999975],[104.42938984699998,-4.626994131999993],[104.428701273,-4.62755148399998],[104.42979472799999,-4.627592995999976],[104.42824552799999,-4.629696109000008],[104.42882414399998,-4.630924703999995],[104.428226242,-4.630905417000008],[104.42531127799998,-4.638133144999983]]]]},"properties":{"NAMOBJ":"Simpang Tiga","WADMKC":"Rebang Tangkas","KDCPUM":"18.08.09"}},{"type":"Feature","geometry":{"type":"Polygon","coordinates":[[[104.61173463900002,-4.609680651000019],[104.61077250599999,-4.609319282000001],[104.61293089700001,-4.613068770999973],[104.61495914199998,-4.613958308000008],[104.61485804400002,-4.614655414000026],[104.613658214,-4.61389587299999],[104.61600672100002,-4.617294458999993],[104.617362109,-4.624290589999987],[104.61733203,-4.633436642999982],[104.61694016199999,-4.634505124999976],[104.611283528,-4.629257678999977],[104.60571914399998,-4.63637750700002],[104.60353977800003,-4.640229273999978],[104.60250376099998,-4.644127133999973],[104.60192515699998,-4.646743043000015],[104.60033041399998,-4.646632794000027],[104.60246793200002,-4.649029682999981],[104.60435521400001,-4.648613146000002],[104.60628809500002,-4.649524470000017],[104.60812043700003,-4.647661176999975],[104.61622910099999,-4.651255225],[104.61815725600002,-4.64805803500002],[104.61952800900002,-4.64855127300001],[104.61966507400001,-4.649706293000008],[104.62242266700002,-4.649780780000015],[104.62460525099999,-4.648493522000024],[104.62488494799999,-4.646391042000005],[104.629610001,-4.6470632950000095],[104.63394854199998,-4.653506959000026],[104.63115537499999,-4.6570733240000095],[104.63118562599999,-4.6589589289999935],[104.63692627799998,-4.657795307000015],[104.63667870299997,-4.656340699999987],[104.638286704,-4.656390208999994],[104.63873986499999,-4.655750624999996],[104.637684611,-4.654584037999996],[104.638918429,-4.654443265999987],[104.63813378100002,-4.65271814099998],[104.63977462000003,-4.651775482999994],[104.63727916300002,-4.65228188399999],[104.63672264399997,-4.651739140000018],[104.63817152000001,-4.65120439399999],[104.63737961099997,-4.65013067000001],[104.63923515200003,-4.649508034999997],[104.63914143599999,-4.647528260999991],[104.64049814200001,-4.64647418200002],[104.641745647,-4.646641725999984],[104.64290516599999,-4.6443455269999845],[104.64207952100003,-4.644334918000027],[104.63739402800002,-4.639664106999987],[104.635260502,-4.632880984999986],[104.63335083700002,-4.630367910000018],[104.63337354499998,-4.627266677000023],[104.62875726800002,-4.624486884000021],[104.622926355,-4.618439912999975],[104.618304825,-4.616112077000025],[104.61173463900002,-4.609680651000019]]]},"properties":{"NAMOBJ":"Way Limau","WADMKC":"Negeri Agung","KDCPUM":"18.08.07"}},{"type":"Feature","geometry":{"type":"Polygon","coordinates":[[[104.60250376099998,-4.644127133999973],[104.60074694600002,-4.63950607999999],[104.59731132600001,-4.6399166310000055],[104.59458271599999,-4.63797712600001],[104.59424097599998,-4.63927488600001],[104.58995902700002,-4.63707986999998],[104.58786828900003,-4.640895220999994],[104.58284546599998,-4.638784550000025],[104.58022396400003,-4.6407621449999965],[104.578861625,-4.640774260000001],[104.57544732399998,-4.645903724999982],[104.57491840400002,-4.650239692000014],[104.575830854,-4.651004375000014],[104.57676002,-4.651855603999991],[104.57521334500001,-4.653319524999972],[104.57787850900002,-4.652433950999978],[104.58271223399998,-4.656516868999972],[104.582788989,-4.657966928999997],[104.58870890100002,-4.659216191999974],[104.59154326499998,-4.65846854199998],[104.59365107100001,-4.656967238999982],[104.59423682699997,-4.655463048000001],[104.59594652499999,-4.655355358000008],[104.59647845900002,-4.653052930999991],[104.597656476,-4.6526436820000185],[104.59750093399998,-4.649128884999982],[104.59900349999998,-4.649453833999985],[104.59867273499998,-4.648456629999998],[104.60033041399998,-4.646632794000027],[104.60192515699998,-4.646743043000015],[104.60250376099998,-4.644127133999973]]]},"properties":{"NAMOBJ":"Gedung Jaya","WADMKC":"Negeri Agung","KDCPUM":"18.08.07"}},{"type":"Feature","geometry":{"type":"Polygon","coordinates":[[[104.56826137399997,-4.635874606000016],[104.56574205099997,-4.636881062999976],[104.564529392,-4.63410858200001],[104.562471383,-4.633385265000015],[104.55904898900002,-4.629546482000023],[104.557521544,-4.630806929000016],[104.55517635500001,-4.630027414999972],[104.55474694999998,-4.631533174000026],[104.55293439299999,-4.6309623679999845],[104.55270489999998,-4.631748899999991],[104.55114435799999,-4.630655144000002],[104.55063942700002,-4.632492969999987],[104.54871733800002,-4.633020540000018],[104.54833126199998,-4.634225829999991],[104.54571885899998,-4.634297987000025],[104.53887042600002,-4.637230104000025],[104.52924090200003,-4.638291709999976],[104.522232025,-4.640718090000007],[104.513207566,-4.641852840000013],[104.50887823800002,-4.643555225],[104.50834495200002,-4.651144337999995],[104.50616369300002,-4.655234866000001],[104.50063539400003,-4.655283208000014],[104.498773594,-4.6577102649999915],[104.50112692599998,-4.661179025000024],[104.49993313499999,-4.6625307350000185],[104.49995048300002,-4.665135207999981],[104.49748421800001,-4.664209685000003],[104.497333459,-4.6672790549999945],[104.498688163,-4.66807894599998],[104.499072737,-4.670202856000003],[104.50286120499999,-4.669736482000019],[104.502362592,-4.671440858999972],[104.50324774400002,-4.675212493999993],[104.50237302900001,-4.677285819000019],[104.50492474700002,-4.679861220000021],[104.50755389400001,-4.681022865999978],[104.50947555200003,-4.683374995999998],[104.50981253600003,-4.685936880999975],[104.52811051499998,-4.686967551000009],[104.52779653099998,-4.684234568000022],[104.52563425599999,-4.683752532000028],[104.52545521399998,-4.68299504700002],[104.52575820599998,-4.681562711000026],[104.52728695100001,-4.680681273999994],[104.52479529300001,-4.679311826999992],[104.525345034,-4.6763980389999915],[104.52449114199999,-4.6748830679999855],[104.52555672199998,-4.673720092999986],[104.52442228000001,-4.671136959000023],[104.528251023,-4.670462107999981],[104.529187551,-4.669539353000005],[104.53748258299998,-4.672374042999991],[104.54549197300003,-4.672903646000009],[104.54588966099999,-4.67091452599999],[104.54730224600002,-4.6710815420000245],[104.54827880900001,-4.669311522999976],[104.54870605399998,-4.6657104490000165],[104.55054129299998,-4.663254117000008],[104.55002781899998,-4.662356269999975],[104.55068359500001,-4.662248153999997],[104.550348525,-4.661307102000023],[104.55131989,-4.661301761999994],[104.55101416000002,-4.660680468999999],[104.55187633999998,-4.661536298999977],[104.552736047,-4.660021637],[104.5701459,-4.6550489919999904],[104.575830854,-4.651004375000014],[104.57491840400002,-4.650239692000014],[104.57544732399998,-4.645903724999982],[104.57468207400001,-4.6455197729999895],[104.574474495,-4.6436048080000205],[104.572596718,-4.642317138999999],[104.56826137399997,-4.635874606000016]]]},"properties":{"NAMOBJ":"Gunung Katun","WADMKC":"Baradatu","KDCPUM":"18.08.04"}},{"type":"Feature","geometry":{"type":"Polygon","coordinates":[[[104.79069760000004,-4.288421399999947],[104.76704280000007,-4.288327199999969],[104.77113430000009,-4.334119099999953],[104.78595410000008,-4.333085],[104.79069760000004,-4.288421399999947]]]},"properties":{"NAMOBJ":"Negara Ratu","WADMKC":"Pakuan Ratu","KDCPUM":"id1807060036"}},{"type":"Feature","geometry":{"type":"Polygon","coordinates":[[[104.87963809399997,-4.43932950300001],[104.87823224099998,-4.436245761999999],[104.86193994400003,-4.439609570000016],[104.84838921300002,-4.438361568999994],[104.844955659,-4.439824095999995],[104.84414363399998,-4.442030005999982],[104.83745782199998,-4.443998064000027],[104.82672329500002,-4.443668661000004],[104.82090769400003,-4.444593865000002],[104.81604333199999,-4.442156386000022],[104.81462149100003,-4.446181271],[104.81380295600002,-4.442050527999982],[104.81011003200001,-4.443078453999988],[104.80984353299999,-4.44250738300002],[104.81045267399998,-4.4422218490000205],[104.80940571100001,-4.442297990999975],[104.80986256699998,-4.4417840259999934],[104.80898692699998,-4.441688849000002],[104.80906306899999,-4.441003564000027],[104.80828260599998,-4.441745955999977],[104.80776864199998,-4.441212956000015],[104.806417109,-4.441517526999974],[104.80548435899999,-4.44064188599998],[104.80441836099999,-4.441536563],[104.80154397199999,-4.441803063000009],[104.80243865,-4.442450275999988],[104.80215311400002,-4.443763739000019],[104.80036375999998,-4.443896988000006],[104.798460191,-4.445058164999978],[104.798155619,-4.446714269999973],[104.79781297800002,-4.446200307000026],[104.796956373,-4.447342447999972],[104.796499515,-4.446067056999993],[104.79503376600002,-4.446333556000013],[104.79487996400002,-4.447831818999987],[104.80061013400001,-4.446802921000028],[104.80067760600002,-4.450318493999987],[104.80331740899999,-4.450318950999986],[104.79978444199998,-4.452071436999972],[104.79316478300001,-4.450310635999983],[104.78344944399998,-4.449675319999983],[104.783049694,-4.4507032469999785],[104.778481129,-4.452130923000027],[104.77568288200001,-4.449846641000022],[104.77551632000001,-4.450962130999983],[104.77475489400001,-4.451081104000025],[104.77249909,-4.448949162000019],[104.77462372100001,-4.453196273999993],[104.77411448200002,-4.458305005999989],[104.77715451799997,-4.474960442999986],[104.757463486,-4.475123435],[104.75008681399999,-4.47742546500001],[104.75031167499998,-4.490169857000012],[104.74881261399997,-4.494203044000017],[104.74830103,-4.498961966000024],[104.74995475499998,-4.50281669200001],[104.75033270300003,-4.514785571999994],[104.75731051499997,-4.514276053000003],[104.756549301,-4.530325656999992],[104.75096903899998,-4.533548762999999],[104.741005056,-4.533301365999989],[104.73431000199997,-4.534497723000015],[104.72823154899999,-4.5336533999999915],[104.72622842300001,-4.535145856999975],[104.72478121300003,-4.53405350700001],[104.71674408400003,-4.53698099799999],[104.71481399200002,-4.536299401000008],[104.703623934,-4.53717521599998],[104.69353752799998,-4.544851533999974],[104.696842748,-4.548837755000022],[104.69621350699998,-4.549955478000015],[104.69798841900001,-4.552305423000007],[104.69548161400002,-4.554481927999973],[104.695481126,-4.555386865000003],[104.69791037200002,-4.556558547000009],[104.69896566400001,-4.556320603000017],[104.69900135699999,-4.557195053999976],[104.69993805399997,-4.557437235000009],[104.70158704599999,-4.553156199999989],[104.70272243800002,-4.553093048999983],[104.71661312700002,-4.554813856999999],[104.72979329999998,-4.555437761999997],[104.730674497,-4.5372633860000064],[104.748896995,-4.53744081100001],[104.75202804600002,-4.534080136],[104.75875652899998,-4.5322840459999725],[104.76338020200001,-4.531997421000028],[104.76507863199998,-4.528831621999984],[104.76634469999999,-4.528386121999972],[104.771659801,-4.52871804199998],[104.77202684399998,-4.527899957999978],[104.77355185599998,-4.527759317999994],[104.77454774,-4.529089490999979],[104.77480413,-4.528462789999992],[104.77555498800001,-4.528660990999981],[104.778189016,-4.531685349999975],[104.78280877100002,-4.531708988999981],[104.78440844599999,-4.530026785000018],[104.784232927,-4.528213642000026],[104.78510415300002,-4.526569928000015],[104.78596562899997,-4.52634512100002],[104.78545705699997,-4.52387563100001],[104.785988336,-4.52162043300001],[104.789839852,-4.516855357999987],[104.79204512400003,-4.515394166000021],[104.79289180199999,-4.515579503000026],[104.79324207899998,-4.51461836499999],[104.79773983500002,-4.514512367000009],[104.799731485,-4.512403247999998],[104.80028046199999,-4.512908204999974],[104.80081095700001,-4.512035461999972],[104.80151081999998,-4.512601452000013],[104.80306821699997,-4.511945629000024],[104.80305177100001,-4.510753025999975],[104.80379379200002,-4.510425102999989],[104.80450613699998,-4.511344457999996],[104.805786904,-4.510612832999982],[104.80750956000003,-4.511130718000004],[104.80975855899999,-4.5105591970000205],[104.81260960899999,-4.507880259999979],[104.81274195499998,-4.50669609900001],[104.81403121400001,-4.505440728999986],[104.81803881799999,-4.504009350999979],[104.82492930400002,-4.506638145000011],[104.82793707299999,-4.505681827999979],[104.834536851,-4.505809564000003],[104.83961655899998,-4.503739321000012],[104.84050357799998,-4.505282632999979],[104.84437453599998,-4.506802424999989],[104.84705519300002,-4.506506415999979],[104.84852252899998,-4.505333047000022],[104.85090952899998,-4.506130718999998],[104.85082130400002,-4.507108760999984],[104.851705874,-4.506511586999977],[104.85454362799999,-4.506634154999972],[104.85752361700003,-4.508214376000012],[104.858535603,-4.5098488919999795],[104.86152799500002,-4.509608560000004],[104.86207049000001,-4.508602279999991],[104.86260112999997,-4.508811821999984],[104.862338921,-4.508015893999982],[104.86323092700002,-4.508660743999997],[104.86283956599999,-4.509188861999974],[104.863924451,-4.509016379000002],[104.86365227200002,-4.510299055000019],[104.86527417899998,-4.510009131999993],[104.86578491799997,-4.508989041000007],[104.866481696,-4.509620391999988],[104.86695884599999,-4.5088784580000265],[104.867408888,-4.509653474000004],[104.868034964,-4.509297509000021],[104.86901152500002,-4.5099055539999995],[104.868383494,-4.511289115000011],[104.86929632599998,-4.511220212000012],[104.86925862800001,-4.512360417000025],[104.871873075,-4.511678976999974],[104.87414816799998,-4.513285493000012],[104.87555050499998,-4.5124486860000275],[104.87674288,-4.513444634999985],[104.87846505499999,-4.512604765999981],[104.87896608099999,-4.513442931999975],[104.88039822100001,-4.513736789999996],[104.88055149000002,-4.5128449530000125],[104.88106131400002,-4.513045834000025],[104.88210055799999,-4.516913315000011],[104.88448240500003,-4.5198916570000165],[104.88670097900001,-4.52078514599998],[104.88909404700001,-4.523560718999988],[104.89265872200002,-4.524642223000001],[104.89538826299997,-4.523707189999982],[104.89891706399999,-4.524307264000015],[104.90257763699998,-4.522155773999998],[104.90385958600001,-4.519904439000015],[104.90687037700002,-4.5196112649999804],[104.90823276700002,-4.518266759000028],[104.91137720199998,-4.519738711000002],[104.91294657100002,-4.518435265999983],[104.92379617799998,-4.5166501100000005],[104.92631519899999,-4.515440386000023],[104.92619444399998,-4.507722221999984],[104.93344444399997,-4.488444443999981],[104.94455555600001,-4.480333332999976],[104.95044444400003,-4.488194443999987],[104.958606728,-4.482776576999981],[104.95243419000002,-4.475204908000023],[104.95081895999999,-4.4707009190000235],[104.9464213,-4.468538744999989],[104.93915149899999,-4.468087786000012],[104.92999721199999,-4.4647540930000105],[104.922099323,-4.463221971999985],[104.916086313,-4.46087928999998],[104.90150581400002,-4.452990473],[104.90058627399998,-4.450219808999975],[104.89664866700002,-4.448076410999988],[104.88409958400001,-4.4435768399999915],[104.87963809399997,-4.43932950300001]]]},"properties":{"NAMOBJ":"Bumi Mulya","WADMKC":"Pakuan Ratu","KDCPUM":"18.08.06"}},{"type":"Feature","geometry":{"type":"Polygon","coordinates":[[[104.47939332200002,-4.2998473179999905],[104.478864364,-4.300691594],[104.47977796599997,-4.301610288000006],[104.47844866000003,-4.301857503000008],[104.478735169,-4.303110611000022],[104.47806759500003,-4.3040421979999905],[104.47887655199997,-4.304569635000007],[104.47591324199999,-4.30689950499999],[104.47564396899998,-4.308301577999998],[104.473417816,-4.309599756000011],[104.47213198600002,-4.311832450999987],[104.469304932,-4.311250015999974],[104.46949397999998,-4.312561850999998],[104.46829317499999,-4.312151742000026],[104.468026598,-4.313138953000021],[104.46628858499997,-4.313845162000007],[104.464043586,-4.313123983000025],[104.46268504900002,-4.311308440999994],[104.46044876899998,-4.311262998000018],[104.45957833199998,-4.309461160000012],[104.45980035399998,-4.3082586799999945],[104.45819108400002,-4.30773330400001],[104.45705692000001,-4.306061751000016],[104.45691638699998,-4.304963859999987],[104.45772162899999,-4.304810250000003],[104.456966239,-4.303552587000013],[104.45741178999998,-4.303095219999989],[104.45568916000002,-4.3004337520000036],[104.45442806900002,-4.300974267000015],[104.45187967700002,-4.300228179999976],[104.44978870199998,-4.2984586910000075],[104.44680864200001,-4.300029968999979],[104.44691572900001,-4.300624856000013],[104.44632110499998,-4.300235871999973],[104.44583304100001,-4.301158907999991],[104.44471735399998,-4.301076550999994],[104.445132677,-4.301626096000007],[104.44356702200002,-4.3018643949999955],[104.44358093699998,-4.317035498999985],[104.44469836100001,-4.321720228000004],[104.44418615699999,-4.324720169999978],[104.44774448800001,-4.3270820430000185],[104.45095676099999,-4.327496069000006],[104.45374073099998,-4.329223558000024],[104.45886418600003,-4.33048181700002],[104.46789661899999,-4.329234978999978],[104.47208685099997,-4.326429594999979],[104.48119820400001,-4.32710774100002],[104.48505293,-4.324157207999974],[104.48269726400002,-4.320825964999983],[104.48138856100002,-4.3153769979999765],[104.48276864799999,-4.313663786000006],[104.48317315600002,-4.311546066000005],[104.481483739,-4.306906116999983],[104.48038918700001,-4.300933670000006],[104.47939332200002,-4.2998473179999905]]]},"properties":{"NAMOBJ":"Pisang Indah","WADMKC":"Bumi Agung","KDCPUM":"18.08.14"}},{"type":"Feature","geometry":{"type":"Polygon","coordinates":[[[104.48317315600002,-4.311546066000005],[104.48709536299998,-4.314644783000006],[104.48808652600002,-4.318142841999986],[104.51344558800002,-4.3123887130000185],[104.51298353200002,-4.311299927999983],[104.51364977999998,-4.308979953000005],[104.51241246199999,-4.305601119000016],[104.51417326199999,-4.304577950000009],[104.51261471499998,-4.301841570000022],[104.51385203500001,-4.297760794999988],[104.51047530900001,-4.294419017999985],[104.511465166,-4.291696913999999],[104.51452557699997,-4.290984286000025],[104.513583262,-4.287734219000015],[104.509462999,-4.281835285],[104.508732124,-4.2818585080000275],[104.50806270999999,-4.283990792999987],[104.507126056,-4.283394824000027],[104.50688155900002,-4.284843404000014],[104.50533398699997,-4.285141850000002],[104.50607158600002,-4.285992514999975],[104.50427574399998,-4.28742734299999],[104.504689009,-4.2887988389999805],[104.50380157400002,-4.288970670000026],[104.502632731,-4.290921377000018],[104.50150214899998,-4.291516457],[104.50114058899999,-4.293378001000008],[104.50001736899998,-4.293884064999986],[104.49907115600001,-4.292823840999972],[104.498010201,-4.294026142000007],[104.49841829799999,-4.292782504999991],[104.49780095099999,-4.292141997999977],[104.497923136,-4.290722444999972],[104.49575865100002,-4.291281345000016],[104.49517656,-4.292520224999976],[104.496061451,-4.293581887000016],[104.49403154800001,-4.294341530999986],[104.49233598900003,-4.298108312000011],[104.491375205,-4.2979280819999985],[104.491488178,-4.296983969999985],[104.49055530099997,-4.296210164000001],[104.490895422,-4.297735424999985],[104.48954982499998,-4.29857410599999],[104.48815148400001,-4.297880065000015],[104.487815952,-4.296686523000005],[104.48952031300001,-4.296675536000009],[104.48928107500001,-4.295617295],[104.48725020400002,-4.294921461999991],[104.48647735700001,-4.295743453],[104.48638767699998,-4.293327793000003],[104.48552830599999,-4.294427369999994],[104.48474998400002,-4.293242340000006],[104.48534329699999,-4.29164646800001],[104.48403343799998,-4.291329926000003],[104.48421558899997,-4.292709278000018],[104.48294139900003,-4.292871866999974],[104.482107832,-4.293932566000024],[104.483009869,-4.2954006909999976],[104.48184714199999,-4.295597213000008],[104.481695549,-4.296787204999987],[104.47990177499997,-4.296386754000025],[104.480478446,-4.297432281999988],[104.47951688400002,-4.29820726600002],[104.477308645,-4.29634564600002],[104.47939332200002,-4.2998473179999905],[104.48038918700001,-4.300933670000006],[104.481483739,-4.306906116999983],[104.48317315600002,-4.311546066000005]]]},"properties":{"NAMOBJ":"Nuar Maju","WADMKC":"Buay Bahuga","KDCPUM":"18.08.13"}},{"type":"Feature","geometry":{"type":"Polygon","coordinates":[[[104.44418615699999,-4.324720169999978],[104.44469836100001,-4.321720228000004],[104.44358093699998,-4.317035498999985],[104.44356702200002,-4.3018643949999955],[104.44250354299999,-4.302343188999998],[104.44325090299998,-4.302497914000014],[104.44259058900002,-4.303280891999975],[104.44142163200002,-4.302988803999995],[104.44127325,-4.3035799030000135],[104.439262655,-4.303700739000021],[104.43870806400002,-4.304343960999972],[104.43833758900001,-4.303545120000024],[104.43767211,-4.305059061999998],[104.434855395,-4.306505586000014],[104.43452420400001,-4.308626231999995],[104.435953885,-4.310598109000011],[104.43513005699998,-4.312296946000004],[104.43608948600001,-4.314626383000018],[104.43536918400002,-4.315953890000003],[104.43417410199999,-4.316813000000025],[104.43356342099997,-4.316062809000016],[104.433020059,-4.3172553279999875],[104.43161734699999,-4.317114484000001],[104.43087638200001,-4.317979935999972],[104.42829071599999,-4.317761447999999],[104.42799582999999,-4.318477460999986],[104.426318541,-4.3189953820000255],[104.42586713899999,-4.3202834749999965],[104.42502764300002,-4.32009096500002],[104.42402851499997,-4.322906622000005],[104.42253134600003,-4.323085178999975],[104.42360691300001,-4.324593670000013],[104.42286679799997,-4.324992095000027],[104.42197977299998,-4.323999469],[104.42050477700002,-4.324970945000018],[104.424318444,-4.331291564000026],[104.425782073,-4.340842328000008],[104.43066410300003,-4.3403700640000125],[104.437744764,-4.342197582999972],[104.43881375699999,-4.33614652],[104.441852928,-4.333830337999984],[104.44418615699999,-4.324720169999978]]]},"properties":{"NAMOBJ":"Srinumpi","WADMKC":"Bumi Agung","KDCPUM":"18.08.14"}}]}