{"type":"FeatureCollection", "features": [
{"type":"Feature","geometry":{"type":"Polygon","coordinates":[[[104.604804151,-4.391668336000009],[104.60403770200003,-4.390794835000008],[104.60519051400001,-4.390213464999988],[104.60261836400002,-4.389107579999973],[104.60177363100001,-4.385523669000008],[104.59707760700002,-4.381279140000004],[104.59337138799998,-4.3799218849999875],[104.584572509,-4.381167247999997],[104.582669275,-4.383576527999992],[104.581118135,-4.384415864000005],[104.58027406600002,-4.386865091000004],[104.57851864000003,-4.387537146],[104.57236243300002,-4.3890359609999905],[104.56323011799998,-4.38958476900001],[104.545728887,-4.388336944999992],[104.54578791300003,-4.387636975000021],[104.54396589599997,-4.387371261999988],[104.54014886200002,-4.385107260999973],[104.53909239900003,-4.385630084000013],[104.53902667099999,-4.387880886999994],[104.53682375699998,-4.387646228999984],[104.53519041599998,-4.38531962899998],[104.52183131999999,-4.383557256000017],[104.51899366399999,-4.380251132000012],[104.51753348099999,-4.3815685280000025],[104.51402828800002,-4.377886971999999],[104.511692369,-4.376401450000003],[104.50785612099997,-4.371946940999976],[104.49608769299999,-4.362225163000005],[104.49375909399998,-4.356109305000018],[104.49651903400002,-4.352627064999979],[104.49428050400002,-4.353375958000015],[104.49228190999997,-4.355738233000011],[104.491504437,-4.3594776140000135],[104.49118719799998,-4.367208764999987],[104.49198098900001,-4.370875110999975],[104.491636761,-4.3776530709999975],[104.49252699800002,-4.380118492999998],[104.49123215399999,-4.3828162259999885],[104.49173319599998,-4.385875236999993],[104.49512886299999,-4.387617197999987],[104.49638342100002,-4.391652340000007],[104.49496367,-4.3916131839999935],[104.495080723,-4.392194343000028],[104.49436512699998,-4.392579653999974],[104.49497561499999,-4.393256403999999],[104.49400911599997,-4.393716384000015],[104.495187069,-4.399890124000024],[104.49412305300001,-4.4018174110000245],[104.49392151299998,-4.404171743000006],[104.49032891299998,-4.407961693000004],[104.48980637400001,-4.409851564999997],[104.48818847299998,-4.410293953000007],[104.48782929700002,-4.412447887999974],[104.48631264300002,-4.412446838999983],[104.48348090299999,-4.410635361999994],[104.48169669700002,-4.407096673000012],[104.48108825100002,-4.408151401999987],[104.47896682099997,-4.408508535999999],[104.47679251800002,-4.41014967000001],[104.47834238399997,-4.4140871860000175],[104.478153399,-4.41523196899999],[104.475012951,-4.415157523999994],[104.46580461299999,-4.4085772170000155],[104.46029015699997,-4.406849890999979],[104.456750349,-4.404932492],[104.45226756400001,-4.404474431999972],[104.44568232,-4.396544086999995],[104.42822660600001,-4.38315135900001],[104.42752110700002,-4.384018217999994],[104.42741035400002,-4.386608894000005],[104.42360527300002,-4.389620488999981],[104.423394852,-4.391071248999992],[104.42247233400002,-4.391845778000004],[104.42299041299998,-4.392151183999999],[104.422578338,-4.393278253999995],[104.42325519299999,-4.393078033999984],[104.422903147,-4.393846904999975],[104.4234659,-4.394086209000022],[104.42299038499999,-4.395153370000003],[104.423576921,-4.394960930000025],[104.42284676600002,-4.3958491750000235],[104.42344096099998,-4.3963862900000095],[104.42211120500002,-4.399655450000012],[104.42266929599998,-4.400146366999991],[104.42150389300002,-4.401222335],[104.420610452,-4.401241079999977],[104.42093385300001,-4.403875718999984],[104.41942529800002,-4.4053594850000195],[104.419752351,-4.406917209000028],[104.41831701400002,-4.408415575999982],[104.41844492199999,-4.410026906999974],[104.41740891699999,-4.412219771000025],[104.41644115600002,-4.411873703000026],[104.41693747199997,-4.412810169000011],[104.41608580799999,-4.413501122000014],[104.41589596699998,-4.414820019999979],[104.414618932,-4.416000207000025],[104.414610283,-4.416971473999979],[104.41357532799998,-4.416774008000004],[104.41334255999999,-4.417556402000002],[104.41233780599998,-4.417028386000027],[104.41204198499997,-4.418629854000017],[104.41127611600001,-4.419168367999987],[104.41180564400003,-4.420466309000005],[104.41048297399999,-4.420945027000016],[104.41097606400001,-4.421694381999998],[104.410731172,-4.423335280000003],[104.41236208700002,-4.423553329000015],[104.41257623799999,-4.4230536420000135],[104.41314730900001,-4.423667543000022],[104.41264762200001,-4.425195158000008],[104.414703476,-4.423924523999972],[104.41559577499999,-4.424338551000005],[104.415643365,-4.423707992999994],[104.41644302399999,-4.426346566999996],[104.41785718800003,-4.424701825],[104.41810606500002,-4.426640759999998],[104.418785506,-4.426892613999996],[104.41925133299998,-4.4258518030000005],[104.42043038600002,-4.427611956000021],[104.42053889699997,-4.426068229000009],[104.42164708199999,-4.426966661999984],[104.42279223499997,-4.426321309000002],[104.424452127,-4.426727309],[104.42530819500001,-4.4298682589999885],[104.424773459,-4.430595471000004],[104.42290429500002,-4.430019571999992],[104.42250342099999,-4.431357628000001],[104.41912248599999,-4.430612990999975],[104.41763863699998,-4.4315845840000065],[104.417548275,-4.432781266000006],[104.419604666,-4.433321423999985],[104.419603639,-4.43463785199998],[104.418619433,-4.438339832999986],[104.41605690300003,-4.440032410000015],[104.41531173499999,-4.441467923000005],[104.41539595699999,-4.443535978],[104.41758363100001,-4.445476450000001],[104.41702458399999,-4.446768501000008],[104.41441924100002,-4.448274341000001],[104.41444695000001,-4.449423244999991],[104.41569076799999,-4.450727497000003],[104.41530859300002,-4.451505082999972],[104.413591956,-4.451001080000026],[104.41293716000001,-4.449720033999995],[104.411755648,-4.451047484000014],[104.410134331,-4.4506392900000264],[104.409227719,-4.451141199000006],[104.40876354800002,-4.453551380000022],[104.404826695,-4.454006318999973],[104.40554541699998,-4.457333865999999],[104.40182120200001,-4.459859574000006],[104.402012797,-4.461805645000027],[104.39944447699997,-4.461674297000002],[104.396352638,-4.463071954999975],[104.39652188000002,-4.466087899999991],[104.39405337900001,-4.466358721000006],[104.39455210400001,-4.46890102399999],[104.39616054499999,-4.470503599999972],[104.39600237100001,-4.471451292999973],[104.39389915599997,-4.473162817999992],[104.393411334,-4.478721542000017],[104.39137896099999,-4.47930386500002],[104.39132552900003,-4.480471845000011],[104.38915129100002,-4.483016705000011],[104.38969812099998,-4.485769437999977],[104.38909454399999,-4.488885257999982],[104.38575708500002,-4.492946598999993],[104.38441246299999,-4.4966637489999925],[104.384785787,-4.49940460800002],[104.38325318900002,-4.49975036699999],[104.38329906899997,-4.501910527999996],[104.38049579300002,-4.504496700000004],[104.38073274800001,-4.506315952000023],[104.37935754900002,-4.508057235000024],[104.38048216800001,-4.509321956000008],[104.37774391200003,-4.510936732000005],[104.37810657400001,-4.5135650889999965],[104.37728948699998,-4.515421268000011],[104.37855646399998,-4.518497583999988],[104.37710612400002,-4.518821851999974],[104.378086129,-4.521876780000014],[104.37579490000002,-4.523799167999982],[104.37742353599998,-4.526955181000005],[104.37777927299999,-4.5293106749999765],[104.376710016,-4.534390816999974],[104.37524988899997,-4.534963990999984],[104.37301494100001,-4.534620265000001],[104.37387169200002,-4.536775141000021],[104.37232458199998,-4.538640711000028],[104.371176832,-4.542028878999986],[104.36789878299999,-4.543174881000027],[104.367210924,-4.54428006400002],[104.36788156900002,-4.54650658700001],[104.36640201699998,-4.552895868999997],[104.364360912,-4.552300487000025],[104.363595568,-4.554712431999974],[104.36187901800002,-4.553906702999996],[104.36118998400002,-4.556318712999996],[104.35829845900003,-4.558228720999978],[104.359670204,-4.560565973999985],[104.361405923,-4.561285562000023],[104.36139594299999,-4.56178339500002],[104.35985952800002,-4.562241573999984],[104.35945676900002,-4.564567669999974],[104.35771057699998,-4.564891621000015],[104.35904463499998,-4.566702279000026],[104.35693549000001,-4.567485449000003],[104.35525674000002,-4.56706269],[104.35485462000003,-4.568651593000027],[104.35554046700003,-4.56984894499999],[104.35274439300002,-4.572364354000001],[104.35910973699998,-4.575713947999986],[104.36032364200003,-4.575538165000012],[104.36191005400002,-4.573828144000004],[104.366326517,-4.572297741999989],[104.36792811200002,-4.572567511999978],[104.37046473200002,-4.5706765049999944],[104.371145501,-4.571673179000015],[104.37185787099997,-4.56986047700002],[104.37371771199997,-4.569002362999981],[104.37569682899999,-4.568753834000006],[104.376991928,-4.57002098800001],[104.37778944600001,-4.569772629999989],[104.37805914799998,-4.567062175999979],[104.38422425599998,-4.567578074999972],[104.38490768000003,-4.566601669000022],[104.38591242899997,-4.566842436999991],[104.387388214,-4.565254459000016],[104.39080357300003,-4.565026073000013],[104.39157373400002,-4.5633393150000074],[104.39317107099998,-4.562332391999973],[104.39184582799999,-4.5616939189999925],[104.39258075200001,-4.559247878999997],[104.39994747600002,-4.558374178000008],[104.40167470799997,-4.5574574249999955],[104.401141902,-4.5596859400000085],[104.39959337099998,-4.560072504999994],[104.39999286800003,-4.560759802000007],[104.39844274699999,-4.563030712999989],[104.39824316400001,-4.564544434000027],[104.39934803599999,-4.566019899000025],[104.40138968899998,-4.566770635000012],[104.40045574200002,-4.568439103999992],[104.40101338400001,-4.570394181999973],[104.40060247299999,-4.571175670999992],[104.40136177300002,-4.572004218000018],[104.40054351499998,-4.573725803000002],[104.40085110799998,-4.575180197999998],[104.40274579499999,-4.575753142999986],[104.40386918500002,-4.577450682000006],[104.40358171100002,-4.5789631289999875],[104.40723921699998,-4.58293818300001],[104.410440209,-4.5826319290000015],[104.41148679700001,-4.580908395999984],[104.41250467499998,-4.580390299999976],[104.41355414999998,-4.580858773999978],[104.41401432499998,-4.582183380000004],[104.416421845,-4.578913213000021],[104.420200056,-4.578343442000005],[104.42203098599998,-4.576364113000011],[104.42509809299997,-4.574879373999977],[104.42545089100003,-4.575351666000017],[104.42391740199997,-4.576979613999981],[104.42707997299999,-4.5791464509999855],[104.42875771500002,-4.578704832000028],[104.426649903,-4.577511397000023],[104.42632900000001,-4.5761997089999795],[104.43005391700001,-4.575665327000024],[104.42956337800001,-4.57886014799999],[104.43185265400001,-4.579305863999991],[104.43565858800002,-4.577156654000021],[104.44039516700002,-4.576471923999975],[104.44113986899998,-4.575783041000022],[104.44125584,-4.574532868000006],[104.44895997999998,-4.576787266999986],[104.45020191399999,-4.578101576999984],[104.45256729699997,-4.577226123000003],[104.45214223099998,-4.578629986999999],[104.45349688200002,-4.578920831000005],[104.45807678400001,-4.575786349999987],[104.45922229799999,-4.576192575999983],[104.46135377799999,-4.572952054999973],[104.462960178,-4.574103069999978],[104.46855027800001,-4.571880393000015],[104.47074317200003,-4.571690251999996],[104.47013878000001,-4.571002779000025],[104.471204161,-4.568647037000005],[104.49624950499998,-4.567332469999997],[104.497873927,-4.568684341999983],[104.50072794800002,-4.569174368000006],[104.50148176099998,-4.568138826999984],[104.50487404299997,-4.567431917000022],[104.50722566399998,-4.567920897000022],[104.50916730400002,-4.567155662999994],[104.51005056000002,-4.567738154999972],[104.53382380400001,-4.564926467000021],[104.53262418499997,-4.570137461000002],[104.53350880300002,-4.5700378650000175],[104.53467407,-4.568040015000008],[104.535196058,-4.568614803999992],[104.53813094499998,-4.566907710999999],[104.54044817599998,-4.567241631000002],[104.54168121800001,-4.567947195999977],[104.54246812399998,-4.570009275000018],[104.54577309799998,-4.571476227000005],[104.55085760600002,-4.575576088999981],[104.55212658800002,-4.575509865000015],[104.55930776899999,-4.58065302],[104.56075615200001,-4.578841004000026],[104.56324982699999,-4.580499487999987],[104.56328529199999,-4.5811362869999925],[104.56451261000001,-4.581420182999977],[104.56523707000002,-4.58303491800001],[104.56949741,-4.58306546],[104.56737117,-4.584932935999973],[104.565548277,-4.585073415000011],[104.56495543900002,-4.586429415999987],[104.56609089199998,-4.586846213000001],[104.56729014000001,-4.585475643999985],[104.56974574399999,-4.585608894000018],[104.57145895600001,-4.582334754999977],[104.573362525,-4.581002257000023],[104.57353384499999,-4.5802217940000105],[104.575018629,-4.579745902000013],[104.57545644999999,-4.577994617999991],[104.57680798500002,-4.576814405999983],[104.57697930500001,-4.574187481000024],[104.57802626799997,-4.5717699479999965],[104.57882576700001,-4.5716557339999895],[104.57954912299999,-4.567505954000012],[104.58181437000002,-4.563698816999988],[104.58365057200001,-4.5582464209999785],[104.60318840000002,-4.5635487480000165],[104.60158620700003,-4.557984862000012],[104.59568388999998,-4.5522972539999955],[104.60146007600002,-4.540896786000019],[104.59831645899999,-4.530306857000028],[104.59995828699999,-4.526696024999978],[104.60186185499998,-4.525417064999999],[104.60254595100002,-4.5231268339999815],[104.60631263800002,-4.521860962000005],[104.60728345799998,-4.519291142999975],[104.612358846,-4.518356014999995],[104.61462308,-4.51920828599998],[104.61677040299998,-4.517478675999996],[104.618167379,-4.513430614000015],[104.61862728599999,-4.505351535999978],[104.62255955699999,-4.489220346000025],[104.62197823499997,-4.482016604000023],[104.626173,-4.471503322999979],[104.63076170800002,-4.45332584800002],[104.630112924,-4.44994039300002],[104.62584766999998,-4.444988946000024],[104.62188517200002,-4.442038678000017],[104.62228424400001,-4.440023951000001],[104.61595938599999,-4.436581487000012],[104.61054098800003,-4.416953906999993],[104.61077679800002,-4.412526031000027],[104.61009017399999,-4.407459194000012],[104.608390514,-4.403328692000002],[104.60689084500001,-4.398440877999974],[104.60403038099997,-4.399611016999984],[104.60180304699998,-4.396389510000006],[104.60240636600003,-4.393003523000004],[104.604804151,-4.391668336000009]]]},"properties":{"NAMOBJ":"Blambangan Umpu","WADMKC":"Blambangan Umpu","WADMKK":"Way Kanan","KDCPUM":"18.08.01"}},
{"type":"Feature","geometry":{"type":"Polygon","coordinates":[[[104.47777021899998,-4.703358250000008],[104.47825042199997,-4.701543871000013],[104.48077116299999,-4.701085196000008],[104.47987627200001,-4.699289275000012],[104.48179076600002,-4.698785266000016],[104.48220500600002,-4.700487205999991],[104.48335598699998,-4.699513235999973],[104.48408687699998,-4.695435234999991],[104.48317095200002,-4.690456400000016],[104.48084227800001,-4.68912926500002],[104.479187094,-4.6902645440000015],[104.47820089999999,-4.68832506199999],[104.47487459299998,-4.687603168999999],[104.46242113599999,-4.686300394],[104.46651847300001,-4.683707934999973],[104.46736802599997,-4.6821642460000135],[104.46690339399998,-4.676109519000022],[104.46309860100001,-4.675728839999977],[104.46216101700003,-4.674915091999992],[104.46216795800001,-4.673514821000026],[104.46112068299999,-4.672758756999997],[104.453360341,-4.670811397000023],[104.448559945,-4.661945646999982],[104.44823885199997,-4.658594180000023],[104.45052109800002,-4.657898799999998],[104.45083635999998,-4.655949054000018],[104.45218539000001,-4.655913295999994],[104.451611979,-4.656787905999977],[104.45211382999997,-4.657394608999994],[104.45475324199998,-4.655353325000021],[104.45559921699999,-4.656812489999993],[104.45655179599999,-4.6568207070000085],[104.457523208,-4.655170993000013],[104.45896640500001,-4.655115357999989],[104.45977121099997,-4.656223995999994],[104.46021442,-4.656004918000008],[104.45999174899998,-4.654213088000006],[104.45871555000002,-4.652314370999989],[104.45878097399998,-4.6508098560000235],[104.44756280799999,-4.651537804999975],[104.44067238500003,-4.648510438000017],[104.43898161800001,-4.645605384000021],[104.43842602299998,-4.6466194920000135],[104.437383297,-4.6465399460000185],[104.43642733399997,-4.647258793999981],[104.43631904900002,-4.648591536000026],[104.434815549,-4.648687327000005],[104.434080209,-4.651023362999979],[104.430537862,-4.651579378000008],[104.43054993999999,-4.652468150999994],[104.43163196199998,-4.651851756999974],[104.43169026800001,-4.6526805569999965],[104.43074485400001,-4.653575992000015],[104.432077596,-4.654358145999993],[104.43035660999999,-4.654747244000021],[104.42848080099998,-4.656867988999977],[104.427354487,-4.656523015000005],[104.42643874800001,-4.656988710999997],[104.426597109,-4.657931560000009],[104.42543096000003,-4.659451720999982],[104.42537920400002,-4.660761863999994],[104.426676832,-4.661226103999979],[104.425864392,-4.662054187000024],[104.42626468899999,-4.662891844000001],[104.42577339600001,-4.663874554000017],[104.41785223199997,-4.664350548000016],[104.412855364,-4.665778223000018],[104.41299325300002,-4.667524591000017],[104.41215340100001,-4.667458017999991],[104.411670313,-4.668501853999999],[104.410809938,-4.667895008000016],[104.41111422900002,-4.66697093800002],[104.41050608299997,-4.666864162000024],[104.40822346700003,-4.668134983000016],[104.408894175,-4.669148988000018],[104.40707323999999,-4.668440995000026],[104.40615027899997,-4.67013902299999],[104.40529872600001,-4.669816699000023],[104.40524627799999,-4.668858487000023],[104.40427256599997,-4.67004883200002],[104.40463237400002,-4.67058695999998],[104.40379815400001,-4.670622311999978],[104.40299988499999,-4.672299735000024],[104.40118933600002,-4.673432432000027],[104.39828895900001,-4.674003079999977],[104.39852249400002,-4.675248656000008],[104.40510303000002,-4.678686280000022],[104.40124435199999,-4.680120917000011],[104.39941623700003,-4.683235344000025],[104.38809869800002,-4.685225483000011],[104.38002415199998,-4.685922472000016],[104.37690741900002,-4.6853279840000255],[104.37240558600001,-4.687111232000007],[104.37142562700001,-4.6881467559999805],[104.368231891,-4.690491599999973],[104.36863384700001,-4.693825756000024],[104.36724064499998,-4.696605465999994],[104.36455141599998,-4.699022710999998],[104.36700736300003,-4.702531049000015],[104.36933635999998,-4.703312294999989],[104.37191863599998,-4.704017995000015],[104.374643719,-4.702408091999985],[104.377121192,-4.703460598999982],[104.37976413199999,-4.703512064999984],[104.379502908,-4.708413371000006],[104.37736427300001,-4.7102448919999915],[104.37594445299999,-4.712558135999984],[104.37604346299997,-4.71373063499999],[104.37414638299998,-4.713516797000011],[104.374193343,-4.715893864000009],[104.37326193299998,-4.716679054999986],[104.37380690100002,-4.717374654000025],[104.37205304999998,-4.717420424000011],[104.37318064499999,-4.718902581999998],[104.37284215800003,-4.719532992999973],[104.37198364900001,-4.719026508000013],[104.37168601100001,-4.720410780000009],[104.372235865,-4.72196059700002],[104.37103404499999,-4.724588465000011],[104.37174139000001,-4.731466106000028],[104.385827528,-4.7217347409999775],[104.38597228100002,-4.742884505000006],[104.39504421700002,-4.749067680999985],[104.39837947299998,-4.754570602999991],[104.40429181100001,-4.752053541999999],[104.40628405199999,-4.7550567860000115],[104.412817335,-4.757377351999992],[104.41419808299997,-4.7646845869999765],[104.41301918900001,-4.769110730000023],[104.41746330799998,-4.772118933000002],[104.42331392099999,-4.7786338089999845],[104.42976097899998,-4.783221953999998],[104.43273355000002,-4.776355115000001],[104.43383939799998,-4.779722825000022],[104.437745065,-4.780305682000005],[104.442596547,-4.778790024999978],[104.44400816500001,-4.776666175999992],[104.44926017900002,-4.772769046999997],[104.453774985,-4.771147570999972],[104.457726633,-4.772238931999993],[104.45843842699998,-4.774464156000022],[104.45934563600002,-4.774634289000005],[104.46363243399998,-4.773366959999976],[104.47054866899998,-4.772856350999973],[104.470911575,-4.769509839000023],[104.473750032,-4.76819303000002],[104.47562283000002,-4.768719754000017],[104.47623734199999,-4.767637042999979],[104.47635439200002,-4.766671382000027],[104.47439380700001,-4.764330385999983],[104.47515463100001,-4.762838000999977],[104.47380855799997,-4.761345616000028],[104.47692500900001,-4.757531744000005],[104.476030487,-4.754532955999991],[104.480488944,-4.7566950390000216],[104.47954179300001,-4.758921874000009],[104.47864071200001,-4.764795826000011],[104.48835237600002,-4.7668691009999975],[104.48837141199999,-4.763185694000015],[104.490135367,-4.761538929999972],[104.489834304,-4.76049642800001],[104.49030424799997,-4.760353662],[104.48903718499997,-4.7584381949999965],[104.49035013700001,-4.758149909999986],[104.49051907400002,-4.755782682000017],[104.49154095099999,-4.756200779999972],[104.49181917599998,-4.755739414000004],[104.49024489499999,-4.753919149000012],[104.48923537399997,-4.751341849000028],[104.48933055200001,-4.748272343999986],[104.489782537,-4.748159838999982],[104.48832021200002,-4.746949997999991],[104.48890199200002,-4.745278427000017],[104.486265548,-4.743826956000021],[104.48813304499998,-4.742348042000003],[104.48740635799999,-4.742338761999974],[104.48762710199998,-4.741060247000007],[104.48667877899999,-4.7397810150000055],[104.487754601,-4.739682737999999],[104.48763942900001,-4.737849255000015],[104.49035201599997,-4.736445372999981],[104.489733355,-4.734874929],[104.488710185,-4.734446626000022],[104.49001888800001,-4.73285238699998],[104.48997130100003,-4.73123435399998],[104.48885295500003,-4.729402169000025],[104.488091527,-4.729973239000003],[104.48733818800002,-4.728271915999983],[104.484978017,-4.728879190999976],[104.48316128300002,-4.728075305999994],[104.48324692400001,-4.726732688000027],[104.48068978399999,-4.724030206999998],[104.48184541199998,-4.718794935999995],[104.47984282300001,-4.71715672800002],[104.481282739,-4.716535611999973],[104.48136029900002,-4.715895715999977],[104.479605692,-4.714154780000001],[104.479272922,-4.712065236000001],[104.479870286,-4.710787548999974],[104.479390223,-4.70876795800001],[104.47726247700001,-4.706264825000005],[104.47825703299998,-4.704203162999988],[104.47777021899998,-4.703358250000008]]]},"properties":{"NAMOBJ":"Kasui","WADMKC":"Kasui","WADMKK":"Way Kanan","KDCPUM":"18.08.02"}},
{"type":"Feature","geometry":{"type":"Polygon","coordinates":[[[104.37142562700001,-4.6881467559999805],[104.37108454000003,-4.687102438000011],[104.37157013400002,-4.686478102000024],[104.370460203,-4.683450457999982],[104.36879530800002,-4.680792790999988],[104.36767451499998,-4.681266823999977],[104.36548633899997,-4.6848967660000085],[104.364063042,-4.685195549000014],[104.36380772199999,-4.68629181],[104.36196558799998,-4.685922405999975],[104.361052943,-4.687823751999986],[104.35911900100001,-4.688589723000007],[104.35907010900002,-4.690556258000015],[104.35612030700003,-4.691640569000015],[104.35501861300003,-4.694998888999976],[104.35270983499998,-4.698512575999985],[104.35357359,-4.699901103000002],[104.352101403,-4.700172724000026],[104.35327480699999,-4.701421093000022],[104.352666376,-4.703262682999991],[104.35158532399998,-4.70317576399998],[104.34883054599999,-4.7056464269999765],[104.34816779099998,-4.705423698999994],[104.34616431400002,-4.7091470770000114],[104.345018074,-4.708533213999999],[104.34302709299999,-4.709323086999973],[104.34353774200002,-4.710262897000007],[104.342804365,-4.710175977000006],[104.34214704300001,-4.711316785000008],[104.34190801699998,-4.710751813000002],[104.34092474900001,-4.7112298659999965],[104.34055643099998,-4.712619478000022],[104.33936129799997,-4.713054070999988],[104.33907338,-4.715018434000001],[104.33603394400001,-4.717097963000015],[104.33475297899997,-4.719508870000027],[104.332759281,-4.719644679999988],[104.331553283,-4.721891528000015],[104.328675191,-4.722103392999998],[104.32613010300003,-4.723816777000025],[104.326418021,-4.724832638999999],[104.32563575199998,-4.726272230000006],[104.32665704800002,-4.726348283999982],[104.32622788700002,-4.728094262000013],[104.32683088499999,-4.729304604999982],[104.32623875000002,-4.730564926],[104.327537098,-4.732039283000006],[104.32733610000002,-4.734721811999975],[104.328150962,-4.735715943999992],[104.32724374899999,-4.7381583590000105],[104.32834109599997,-4.739948884],[104.327526234,-4.74065509899998],[104.32419616200002,-4.740312856000003],[104.323680083,-4.740796341000021],[104.32360511500002,-4.742891080999982],[104.32430589699999,-4.743955835000008],[104.32289346900001,-4.744714199999976],[104.32270333399998,-4.75073549199999],[104.32148701599999,-4.754428448999988],[104.32209272900002,-4.755963651000002],[104.32310859299997,-4.756349351999972],[104.32486246799999,-4.760119081000028],[104.32858429499998,-4.761414085000013],[104.33000691500001,-4.7624915110000074],[104.33024750599998,-4.76394551300001],[104.332820776,-4.766108734999989],[104.33090651499998,-4.767855628999996],[104.33164920600001,-4.768713385000012],[104.32883534500002,-4.769746877999978],[104.323701358,-4.774504288999992],[104.31328303499998,-4.776512674000003],[104.31133746900002,-4.77857622099998],[104.31252739500002,-4.778764704000025],[104.31327752599998,-4.77995482],[104.31246720500002,-4.7812787089999915],[104.31372414700002,-4.7814632419999725],[104.31435047600002,-4.783188215999985],[104.31533264299998,-4.783458336000024],[104.31412152600001,-4.784557059000008],[104.31521083299998,-4.786075821999987],[104.31659586400002,-4.7861821490000125],[104.31686622000001,-4.787337977999982],[104.31806201699999,-4.787125204999995],[104.31797399999999,-4.789034548000018],[104.31963377699998,-4.791770584999995],[104.322199705,-4.793848135000019],[104.32186366399998,-4.795243244999995],[104.323649719,-4.795747542000015],[104.32303391300002,-4.797141644000021],[104.32402318499999,-4.798024006999981],[104.32424226299997,-4.799255329000005],[104.32527574300002,-4.798962526000025],[104.32626514499998,-4.799901669999997],[104.32641725399998,-4.801187943000002],[104.32820699500002,-4.8013645039999915],[104.32681257500002,-4.804369397000016],[104.32720587199998,-4.805966477000027],[104.32628655100001,-4.806876932000023],[104.32666391999999,-4.808099129000027],[104.32811847400001,-4.808460778999972],[104.32831068500002,-4.8115709130000255],[104.33080052899999,-4.812501472000008],[104.33221114899999,-4.8140873749999855],[104.33313189299997,-4.814110186999983],[104.33273969499999,-4.81569073899999],[104.334236756,-4.815084019999972],[104.33515249499999,-4.816667589000019],[104.33368129500002,-4.816726613000014],[104.33351721000002,-4.817474842000024],[104.33494684099998,-4.818490279000002],[104.336244593,-4.818128817000002],[104.33819082000002,-4.82034308599998],[104.33820135399998,-4.821665062000022],[104.34732613199998,-4.824609243999987],[104.347694359,-4.823855878000018],[104.35067176000001,-4.823574430000008],[104.35099213299998,-4.8229824699999995],[104.35210876000002,-4.82371008299998],[104.35310082299998,-4.823316401],[104.35544626699999,-4.824746332000018],[104.35804623299998,-4.823682023999993],[104.359903938,-4.82431109800001],[104.364041923,-4.822548277999999],[104.36608422199998,-4.82322461199999],[104.369049415,-4.821730527],[104.36798562199999,-4.82448503400002],[104.36287689800002,-4.829173158000003],[104.361543746,-4.831529395000018],[104.36114093499998,-4.833862595000028],[104.358140993,-4.835440313999982],[104.35905954200001,-4.835972244000004],[104.35807326499997,-4.838009697000018],[104.35998461100002,-4.842017528999975],[104.358493705,-4.845477591000019],[104.356774551,-4.8461503710000216],[104.35379848500003,-4.849106012999982],[104.35395035099998,-4.8505009849999965],[104.34698488200002,-4.854088565999973],[104.344581506,-4.8593004489999885],[104.34273462300001,-4.860347279999985],[104.33944548900001,-4.864427486000011],[104.33948954800002,-4.867235779999987],[104.34155280700003,-4.868704603000026],[104.348046598,-4.869855109000014],[104.35001037199999,-4.873955444999979],[104.35145350900001,-4.874760384000012],[104.357655341,-4.871110269999974],[104.36296756799999,-4.869370618000005],[104.36559222099999,-4.869497100999979],[104.36690000599998,-4.870598910000012],[104.37261988199998,-4.869459337000023],[104.37352601999999,-4.871038539999972],[104.37447716700001,-4.870908057000008],[104.37562750699999,-4.869603960000006],[104.377992092,-4.869731592999983],[104.379051747,-4.868205702000012],[104.37992996700001,-4.868162493],[104.38438148799997,-4.8716106169999875],[104.38697533200002,-4.871336174000021],[104.39002993399998,-4.870101961999978],[104.394063001,-4.871433184000011],[104.40003449800002,-4.8692535810000095],[104.40182515100003,-4.867943551999986],[104.40489254599999,-4.867803567999999],[104.40621921600001,-4.865446871000017],[104.407859025,-4.865558661000023],[104.41183823,-4.864029859000027],[104.41312280900001,-4.864647767000008],[104.41454250499999,-4.868598234999979],[104.414284855,-4.870898574000023],[104.41861493699997,-4.875936032000027],[104.41868454500002,-4.879458209999996],[104.41800336900002,-4.881434276999983],[104.419264935,-4.88224044399999],[104.42010585600002,-4.885076529999992],[104.418820288,-4.888819545999979],[104.421681788,-4.894991001999983],[104.42145577999997,-4.89673630599998],[104.42254133799997,-4.902635942000018],[104.42589851999998,-4.906086421999987],[104.43008671000001,-4.9133061649999945],[104.43647595099998,-4.914521272000002],[104.439729796,-4.917020724999986],[104.44192284899998,-4.9199526269999865],[104.44237159800002,-4.921436772999982],[104.44081053899998,-4.922665043999984],[104.43971008099999,-4.925278918000004],[104.43815042799997,-4.926600040999972],[104.43780254799998,-4.9282110670000066],[104.43697308700001,-4.928968483000006],[104.43721699600002,-4.934405489000028],[104.43807738700002,-4.936022992000005],[104.4395854,-4.936809885000002],[104.44086557999998,-4.93853518200001],[104.44173590000003,-4.942532314999994],[104.44451239,-4.944166467000002],[104.448268627,-4.944520290000014],[104.44963910299998,-4.942608894999978],[104.45221694899999,-4.941628229000003],[104.456781707,-4.94089216399999],[104.46029316099998,-4.939565432999984],[104.46370463099998,-4.939349976000017],[104.463781116,-4.937611629999992],[104.46682187800002,-4.934075555999982],[104.46942683200001,-4.932933236999986],[104.47493837500002,-4.933301764000021],[104.478429033,-4.931758724000019],[104.48098704699999,-4.9325394389999815],[104.482437118,-4.93497874000002],[104.483900963,-4.93611053799998],[104.490985567,-4.935460405000015],[104.49341167,-4.936368210000012],[104.49518584700002,-4.9384238299999765],[104.499272959,-4.940713216000006],[104.50259061499997,-4.94091559200001],[104.50606753099999,-4.942804840000008],[104.50735586899998,-4.942371576000028],[104.50956999300001,-4.942924117000018],[104.510363617,-4.940173629000014],[104.51134019699998,-4.939791924000019],[104.51190111400001,-4.938064675000021],[104.51160163200001,-4.936101168999983],[104.51461007900002,-4.9299703809999755],[104.514352374,-4.928968021000003],[104.512352534,-4.9270677640000144],[104.51422706099999,-4.924636453000005],[104.51401004000002,-4.923111315000028],[104.51857174100002,-4.921996119000028],[104.51818241400002,-4.918619741999976],[104.51709159799998,-4.918357232000005],[104.517754889,-4.916304066000009],[104.51896534899998,-4.915331411000011],[104.51926118699998,-4.912811315999988],[104.52333329999999,-4.911111111000025],[104.5244444,-4.904999999999973],[104.52555560000002,-4.904999999999973],[104.52694439999999,-4.894444443999987],[104.53390319800002,-4.892743626000026],[104.53694439999998,-4.878611110999998],[104.53666670000001,-4.876388888999998],[104.54654525500001,-4.866415700999994],[104.54444439999997,-4.861666667000009],[104.54422612399998,-4.8586402650000196],[104.547565018,-4.850914773999989],[104.541919221,-4.849200790999987],[104.54157250899999,-4.8405731550000155],[104.533252904,-4.839585768000006],[104.52857726299999,-4.840323399999988],[104.52332690700001,-4.8401177480000115],[104.52701423799999,-4.830022880000001],[104.526694539,-4.8284943990000215],[104.52786501700001,-4.826616300000012],[104.52487374999998,-4.821934877999979],[104.522108376,-4.820858206000025],[104.52108961599998,-4.8177878060000126],[104.522901972,-4.8175236860000155],[104.52430578299999,-4.815195738],[104.52385399600001,-4.812950679999972],[104.52473990200002,-4.811956790000011],[104.52360977699999,-4.810735303999991],[104.523615812,-4.809661946999995],[104.52534805900001,-4.8079296980000095],[104.525390889,-4.806040407000012],[104.527161207,-4.806061822000004],[104.52808205899998,-4.803913168999998],[104.527796524,-4.802485491000027],[104.529872329,-4.802537985000015],[104.53089458199997,-4.801193445000024],[104.53287905299999,-4.802621122000005],[104.53276441600002,-4.800976062000018],[104.53374993599999,-4.798066832000018],[104.53518475099997,-4.7979954499999735],[104.535541669,-4.796717677999993],[104.53300040599999,-4.796018117000017],[104.53172263300002,-4.794369151000012],[104.533040755,-4.793278666999981],[104.53479406999998,-4.792891494000003],[104.52820982899999,-4.791795590999982],[104.52522161500002,-4.789183856000022],[104.52020609099998,-4.787344829999995],[104.51546011699998,-4.7870042729999795],[104.51406099399998,-4.784363068999994],[104.51183631399999,-4.7834467590000145],[104.509918444,-4.783780549000028],[104.50824198999999,-4.781908138999995],[104.50760321199999,-4.780047656000022],[104.50731563699998,-4.780441255000028],[104.50684217899999,-4.778408533000004],[104.50825557899998,-4.778265766000004],[104.50808801699998,-4.776136354000016],[104.506813625,-4.774710851000009],[104.507427527,-4.7734687729999905],[104.50625683200002,-4.770399267000016],[104.505057583,-4.770099454999979],[104.50541450200001,-4.7689715910000245],[104.504374294,-4.768168317999994],[104.50413751999997,-4.766364167000006],[104.505078615,-4.76361878900002],[104.503346368,-4.762857360999988],[104.504164903,-4.7616390759999945],[104.50340347399998,-4.7598497239999915],[104.50577970400002,-4.756889510999997],[104.50435559700003,-4.756532590999996],[104.50391658699999,-4.755729522000024],[104.50599232899998,-4.753891552000027],[104.505313806,-4.752642648999995],[104.50773649299998,-4.74933956000001],[104.507581829,-4.748221213000022],[104.50569610600002,-4.747953522999978],[104.505648517,-4.747156404999998],[104.50719516599997,-4.745871496000007],[104.50781051799999,-4.74698603500002],[104.50848600299997,-4.746962560999975],[104.510149141,-4.745487143999981],[104.51011477899999,-4.741751491000002],[104.51134020199999,-4.7414302650000195],[104.511946964,-4.739122187000021],[104.513796996,-4.737284052999996],[104.511089169,-4.7354066589999775],[104.511610271,-4.7329241670000215],[104.510211148,-4.732627923999985],[104.508176709,-4.733762926999987],[104.50712316300002,-4.729648044999976],[104.50505618800003,-4.730092735000028],[104.50614367999998,-4.728582650000021],[104.50463867299999,-4.727339379999989],[104.50623291199997,-4.726464928999974],[104.50386534699999,-4.7250313040000265],[104.504784739,-4.723941844000024],[104.50301710000002,-4.7202510700000175],[104.50444477799999,-4.718937607999976],[104.50457802699998,-4.717643181000028],[104.502312781,-4.709971800000005],[104.49874358900001,-4.7030237719999946],[104.49550752200003,-4.700787079000008],[104.49330156399998,-4.7000728119999735],[104.481652903,-4.7029608010000175],[104.47777021899998,-4.703358250000008],[104.47825703299998,-4.704203162999988],[104.47726247700001,-4.706264825000005],[104.479390223,-4.70876795800001],[104.479870286,-4.710787548999974],[104.479272922,-4.712065236000001],[104.479605692,-4.714154780000001],[104.48136029900002,-4.715895715999977],[104.481282739,-4.716535611999973],[104.47984282300001,-4.71715672800002],[104.48184541199998,-4.718794935999995],[104.48068978399999,-4.724030206999998],[104.48324692400001,-4.726732688000027],[104.48316128300002,-4.728075305999994],[104.484978017,-4.728879190999976],[104.48733818800002,-4.728271915999983],[104.488091527,-4.729973239000003],[104.48885295500003,-4.729402169000025],[104.48997130100003,-4.73123435399998],[104.49001888800001,-4.73285238699998],[104.488710185,-4.734446626000022],[104.489733355,-4.734874929],[104.49035201599997,-4.736445372999981],[104.48763942900001,-4.737849255000015],[104.487754601,-4.739682737999999],[104.48667877899999,-4.7397810150000055],[104.48762710199998,-4.741060247000007],[104.48740635799999,-4.742338761999974],[104.48813304499998,-4.742348042000003],[104.486265548,-4.743826956000021],[104.48890199200002,-4.745278427000017],[104.48832021200002,-4.746949997999991],[104.489782537,-4.748159838999982],[104.48933055200001,-4.748272343999986],[104.48923537399997,-4.751341849000028],[104.49024489499999,-4.753919149000012],[104.49181917599998,-4.755739414000004],[104.49154095099999,-4.756200779999972],[104.49051907400002,-4.755782682000017],[104.49035013700001,-4.758149909999986],[104.48903718499997,-4.7584381949999965],[104.49030424799997,-4.760353662],[104.489834304,-4.76049642800001],[104.490135367,-4.761538929999972],[104.48837141199999,-4.763185694000015],[104.48835237600002,-4.7668691009999975],[104.47864071200001,-4.764795826000011],[104.47954179300001,-4.758921874000009],[104.480488944,-4.7566950390000216],[104.476030487,-4.754532955999991],[104.47692500900001,-4.757531744000005],[104.47380855799997,-4.761345616000028],[104.47515463100001,-4.762838000999977],[104.47439380700001,-4.764330385999983],[104.47635439200002,-4.766671382000027],[104.47623734199999,-4.767637042999979],[104.47562283000002,-4.768719754000017],[104.473750032,-4.76819303000002],[104.470911575,-4.769509839000023],[104.47054866899998,-4.772856350999973],[104.46363243399998,-4.773366959999976],[104.45934563600002,-4.774634289000005],[104.45843842699998,-4.774464156000022],[104.457726633,-4.772238931999993],[104.453774985,-4.771147570999972],[104.44926017900002,-4.772769046999997],[104.44400816500001,-4.776666175999992],[104.442596547,-4.778790024999978],[104.437745065,-4.780305682000005],[104.43383939799998,-4.779722825000022],[104.43273355000002,-4.776355115000001],[104.42976097899998,-4.783221953999998],[104.42331392099999,-4.7786338089999845],[104.41746330799998,-4.772118933000002],[104.41301918900001,-4.769110730000023],[104.41419808299997,-4.7646845869999765],[104.412817335,-4.757377351999992],[104.40628405199999,-4.7550567860000115],[104.40429181100001,-4.752053541999999],[104.39837947299998,-4.754570602999991],[104.39504421700002,-4.749067680999985],[104.38597228100002,-4.742884505000006],[104.385827528,-4.7217347409999775],[104.37174139000001,-4.731466106000028],[104.37103404499999,-4.724588465000011],[104.372235865,-4.72196059700002],[104.37168601100001,-4.720410780000009],[104.37198364900001,-4.719026508000013],[104.37284215800003,-4.719532992999973],[104.37318064499999,-4.718902581999998],[104.37205304999998,-4.717420424000011],[104.37380690100002,-4.717374654000025],[104.37326193299998,-4.716679054999986],[104.374193343,-4.715893864000009],[104.37414638299998,-4.713516797000011],[104.37604346299997,-4.71373063499999],[104.37594445299999,-4.712558135999984],[104.37736427300001,-4.7102448919999915],[104.379502908,-4.708413371000006],[104.37976413199999,-4.703512064999984],[104.377121192,-4.703460598999982],[104.374643719,-4.702408091999985],[104.37191863599998,-4.704017995000015],[104.36933635999998,-4.703312294999989],[104.36700736300003,-4.702531049000015],[104.36455141599998,-4.699022710999998],[104.36724064499998,-4.696605465999994],[104.36863384700001,-4.693825756000024],[104.368231891,-4.690491599999973],[104.37142562700001,-4.6881467559999805]]]},"properties":{"NAMOBJ":"Banjit","WADMKC":"Banjit","WADMKK":"Way Kanan","KDCPUM":"18.08.03"}},
{"type":"Feature","geometry":{"type":"Polygon","coordinates":[[[104.57544732399998,-4.645903724999982],[104.57468207400001,-4.6455197729999895],[104.574474495,-4.6436048080000205],[104.572596718,-4.642317138999999],[104.57048973100001,-4.638329882999983],[104.56826137399997,-4.635874606000016],[104.56574205099997,-4.636881062999976],[104.564590511,-4.635528930000021],[104.564529392,-4.63410858200001],[104.562471383,-4.633385265000015],[104.55904898900002,-4.629546482000023],[104.557521544,-4.630806929000016],[104.55517635500001,-4.630027414999972],[104.55474694999998,-4.631533174000026],[104.55293439299999,-4.6309623679999845],[104.55270489999998,-4.631748899999991],[104.55114435799999,-4.630655144000002],[104.55063942700002,-4.632492969999987],[104.54871733800002,-4.633020540000018],[104.54833126199998,-4.634225829999991],[104.54571885899998,-4.634297987000025],[104.53887042600002,-4.637230104000025],[104.52924090200003,-4.638291709999976],[104.522232025,-4.640718090000007],[104.513207566,-4.641852840000013],[104.50887823800002,-4.643555225],[104.50834495200002,-4.651144337999995],[104.50616369300002,-4.655234866000001],[104.50063539400003,-4.655283208000014],[104.500239954,-4.65661830800002],[104.49880957800002,-4.657452913999975],[104.499686849,-4.659700167999972],[104.50112692599998,-4.661179025000024],[104.49993313499999,-4.6625307350000185],[104.49995048300002,-4.665135207999981],[104.499039461,-4.66526636399999],[104.49748421800001,-4.664209685000003],[104.497333459,-4.6672790549999945],[104.498688163,-4.66807894599998],[104.499072737,-4.670202856000003],[104.50286120499999,-4.669736482000019],[104.502362592,-4.671440858999972],[104.50324774400002,-4.675212493999993],[104.50237302900001,-4.677285819000019],[104.50492474700002,-4.679861220000021],[104.50755389400001,-4.681022865999978],[104.509469352,-4.683363740999994],[104.510026439,-4.68684065399998],[104.51166991600002,-4.688243811999996],[104.51131604599999,-4.6903419989999975],[104.51285134099999,-4.691827057000012],[104.51232538699998,-4.693444714999998],[104.51618281200001,-4.698445085000003],[104.51749929599998,-4.699001296000006],[104.51791688399999,-4.700812886999984],[104.51554102,-4.700565502000018],[104.51491214599997,-4.699215116000005],[104.51308064099999,-4.698266003000015],[104.51302241000002,-4.699673355000016],[104.50924409599997,-4.698923924999974],[104.50922827599999,-4.701078085999995],[104.50657642499999,-4.69969275699998],[104.50584861499999,-4.699967496999989],[104.506492568,-4.700207304999992],[104.50647997300001,-4.701152738000019],[104.505370637,-4.701175886999977],[104.50451247000001,-4.700241802999983],[104.50269943400002,-4.700180674000023],[104.50082659999998,-4.699171263999972],[104.49490750000001,-4.698464359000013],[104.49330156399998,-4.7000728119999735],[104.49550752200003,-4.700787079000008],[104.49874358900001,-4.7030237719999946],[104.502312781,-4.709971800000005],[104.50457802699998,-4.717643181000028],[104.50444477799999,-4.718937607999976],[104.50301710000002,-4.7202510700000175],[104.504784739,-4.723941844000024],[104.50386534699999,-4.7250313040000265],[104.50623291199997,-4.726464928999974],[104.50463867299999,-4.727339379999989],[104.50614367999998,-4.728582650000021],[104.50505618800003,-4.730092735000028],[104.50712316300002,-4.729648044999976],[104.508176709,-4.733762926999987],[104.510211148,-4.732627923999985],[104.511610271,-4.7329241670000215],[104.511089169,-4.7354066589999775],[104.513796996,-4.737284052999996],[104.511946964,-4.739122187000021],[104.51134020199999,-4.7414302650000195],[104.51011477899999,-4.741751491000002],[104.510149141,-4.745487143999981],[104.50848600299997,-4.746962560999975],[104.50781051799999,-4.74698603500002],[104.50719516599997,-4.745871496000007],[104.505648517,-4.747156404999998],[104.50569610600002,-4.747953522999978],[104.507581829,-4.748221213000022],[104.50773649299998,-4.74933956000001],[104.505313806,-4.752642648999995],[104.50599232899998,-4.753891552000027],[104.50391658699999,-4.755729522000024],[104.50435559700003,-4.756532590999996],[104.50577970400002,-4.756889510999997],[104.50340347399998,-4.7598497239999915],[104.504164903,-4.7616390759999945],[104.503346368,-4.762857360999988],[104.505078615,-4.76361878900002],[104.50413751999997,-4.766364167000006],[104.504374294,-4.768168317999994],[104.50541450200001,-4.7689715910000245],[104.505057583,-4.770099454999979],[104.50625683200002,-4.770399267000016],[104.507427527,-4.7734687729999905],[104.506813625,-4.774710851000009],[104.50808801699998,-4.776136354000016],[104.50825557899998,-4.778265766000004],[104.50684217899999,-4.778408533000004],[104.50731563699998,-4.780441255000028],[104.50760321199999,-4.780047656000022],[104.50824198999999,-4.781908138999995],[104.509918444,-4.783780549000028],[104.51183631399999,-4.7834467590000145],[104.51406099399998,-4.784363068999994],[104.51546011699998,-4.7870042729999795],[104.52020609099998,-4.787344829999995],[104.52522161500002,-4.789183856000022],[104.52820982899999,-4.791795590999982],[104.53479406999998,-4.792891494000003],[104.53546665599998,-4.790661800999999],[104.53850119100002,-4.788441724999984],[104.55419400199997,-4.794838640000023],[104.554979226,-4.793268195999985],[104.55664484800002,-4.793315784000015],[104.558596007,-4.79167395799999],[104.55762637700002,-4.787028057999976],[104.559589432,-4.785481408999999],[104.56174546599999,-4.784787074000008],[104.56250689400002,-4.783740111999975],[104.56208810700002,-4.782540863999998],[104.56334446400001,-4.780846687999997],[104.56482431699999,-4.780628686999989],[104.56744673999998,-4.777807411000026],[104.56667903599998,-4.776576276000014],[104.56305150200001,-4.757320167999978],[104.55930537400002,-4.750422782999976],[104.559423568,-4.7481091669999955],[104.560072988,-4.74767853100002],[104.55856493200002,-4.74642283899999],[104.558922785,-4.746036586999992],[104.55981612300002,-4.746661528999994],[104.561907571,-4.744309086999976],[104.56214053899998,-4.7402904059999855],[104.56135692100003,-4.736630354999988],[104.56278119900003,-4.736329966000028],[104.56596608400002,-4.737082063999992],[104.56895482499999,-4.735805789999972],[104.570672957,-4.731816229999993],[104.573031748,-4.730214581999974],[104.57413833999999,-4.726632714000004],[104.576759219,-4.724856339999974],[104.573643285,-4.720808538000028],[104.57402185900003,-4.719934911999985],[104.57713779199997,-4.7176926039999785],[104.57635152799998,-4.716527768999981],[104.573672407,-4.715304692000018],[104.57329383500002,-4.714227220999987],[104.574575154,-4.710703593000005],[104.57233284799997,-4.709713482999973],[104.57253669300002,-4.708577768999987],[104.573264714,-4.7081409560000225],[104.57329383500002,-4.7057821650000164],[104.57463339600002,-4.7037437029999865],[104.57478529399998,-4.700578197000027],[104.56994999800003,-4.69999507],[104.56941782799998,-4.698171252999998],[104.57111891400001,-4.696018110000011],[104.569690191,-4.691678930000023],[104.57145036999998,-4.69039348199999],[104.571458861,-4.689270335999993],[104.57361757799998,-4.688637706000009],[104.57721947900001,-4.689262217000021],[104.57711873300002,-4.687996563000013],[104.57900719899999,-4.687635794000016],[104.58111897100002,-4.685791712000025],[104.58253645999997,-4.681441729000028],[104.58201297900001,-4.679490570999974],[104.57815825300003,-4.675397898000028],[104.57625468399999,-4.674255757000026],[104.57278067099998,-4.674779236999996],[104.572177081,-4.674356133000003],[104.57184946900003,-4.67164789200001],[104.57047351099999,-4.67016272699999],[104.57091032300002,-4.667978661999996],[104.57429562499999,-4.663173716000017],[104.57388065100002,-4.662016160999997],[104.57176210799997,-4.6602907500000015],[104.57130345399997,-4.656490474000009],[104.5701459,-4.6550489919999904],[104.575830854,-4.651004375000014],[104.57491840400002,-4.650239692000014],[104.57547833299998,-4.649374602000023],[104.57544732399998,-4.645903724999982]]]},"properties":{"NAMOBJ":"Baradatu","WADMKC":"Baradatu","WADMKK":"Way Kanan","KDCPUM":"18.08.04"}},
{"type":"Feature","geometry":{"type":"MultiPolygon","coordinates":[[[[104.669505318,-4.252826748000018],[104.66566304899999,-4.24962874900001],[104.65874122899999,-4.248668060999989],[104.658778079,-4.247961191000002],[104.65658047900001,-4.246573262000027],[104.65101876699998,-4.244763180000007],[104.64959950999997,-4.2429132030000005],[104.64854265600002,-4.246297074999973],[104.64638270299997,-4.245165583000016],[104.64400069200002,-4.244887405999975],[104.64307477,-4.243457101999979],[104.640818282,-4.242771269000002],[104.63975002699999,-4.243349954999985],[104.63971357700001,-4.244516819000012],[104.63887190999998,-4.244519708999974],[104.638854552,-4.245552545999999],[104.63163768499999,-4.245543352000027],[104.62942708100002,-4.244247331999986],[104.62625064500003,-4.243980935000025],[104.62441923699998,-4.242665970000019],[104.62299260399999,-4.2410632439999745],[104.622395643,-4.238808290000009],[104.62402033699999,-4.238352925000015],[104.62568565100003,-4.238778291000017],[104.627319565,-4.236208400999999],[104.62674395699997,-4.235066367999991],[104.62555478899998,-4.234870692000015],[104.624977049,-4.232454999000026],[104.62550679499998,-4.232212064999999],[104.62540457699998,-4.2313258159999805],[104.62439207900002,-4.230877409000016],[104.62267532999999,-4.231426856999974],[104.62295070800002,-4.230861016000006],[104.622143811,-4.2298160770000095],[104.622106873,-4.227812647999997],[104.62116264100001,-4.22544843899999],[104.62340993200002,-4.222825823999983],[104.62672610200002,-4.221384138000019],[104.62813094299997,-4.219819366000024],[104.62628309399997,-4.218837289000021],[104.62558057000001,-4.2167774839999765],[104.62477584800001,-4.216466760999992],[104.62427791300001,-4.213355014000001],[104.62376127900001,-4.213394232999974],[104.62348442000001,-4.214582772000028],[104.62106988599999,-4.213937241999986],[104.61976493499998,-4.215449037999974],[104.61752787500001,-4.21532821400001],[104.61785636600001,-4.216296080999996],[104.616029992,-4.217229334000024],[104.61568752099998,-4.2190420979999885],[104.61451799100001,-4.2192236980000075],[104.61388384000003,-4.218452366999998],[104.61386590699999,-4.2199336689999996],[104.61291716199997,-4.219746246999989],[104.610908027,-4.220877652000013],[104.61094275800002,-4.221396836999986],[104.610226264,-4.221644751999975],[104.61019168500002,-4.220824893999975],[104.60973605999999,-4.221188448000021],[104.60924061600002,-4.2205445949999785],[104.60913877899998,-4.221401891000028],[104.60756568599999,-4.2221774669999945],[104.60698849800002,-4.223697774000016],[104.60855103900002,-4.225053059999993],[104.60813821099998,-4.226389478999977],[104.60905795299999,-4.226476274999982],[104.60822793400001,-4.227230199000019],[104.60849034,-4.227840000000015],[104.60806346200002,-4.2276349690000075],[104.60782886599998,-4.228329068999983],[104.60720407500003,-4.227796477000027],[104.60727228299999,-4.228969413000016],[104.604535903,-4.230376304999993],[104.60380113100001,-4.2328119530000095],[104.60161637499999,-4.232579317999978],[104.60101186899999,-4.2318350049999935],[104.59910466399998,-4.233148550999999],[104.600385072,-4.238301736999972],[104.60567985400002,-4.242514417999985],[104.60885486799998,-4.242515231000027],[104.61073683500001,-4.2433580069999834],[104.61072689500003,-4.2441622459999735],[104.61002108500003,-4.2443438029999925],[104.610439246,-4.247245040999985],[104.60817374099997,-4.249087299999985],[104.60670084999998,-4.255365089999998],[104.60182094200002,-4.255306738000002],[104.60182189800003,-4.2562280710000095],[104.588940922,-4.259126501000026],[104.59063459700002,-4.262661897999976],[104.594606596,-4.275186915999996],[104.59667196700002,-4.276176771999985],[104.596829012,-4.279546089000007],[104.59577252899999,-4.279903008000019],[104.59579129100001,-4.282040333999987],[104.59751889199998,-4.291661326999986],[104.603742813,-4.299842620999982],[104.60975757199998,-4.2903221419999795],[104.61386363100002,-4.293821637999997],[104.62029600400001,-4.297135041999979],[104.62340590500003,-4.301256610999985],[104.625004273,-4.311411270000008],[104.61706850500002,-4.307445062999989],[104.60589693499998,-4.305517699000006],[104.60620626500003,-4.319116317999999],[104.62136338300002,-4.318904208999982],[104.61703495400002,-4.327795379999998],[104.616559736,-4.333472160999975],[104.61999742500001,-4.340439780999986],[104.623465856,-4.343531325000015],[104.626427417,-4.348016943999994],[104.62603892499999,-4.355299434000017],[104.624668698,-4.359361691999993],[104.630124647,-4.358653199000003],[104.62630944199998,-4.367048593999982],[104.62137098300002,-4.3758775809999975],[104.61140800099997,-4.3816051960000095],[104.61467243200002,-4.385045142000024],[104.620784039,-4.38809672299999],[104.62328630100001,-4.388200040000015],[104.62328556300002,-4.3896668309999995],[104.62563693200002,-4.389963056999989],[104.625856467,-4.391807170999982],[104.62739957999997,-4.391955465000024],[104.62741476500003,-4.393859555000006],[104.62847512000002,-4.394261221000022],[104.62980886999998,-4.393994256999974],[104.630341999,-4.391325504000008],[104.63280943199999,-4.38384105199998],[104.63567850099997,-4.380612806999977],[104.64093806199998,-4.378453787000012],[104.64862648000002,-4.368406216999972],[104.651471598,-4.367586150000022],[104.65325070099999,-4.3644551859999865],[104.657562358,-4.361214808999989],[104.65868374399997,-4.359572522999997],[104.664588762,-4.359359030000007],[104.66553730200002,-4.358667748000016],[104.668555949,-4.355167333999987],[104.66873958000002,-4.352079333000006],[104.66968573499997,-4.351029615000016],[104.67520537799999,-4.350655515000028],[104.67951719500002,-4.346636827999987],[104.67964702799998,-4.345383167000023],[104.681897816,-4.342184402999976],[104.68375232,-4.335972947000016],[104.68401275500003,-4.331563431999996],[104.68343649600001,-4.328609334000021],[104.678683594,-4.315595769000026],[104.67983897300002,-4.307917351000015],[104.680106062,-4.295308208999984],[104.68105497300002,-4.293492876000016],[104.68519360200003,-4.290511612999978],[104.68579748399998,-4.289258142999984],[104.6852333,-4.285214784999994],[104.68273564100002,-4.280371801999991],[104.68235092499998,-4.274300485000026],[104.675199556,-4.267855963999978],[104.671237255,-4.261801843000001],[104.670295791,-4.25933373700002],[104.669505318,-4.252826748000018]]],[[[104.604804151,-4.391668336000009],[104.60240636600003,-4.393003523000004],[104.60180304699998,-4.396389510000006],[104.60403038099997,-4.399611016999984],[104.60689084500001,-4.398440877999974],[104.604804151,-4.391668336000009]]]]},"properties":{"NAMOBJ":"Bahuga","WADMKC":"Bahuga","WADMKK":"Way Kanan","KDCPUM":"18.08.05"}},
{"type":"Feature","geometry":{"type":"Polygon","coordinates":[[[104.81643476300002,-4.242141601000014],[104.81564662800002,-4.242269317000023],[104.81514159300002,-4.241627934000007],[104.81423626999998,-4.243184557999996],[104.813612551,-4.242837753000003],[104.81187561299998,-4.244683162000001],[104.811938559,-4.245976628999983],[104.810772456,-4.246084307999979],[104.810678757,-4.245529646000023],[104.80961904700001,-4.246023691000005],[104.80881017500002,-4.246874502000026],[104.80902386999998,-4.248229397999978],[104.80724952999998,-4.247897654999974],[104.80772913800001,-4.248328571999991],[104.80645102400001,-4.249437530000023],[104.80640874300002,-4.251104855999984],[104.80565388000002,-4.249746403000017],[104.80479112699999,-4.250049176999994],[104.80500780599999,-4.25078219400001],[104.80409429500003,-4.250558163999983],[104.80330319799998,-4.251243326000008],[104.80326891800001,-4.250607348000017],[104.80102396400002,-4.251982521999992],[104.800436262,-4.250970995999978],[104.79869561599997,-4.251460795000014],[104.79822353999998,-4.250457946999973],[104.797449723,-4.250929469000027],[104.797352698,-4.250344109000025],[104.79713730700001,-4.250873812000009],[104.796850796,-4.250515620999977],[104.796577335,-4.251972792000004],[104.79508778299999,-4.253191844000014],[104.79488973299999,-4.254550162999976],[104.79712329699998,-4.255686404000016],[104.79590845500002,-4.256305730999998],[104.79712075100002,-4.257016104999991],[104.79667252500002,-4.257527579999987],[104.79765655,-4.257598404000021],[104.79625931700002,-4.258519791000026],[104.79685604399998,-4.261296226000013],[104.79554895899997,-4.261855981999986],[104.79588233499999,-4.263745882000023],[104.79470281800002,-4.263633109000011],[104.794526717,-4.2650509680000255],[104.79341747299998,-4.265030822000028],[104.79231877299998,-4.266616032000002],[104.79142069400001,-4.265455878000012],[104.79183411399998,-4.263713929999994],[104.79103027600001,-4.2633366229999865],[104.79046119600002,-4.263993606999975],[104.78953677099997,-4.262806980999983],[104.787766439,-4.262535263000018],[104.78549397500001,-4.259096812999985],[104.78370597600002,-4.259162462000006],[104.783884161,-4.258218709000005],[104.782742256,-4.257190793999996],[104.781094795,-4.2574152479999725],[104.78024515999999,-4.255939769999998],[104.778048894,-4.255054874999985],[104.77739858799998,-4.255528790000028],[104.77664775,-4.254258409999977],[104.77689347900002,-4.253541046999999],[104.77634968699999,-4.254078944000014],[104.776135953,-4.252624590999972],[104.77524019700002,-4.2511755470000026],[104.77486435600002,-4.251974808],[104.77409167299999,-4.2502964650000195],[104.77235975999997,-4.2502242869999804],[104.77127534599998,-4.251702511000019],[104.77055409600001,-4.250676911000028],[104.76881538800001,-4.251269567999998],[104.76774619000003,-4.249334509999983],[104.766287815,-4.249090411999987],[104.763522078,-4.245822366000027],[104.762328465,-4.246773236000024],[104.76112283700002,-4.246172141999978],[104.76040198300001,-4.246787493999989],[104.76059953499998,-4.247872730999973],[104.75928958600002,-4.247874276000005],[104.75826535599998,-4.249178640000025],[104.75699656299997,-4.248278054000025],[104.756692639,-4.249172282000018],[104.75551189700002,-4.246813316999976],[104.75451707299999,-4.247442218000003],[104.75310683499998,-4.246574801000008],[104.75119864800001,-4.246697946999973],[104.74936465500002,-4.248144648999983],[104.745715324,-4.247200360000022],[104.74557308099997,-4.24841299000002],[104.74445798800002,-4.248260363999975],[104.74337294899999,-4.248953217999997],[104.74324776499998,-4.249823724000009],[104.742063874,-4.249988124000026],[104.74211387000003,-4.251016762000006],[104.74142490899999,-4.251781676000007],[104.74060263899997,-4.2517252999999755],[104.74056285099999,-4.252917889000003],[104.73954333199998,-4.253824822000013],[104.73873577,-4.254320932999974],[104.737441026,-4.253805408000005],[104.73504957400002,-4.255450295000003],[104.73248844199998,-4.2543162260000145],[104.72994898399998,-4.254853184000012],[104.725527478,-4.2537950540000224],[104.72193947699998,-4.258010308999985],[104.71322061199999,-4.257720016999997],[104.71119113200001,-4.256486209999991],[104.70770531800002,-4.257945510000013],[104.70639660900002,-4.259328793000009],[104.70581698199999,-4.257427816000018],[104.704147906,-4.255462523000006],[104.70090936700001,-4.25369170099998],[104.69681756300002,-4.252578578999987],[104.692977585,-4.249980892999986],[104.68657929900002,-4.249929870000017],[104.684512256,-4.252773880999996],[104.685480713,-4.256655131000002],[104.67865336,-4.257366298000022],[104.669505318,-4.252826748000018],[104.670295791,-4.25933373700002],[104.671237255,-4.261801843000001],[104.675199556,-4.267855963999978],[104.68235092499998,-4.274300485000026],[104.68273564100002,-4.280371801999991],[104.6852333,-4.285214784999994],[104.68579748399998,-4.289258142999984],[104.68519360200003,-4.290511612999978],[104.68105497300002,-4.293492876000016],[104.680106062,-4.295308208999984],[104.67983897300002,-4.307917351000015],[104.678683594,-4.315595769000026],[104.68343649600001,-4.328609334000021],[104.68401275500003,-4.331563431999996],[104.68375232,-4.335972947000016],[104.681897816,-4.342184402999976],[104.67964702799998,-4.345383167000023],[104.67951719500002,-4.346636827999987],[104.67520537799999,-4.350655515000028],[104.66968573499997,-4.351029615000016],[104.66873958000002,-4.352079333000006],[104.668555949,-4.355167333999987],[104.66553730200002,-4.358667748000016],[104.664588762,-4.359359030000007],[104.65868374399997,-4.359572522999997],[104.657562358,-4.361214808999989],[104.65325070099999,-4.3644551859999865],[104.651471598,-4.367586150000022],[104.64862648000002,-4.368406216999972],[104.64093806199998,-4.378453787000012],[104.63567850099997,-4.380612806999977],[104.63280943199999,-4.38384105199998],[104.630341999,-4.391325504000008],[104.63546606599999,-4.394084637999981],[104.639229656,-4.394100338999976],[104.63685527000001,-4.400406073999989],[104.638221445,-4.409953050000013],[104.63955157599997,-4.410793306000016],[104.64281197000003,-4.409800642999983],[104.65203516999998,-4.412269217000016],[104.65687532700002,-4.414319662000025],[104.66557936700002,-4.421283905999985],[104.67891043899999,-4.425155849000021],[104.67994345,-4.4290466990000255],[104.679255856,-4.433729703999973],[104.67744836700001,-4.436610237000025],[104.677230985,-4.439593113000001],[104.67882218300002,-4.449493817000018],[104.67805517699998,-4.456029446000002],[104.68394426700002,-4.4689062159999935],[104.67440045000001,-4.479250025999988],[104.6739849,-4.48210465599999],[104.670353772,-4.489561244000015],[104.66966258500003,-4.492760052999984],[104.67090913099997,-4.493787344999987],[104.67064063499998,-4.50264869099999],[104.672876965,-4.502767827000014],[104.68073620500002,-4.50028041500002],[104.69667502300001,-4.493986741000015],[104.69766725900001,-4.494265138999992],[104.70122931200001,-4.49229494399998],[104.70636395899999,-4.4921321489999855],[104.70908546700002,-4.495644621999986],[104.70940479299998,-4.497079418999988],[104.70861000500003,-4.501659935000021],[104.71751739199999,-4.509115964999978],[104.72098881300002,-4.512453117999996],[104.721963539,-4.514441728999998],[104.72253623400002,-4.518319280000014],[104.721053977,-4.531064463000007],[104.71636988300003,-4.531640879000008],[104.71674408400003,-4.53698099799999],[104.71481399200002,-4.536299401000008],[104.703623934,-4.53717521599998],[104.69353752799998,-4.544851533999974],[104.696842748,-4.548837755000022],[104.69621350699998,-4.549955478000015],[104.69798841900001,-4.552305423000007],[104.69548161400002,-4.554481927999973],[104.695481126,-4.555386865000003],[104.69791037200002,-4.556558547000009],[104.69896566400001,-4.556320603000017],[104.69900135699999,-4.557195053999976],[104.69993805399997,-4.557437235000009],[104.70158704599999,-4.553156199999989],[104.71661312700002,-4.554813856999999],[104.72979329999998,-4.555437761999997],[104.730674497,-4.5372633860000064],[104.748896995,-4.53744081100001],[104.75202804600002,-4.534080136],[104.75875652899998,-4.5322840459999725],[104.76338020200001,-4.531997421000028],[104.76507863199998,-4.528831621999984],[104.76634469999999,-4.528386121999972],[104.771659801,-4.52871804199998],[104.77202684399998,-4.527899957999978],[104.77355185599998,-4.527759317999994],[104.77435224700002,-4.528105874999994],[104.77454774,-4.529089490999979],[104.77480413,-4.528462789999992],[104.77555498800001,-4.528660990999981],[104.778189016,-4.531685349999975],[104.78280877100002,-4.531708988999981],[104.78440844599999,-4.530026785000018],[104.784232927,-4.528213642000026],[104.78510415300002,-4.526569928000015],[104.78596562899997,-4.52634512100002],[104.78545705699997,-4.52387563100001],[104.785988336,-4.52162043300001],[104.789839852,-4.516855357999987],[104.79204512400003,-4.515394166000021],[104.79289180199999,-4.515579503000026],[104.79324207899998,-4.51461836499999],[104.79773983500002,-4.514512367000009],[104.799731485,-4.512403247999998],[104.80028046199999,-4.512908204999974],[104.80081095700001,-4.512035461999972],[104.80151081999998,-4.512601452000013],[104.802217327,-4.511840230000018],[104.80306821699997,-4.511945629000024],[104.80305177100001,-4.510753025999975],[104.80379379200002,-4.510425102999989],[104.80450613699998,-4.511344457999996],[104.805786904,-4.510612832999982],[104.80750956000003,-4.511130718000004],[104.80975855899999,-4.5105591970000205],[104.81260960899999,-4.507880259999979],[104.81274195499998,-4.50669609900001],[104.81403121400001,-4.505440728999986],[104.81803881799999,-4.504009350999979],[104.81959389299999,-4.504156974000011],[104.82492930400002,-4.506638145000011],[104.82793707299999,-4.505681827999979],[104.834536851,-4.505809564000003],[104.83732917700002,-4.504414193999992],[104.838947701,-4.504445901999986],[104.83961655899998,-4.503739321000012],[104.84050357799998,-4.505282632999979],[104.84437453599998,-4.506802424999989],[104.84705519300002,-4.506506415999979],[104.84852252899998,-4.505333047000022],[104.85090952899998,-4.506130718999998],[104.85082130400002,-4.507108760999984],[104.851705874,-4.506511586999977],[104.85454362799999,-4.506634154999972],[104.85752361700003,-4.508214376000012],[104.858535603,-4.5098488919999795],[104.86152799500002,-4.509608560000004],[104.86207049000001,-4.508602279999991],[104.86260112999997,-4.508811821999984],[104.862338921,-4.508015893999982],[104.86323092700002,-4.508660743999997],[104.86283956599999,-4.509188861999974],[104.863924451,-4.509016379000002],[104.86365227200002,-4.510299055000019],[104.86527417899998,-4.510009131999993],[104.86578491799997,-4.508989041000007],[104.866481696,-4.509620391999988],[104.86695884599999,-4.5088784580000265],[104.867408888,-4.509653474000004],[104.868034964,-4.509297509000021],[104.86901152500002,-4.5099055539999995],[104.868383494,-4.511289115000011],[104.86866963199998,-4.511691294999991],[104.86929632599998,-4.511220212000012],[104.86925862800001,-4.512360417000025],[104.871873075,-4.511678976999974],[104.87414816799998,-4.513285493000012],[104.87555050499998,-4.5124486860000275],[104.87674288,-4.513444634999985],[104.87846505499999,-4.512604765999981],[104.87896608099999,-4.513442931999975],[104.88039822100001,-4.513736789999996],[104.88055149000002,-4.5128449530000125],[104.88106131400002,-4.513045834000025],[104.88165989100003,-4.5136915439999825],[104.88210055799999,-4.516913315000011],[104.88448240500003,-4.5198916570000165],[104.88670097900001,-4.52078514599998],[104.88909404700001,-4.523560718999988],[104.89265872200002,-4.524642223000001],[104.89538826299997,-4.523707189999982],[104.89891706399999,-4.524307264000015],[104.90026582799999,-4.523033671000007],[104.90257763699998,-4.522155773999998],[104.90385958600001,-4.519904439000015],[104.90687037700002,-4.5196112649999804],[104.90823276700002,-4.518266759000028],[104.91137720199998,-4.519738711000002],[104.91294657100002,-4.518435265999983],[104.92379617799998,-4.5166501100000005],[104.92631519899999,-4.515440386000023],[104.92619444399998,-4.507722221999984],[104.93344444399997,-4.488444443999981],[104.94455555600001,-4.480333332999976],[104.95044444400003,-4.488194443999987],[104.958606728,-4.482776576999981],[104.95243419000002,-4.475204908000023],[104.95081895999999,-4.4707009190000235],[104.9464213,-4.468538744999989],[104.93915149899999,-4.468087786000012],[104.92999721199999,-4.4647540930000105],[104.922099323,-4.463221971999985],[104.916086313,-4.46087928999998],[104.90150581400002,-4.452990473],[104.90058627399998,-4.450219808999975],[104.89664866700002,-4.448076410999988],[104.88409958400001,-4.4435768399999915],[104.87963809399997,-4.43932950300001],[104.87823224099998,-4.436245761999999],[104.86193994400003,-4.439609570000016],[104.84838921300002,-4.438361568999994],[104.844955659,-4.439824095999995],[104.84414363399998,-4.442030005999982],[104.83745782199998,-4.443998064000027],[104.82672329500002,-4.443668661000004],[104.82090769400003,-4.444593865000002],[104.81604333199999,-4.442156386000022],[104.81462149100003,-4.446181271],[104.81376488500001,-4.443973131000007],[104.81427884599998,-4.443383025000003],[104.81380295600002,-4.442050527999982],[104.81011003200001,-4.443078453999988],[104.80984353299999,-4.44250738300002],[104.81045267399998,-4.4422218490000205],[104.80940571100001,-4.442297990999975],[104.80986256699998,-4.4417840259999934],[104.80898692699998,-4.441688849000002],[104.80906306899999,-4.441003564000027],[104.80828260599998,-4.441745955999977],[104.80776864199998,-4.441212956000015],[104.806417109,-4.441517526999974],[104.80548435899999,-4.44064188599998],[104.80441836099999,-4.441536563],[104.80154397199999,-4.441803063000009],[104.80243865,-4.442450275999988],[104.80215311400002,-4.443763739000019],[104.800630259,-4.444277702000022],[104.80036375999998,-4.443896988000006],[104.798460191,-4.445058164999978],[104.798155619,-4.446714269999973],[104.79781297800002,-4.446200307000026],[104.796956373,-4.447342447999972],[104.796499515,-4.446067056999993],[104.795319302,-4.446105127999999],[104.79487996400002,-4.447831818999987],[104.79302263900001,-4.4478553550000015],[104.79216261599998,-4.41534642900001],[104.79386523199997,-4.411562833999994],[104.79354301400002,-4.402862937000009],[104.800356395,-4.401093869000022],[104.79989921200001,-4.398695676999978],[104.78957290900001,-4.397459907999973],[104.78854169700003,-4.390430689000027],[104.79004075699999,-4.39041641099999],[104.788684165,-4.367292199000019],[104.796559221,-4.368358317000002],[104.79653654100002,-4.363752348999981],[104.806640405,-4.363990649000016],[104.81201133100001,-4.367408510000018],[104.81440288300001,-4.372549246999995],[104.820497854,-4.373150704000011],[104.81831154899999,-4.367559964999998],[104.81847872600002,-4.360746532999997],[104.81919271499999,-4.358608136999976],[104.82044979,-4.3571868079999945],[104.827488287,-4.355050451000011],[104.832650839,-4.350173609000024],[104.83430566700002,-4.350591098999985],[104.83472702199998,-4.349222809000025],[104.833880723,-4.344809016999989],[104.83669675099998,-4.3415357729999755],[104.839916184,-4.339560210999991],[104.83586939499997,-4.325759624],[104.82930305399998,-4.320553056999984],[104.81798062799999,-4.319712528000025],[104.81643476300002,-4.242141601000014]]]},"properties":{"NAMOBJ":"Pakuan Ratu","WADMKC":"Pakuan Ratu","WADMKK":"Way Kanan","KDCPUM":"18.08.06"}},
{"type":"Feature","geometry":{"type":"Polygon","coordinates":[[[104.630341999,-4.391325504000008],[104.62980886999998,-4.393994256999974],[104.62847512000002,-4.394261221000022],[104.62741476500003,-4.393859555000006],[104.62739957999997,-4.391955465000024],[104.625856467,-4.391807170999982],[104.62563693200002,-4.389963056999989],[104.62328556300002,-4.3896668309999995],[104.62328630100001,-4.388200040000015],[104.620784039,-4.38809672299999],[104.62049187299999,-4.392173258000014],[104.61637705200002,-4.3923355379999975],[104.61652169899997,-4.398146627000017],[104.61519784799998,-4.3982188670000255],[104.61494361799998,-4.396828239999991],[104.61327595,-4.3971698799999785],[104.613213395,-4.398881678999999],[104.61159670799998,-4.399102207999988],[104.61187911100001,-4.403076666000004],[104.608390514,-4.403328692000002],[104.61009017399999,-4.407459194000012],[104.61077679800002,-4.412526031000027],[104.61054098800003,-4.416953906999993],[104.61595938599999,-4.436581487000012],[104.62228424400001,-4.440023951000001],[104.62188517200002,-4.442038678000017],[104.62584766999998,-4.444988946000024],[104.630112924,-4.44994039300002],[104.63076170800002,-4.45332584800002],[104.626173,-4.471503322999979],[104.62197823499997,-4.482016604000023],[104.62255955699999,-4.489220346000025],[104.61862728599999,-4.505351535999978],[104.618167379,-4.513430614000015],[104.61677040299998,-4.517478675999996],[104.61462308,-4.51920828599998],[104.612358846,-4.518356014999995],[104.60728345799998,-4.519291142999975],[104.60631263800002,-4.521860962000005],[104.60254595100002,-4.5231268339999815],[104.60186185499998,-4.525417064999999],[104.59995828699999,-4.526696024999978],[104.59831645899999,-4.530306857000028],[104.60146007600002,-4.540896786000019],[104.59568388999998,-4.5522972539999955],[104.60158620700003,-4.557984862000012],[104.60318840000002,-4.5635487480000165],[104.595935612,-4.569849407999982],[104.594064108,-4.572800205000021],[104.58861701699999,-4.586126825999997],[104.58608352099998,-4.6004687070000045],[104.58733003700002,-4.602664045999973],[104.58831744000003,-4.603119460000016],[104.59108858600001,-4.601783791000003],[104.59176065000003,-4.60283255500002],[104.591166886,-4.603766022000002],[104.59225196,-4.6042094520000205],[104.595884823,-4.6021077890000015],[104.597580456,-4.60212231600002],[104.59962096499999,-4.600655786000004],[104.598906005,-4.598450679999985],[104.60100321700003,-4.597683057999973],[104.604144485,-4.59914627500001],[104.60529768399999,-4.600950338000018],[104.61049592400002,-4.602264042000002],[104.612555896,-4.604891264000003],[104.61239603199999,-4.607926060000011],[104.61071502800002,-4.6092978849999895],[104.61293089700001,-4.613068770999973],[104.61495914199998,-4.613958308000008],[104.61485804400002,-4.614655414000026],[104.613658214,-4.61389587299999],[104.61600672100002,-4.617294458999993],[104.617362109,-4.624290589999987],[104.61733203,-4.633436642999982],[104.61694016199999,-4.634505124999976],[104.611283528,-4.629257678999977],[104.60571914399998,-4.63637750700002],[104.60444223000002,-4.639597921000018],[104.60353977800003,-4.640229273999978],[104.60250376099998,-4.644127133999973],[104.60074694600002,-4.63950607999999],[104.59731132600001,-4.6399166310000055],[104.59458271599999,-4.63797712600001],[104.59424097599998,-4.63927488600001],[104.58995902700002,-4.63707986999998],[104.58887311699999,-4.63994551899998],[104.58786828900003,-4.640895220999994],[104.583363249,-4.639560967000023],[104.58284546599998,-4.638784550000025],[104.58022396400003,-4.6407621449999965],[104.578861625,-4.640774260000001],[104.57544732399998,-4.645903724999982],[104.57547833299998,-4.649374602000023],[104.57491840400002,-4.650239692000014],[104.575830854,-4.651004375000014],[104.57676002,-4.651855603999991],[104.57521334500001,-4.653319524999972],[104.57787850900002,-4.652433950999978],[104.57846884600002,-4.653492620999998],[104.58023768499999,-4.654185594000012],[104.58271223399998,-4.656516868999972],[104.582788989,-4.657966928999997],[104.58870890100002,-4.659216191999974],[104.59154326499998,-4.65846854199998],[104.59365107100001,-4.656967238999982],[104.59423682699997,-4.655463048000001],[104.59594652499999,-4.655355358000008],[104.59647845900002,-4.653052930999991],[104.597656476,-4.6526436820000185],[104.59750093399998,-4.649128884999982],[104.59900349999998,-4.649453833999985],[104.59867273499998,-4.648456629999998],[104.59975517200002,-4.646739652000008],[104.601037857,-4.646865097999978],[104.60066533399998,-4.6475542320000045],[104.60246793200002,-4.649029682999981],[104.60435521400001,-4.648613146000002],[104.60628809500002,-4.649524470000017],[104.60812043700003,-4.647661176999975],[104.61622910099999,-4.651255225],[104.61815725600002,-4.64805803500002],[104.61952800900002,-4.64855127300001],[104.61966507400001,-4.649706293000008],[104.62329356499998,-4.649584699999991],[104.62310923799998,-4.648803110000017],[104.62465190199998,-4.6484212650000245],[104.62488494799999,-4.646391042000005],[104.63004284700003,-4.647293304000016],[104.63394854199998,-4.653506959000026],[104.63115537499999,-4.6570733240000095],[104.63118562599999,-4.6589589289999935],[104.63692627799998,-4.657795307000015],[104.63667870299997,-4.656340699999987],[104.638071744,-4.656561638000028],[104.638739837,-4.655806261000009],[104.637661417,-4.654769480000027],[104.638909141,-4.654533672000014],[104.63813378100002,-4.65271814099998],[104.639212794,-4.652586561000021],[104.63977462000003,-4.651775482999994],[104.63727916300002,-4.65228188399999],[104.63672264399997,-4.651739140000018],[104.63817152000001,-4.65120439399999],[104.63737961099997,-4.65013067000001],[104.63923515200003,-4.649508034999997],[104.63927320300002,-4.647373007999988],[104.64049814200001,-4.64647418200002],[104.641745647,-4.646641725999984],[104.64283957599997,-4.644405242999994],[104.64466507399999,-4.64374548699999],[104.64328759900002,-4.640165525999976],[104.642402796,-4.640053806000026],[104.64386103800001,-4.639215358000001],[104.641359491,-4.63814309899999],[104.64199290099998,-4.637394647000008],[104.64330752199999,-4.637295628000004],[104.64327651999997,-4.634608851999985],[104.64456812600002,-4.6343336369999975],[104.64460799099999,-4.63314674999998],[104.64589733000003,-4.632781120000004],[104.646899604,-4.633579075],[104.64735546499998,-4.632118854999987],[104.64840659100003,-4.632235283],[104.64750827699999,-4.631439707000027],[104.647771987,-4.630772202999992],[104.64845329799999,-4.631219948000023],[104.65025111400001,-4.630416428999979],[104.65057197300001,-4.630977590999976],[104.65199047200002,-4.631024653999987],[104.65224313700003,-4.629295411999976],[104.65170049099999,-4.628748054000027],[104.65280280399998,-4.628125007999984],[104.65284936199998,-4.6274017590000085],[104.65357948899998,-4.627249112000015],[104.654491441,-4.628517605000013],[104.65463975699998,-4.627576499999975],[104.65530291200002,-4.627540184999987],[104.653901136,-4.625985582999988],[104.654721644,-4.625255762999984],[104.655197289,-4.625830903999997],[104.655841716,-4.624826190000022],[104.65767908200002,-4.625065520000021],[104.65816571300002,-4.626820617000021],[104.65982435000001,-4.626791463000018],[104.659855075,-4.6256971139999905],[104.66109476600002,-4.624623645999975],[104.66051522700002,-4.622876377000011],[104.664198065,-4.623098986999992],[104.66701894800002,-4.624267660999976],[104.66715755400003,-4.623710347999975],[104.66617472799999,-4.623137781000025],[104.66661571899999,-4.621430085999975],[104.66751815499998,-4.6220904479999945],[104.66771763100002,-4.621348063000028],[104.66874250199999,-4.621676662000027],[104.66965916700002,-4.620272065999984],[104.671107715,-4.620047688],[104.671642835,-4.618729143999985],[104.670490514,-4.617517092000014],[104.66927873600002,-4.6179666410000095],[104.669573673,-4.614773925000009],[104.673861881,-4.614628259000028],[104.67483736600002,-4.612918695000019],[104.67399101699999,-4.611849815000028],[104.67455521900001,-4.611084462000008],[104.673528583,-4.610063879999984],[104.67578729899998,-4.610347312999977],[104.67506032099999,-4.609528780000005],[104.676293042,-4.60908133800001],[104.67712721100003,-4.610988882000015],[104.677915654,-4.610322488999998],[104.67848357899999,-4.610589865000009],[104.677864881,-4.611357305000013],[104.67829441600003,-4.611727685999995],[104.67965379499998,-4.610727059999988],[104.68017078000003,-4.609367997999982],[104.682082288,-4.609713802999977],[104.68217929100001,-4.608405574000017],[104.68370702099998,-4.609165553000025],[104.68362800099999,-4.607733154000016],[104.68526528299998,-4.607256419000009],[104.68524461700002,-4.60658545199999],[104.68810372600001,-4.60656147200001],[104.68965047699999,-4.605398810999986],[104.69097264800001,-4.606301178000024],[104.691902045,-4.606108228999972],[104.69386978400001,-4.603518721],[104.692541393,-4.601943695999978],[104.69238867000001,-4.6004760449999935],[104.69412054700001,-4.601519773999996],[104.69535471400002,-4.597613392000028],[104.696760068,-4.598508792000018],[104.69740212200003,-4.597930580000025],[104.699840182,-4.597834722000016],[104.69952024700001,-4.595519226000022],[104.69755409200002,-4.594472560999975],[104.69810569600003,-4.593817657999978],[104.699264046,-4.594553365000024],[104.69891281500003,-4.592381760000023],[104.69666782299998,-4.592598805000023],[104.696172843,-4.591256394000027],[104.69524436199998,-4.5909126160000255],[104.69469333199999,-4.587799099999984],[104.69660600499998,-4.587687357999982],[104.69730141399998,-4.588512631000015],[104.69769355800003,-4.587924342999997],[104.69753652100002,-4.586552149999989],[104.69647453300001,-4.586303777000012],[104.69739793299999,-4.585212741000021],[104.697309018,-4.583943175000002],[104.695702149,-4.582848215000013],[104.69711372400002,-4.582391436000023],[104.69949533900001,-4.584737729999972],[104.69895636799998,-4.583319791000008],[104.699330126,-4.582536285999993],[104.70117945999999,-4.581038127999989],[104.70325803700001,-4.581416573000013],[104.702879225,-4.580696875000001],[104.701090416,-4.580062069999997],[104.70092328999999,-4.579046092999988],[104.70242373899998,-4.579958616999988],[104.70530377300003,-4.5787814610000055],[104.70698967700002,-4.576062261000004],[104.705503733,-4.57573157500002],[104.70833329999999,-4.571388888999991],[104.699939911,-4.567412687000001],[104.69993805399997,-4.557437235000009],[104.69900135699999,-4.557195053999976],[104.69896566400001,-4.556320603000017],[104.69791037200002,-4.556558547000009],[104.695481126,-4.555386865000003],[104.69548161400002,-4.554481927999973],[104.69798841900001,-4.552305423000007],[104.69621350699998,-4.549955478000015],[104.696842748,-4.548837755000022],[104.69353752799998,-4.544851533999974],[104.703623934,-4.53717521599998],[104.71481399200002,-4.536299401000008],[104.71674408400003,-4.53698099799999],[104.71636988300003,-4.531640879000008],[104.721053977,-4.531064463000007],[104.72253623400002,-4.518319280000014],[104.721963539,-4.514441728999998],[104.72098881300002,-4.512453117999996],[104.71751739199999,-4.509115964999978],[104.70861000500003,-4.501659935000021],[104.70940479299998,-4.497079418999988],[104.70908546700002,-4.495644621999986],[104.70636395899999,-4.4921321489999855],[104.70122931200001,-4.49229494399998],[104.69766725900001,-4.494265138999992],[104.69667502300001,-4.493986741000015],[104.68073620500002,-4.50028041500002],[104.672876965,-4.502767827000014],[104.67064063499998,-4.50264869099999],[104.67090913099997,-4.493787344999987],[104.66966258500003,-4.492760052999984],[104.670353772,-4.489561244000015],[104.6739849,-4.48210465599999],[104.67440045000001,-4.479250025999988],[104.68394426700002,-4.4689062159999935],[104.67805517699998,-4.456029446000002],[104.67882218300002,-4.449493817000018],[104.677230985,-4.439593113000001],[104.67744836700001,-4.436610237000025],[104.679255856,-4.433729703999973],[104.67994345,-4.4290466990000255],[104.67891043899999,-4.425155849000021],[104.66557936700002,-4.421283905999985],[104.65687532700002,-4.414319662000025],[104.65203516999998,-4.412269217000016],[104.64281197000003,-4.409800642999983],[104.63955157599997,-4.410793306000016],[104.638221445,-4.409953050000013],[104.63685527000001,-4.400406073999989],[104.639229656,-4.394100338999976],[104.63546606599999,-4.394084637999981],[104.630341999,-4.391325504000008]]]},"properties":{"NAMOBJ":"Negeri Agung","WADMKC":"Negeri Agung","WADMKK":"Way Kanan","KDCPUM":"18.08.07"}},
{"type":"Feature","geometry":{"type":"Polygon","coordinates":[[[104.49118719799998,-4.367208764999987],[104.48561295600001,-4.366789165],[104.480587534,-4.367360237000014],[104.474022601,-4.369926484000018],[104.47165807099998,-4.372013880999987],[104.46857053600002,-4.369784202999995],[104.472138078,-4.3634707379999895],[104.459796052,-4.361240711999983],[104.45223810099998,-4.357576500999983],[104.44970397499998,-4.35529816799999],[104.445849248,-4.349754023000003],[104.44575406899997,-4.348730855999975],[104.44070961199998,-4.345470992999992],[104.440281309,-4.344195602000013],[104.437744764,-4.342197582999972],[104.43066410300003,-4.3403700640000125],[104.425782073,-4.340842328000008],[104.424318444,-4.331291564000026],[104.42050477700002,-4.324970945000018],[104.41922447299999,-4.32524868500002],[104.41866097000002,-4.32637820299999],[104.41863359500002,-4.327367805999984],[104.419513397,-4.328435434000028],[104.41877174799998,-4.3288192969999955],[104.419285119,-4.329689278999979],[104.41800714700003,-4.330884791000017],[104.41664174900001,-4.330938369000023],[104.41597910600001,-4.3324447410000175],[104.41486783800002,-4.3319844179999905],[104.41492711000001,-4.333483312999988],[104.41378605300002,-4.334139762000007],[104.414634761,-4.3345772760000045],[104.41408847600002,-4.334790997000027],[104.41400561500001,-4.336121058999993],[104.41177644300001,-4.337783775999981],[104.40868517799998,-4.337131010999997],[104.40891348600002,-4.338058337999996],[104.40807624299998,-4.3379191999999875],[104.40811615299998,-4.338526265999974],[104.40525624700001,-4.337962394999977],[104.40480823899998,-4.3390774700000065],[104.40380434899998,-4.339132011999993],[104.40347746999998,-4.3398077759999865],[104.40393392300001,-4.340073167000014],[104.40291533800001,-4.340375241000004],[104.40295541900002,-4.341056757999979],[104.40153118199999,-4.3390514929999995],[104.39971498400001,-4.340568750999978],[104.398461284,-4.339334172000008],[104.396543227,-4.339409994999983],[104.39623801800002,-4.340140066999993],[104.39680333299998,-4.341324127999997],[104.39565958700001,-4.341920411999979],[104.39487135299998,-4.341631972000016],[104.39442601899998,-4.343383906999975],[104.39357150900003,-4.343807219999974],[104.39348740100002,-4.345115353999972],[104.39189167699999,-4.345938384000021],[104.38893582499998,-4.345113250999987],[104.38401011299999,-4.347673946999976],[104.38460402099997,-4.349029590999976],[104.38389027800002,-4.349054183000021],[104.38304879499998,-4.350500074000024],[104.38328207799998,-4.351986386000021],[104.38205271099997,-4.352692561000026],[104.38255191399998,-4.353313816000025],[104.38219433900002,-4.354865146000009],[104.38102930899998,-4.355993660000024],[104.38150119699998,-4.3569341180000265],[104.38044477900002,-4.359910001000003],[104.381675229,-4.36102695400001],[104.38150334300002,-4.361894683000003],[104.38235311800003,-4.362279813999976],[104.379836458,-4.363736818000007],[104.38066521299999,-4.36499563000001],[104.37945208500003,-4.366473056000018],[104.38023784400002,-4.367711461999988],[104.37925750400001,-4.368148526000027],[104.38033149799998,-4.369644977999997],[104.37868416200001,-4.3720605569999975],[104.37906046199998,-4.3739526859999955],[104.37516884299998,-4.376227437000011],[104.37488823299998,-4.3775670969999965],[104.372478807,-4.377283496000018],[104.37222164500002,-4.378402735000009],[104.370362333,-4.380431389000023],[104.36823248799999,-4.381400093000025],[104.36688107700002,-4.383690458999979],[104.36435513100002,-4.385044117000007],[104.36303619199998,-4.3877786620000165],[104.361970084,-4.387715866000008],[104.36203334099997,-4.388449396999988],[104.360259552,-4.38915648699998],[104.35900241399997,-4.38867006800001],[104.35839378100002,-4.390397101000019],[104.35705392900002,-4.390582444000017],[104.35525454100002,-4.39411723500001],[104.35438210500001,-4.393834210000023],[104.35438849799999,-4.395203811999977],[104.35355485600002,-4.395845452000003],[104.35212272000001,-4.394970442999977],[104.35080167699999,-4.395334605000016],[104.350721007,-4.397551722999992],[104.34892168200003,-4.398031237999987],[104.348691997,-4.3996918270000265],[104.347238807,-4.400950507999994],[104.34725025699998,-4.404369437000014],[104.346541758,-4.40480388200001],[104.34689086899999,-4.406294396000021],[104.34620054499999,-4.406811292999976],[104.34663447399998,-4.4078828730000055],[104.345072029,-4.408849228999998],[104.34450683300003,-4.40966593600001],[104.34508180799997,-4.4108139979999805],[104.342876177,-4.412654158999999],[104.34320606699998,-4.416552000000024],[104.34182104500002,-4.417051124000011],[104.34191226000002,-4.419057350000003],[104.34094850700001,-4.419179223000015],[104.33885624499999,-4.422323192000022],[104.33591324100001,-4.423476558999994],[104.33492774299998,-4.424638532000017],[104.33534827599999,-4.429100189999986],[104.33471335500002,-4.429624396000008],[104.33465617500002,-4.431351618999997],[104.33219444299999,-4.432388888999981],[104.32180611000001,-4.458264166999982],[104.322646604,-4.463502816000016],[104.320659971,-4.464984044999994],[104.321677577,-4.468333438000002],[104.32341690499999,-4.471036719999972],[104.32337606700003,-4.473636613999986],[104.32498233299998,-4.474212642999987],[104.325945359,-4.478687834000027],[104.32474611100002,-4.479864877000011],[104.32460219299998,-4.482122713000024],[104.32642961099998,-4.484327380000025],[104.32736191499998,-4.490701306000005],[104.32823489999998,-4.491738526999995],[104.32964641900003,-4.4920918020000045],[104.33043358200001,-4.493522639999981],[104.33040996199998,-4.494179594000002],[104.32930292600003,-4.494894316],[104.327850893,-4.494729657999983],[104.32777597799998,-4.496433609999997],[104.326907393,-4.496538666999982],[104.32787777700003,-4.500688889000003],[104.32919722100002,-4.514238889000012],[104.321719443,-4.514097221999975],[104.320663787,-4.512422253000011],[104.31859604800002,-4.513061167999979],[104.31683797900001,-4.511907375000021],[104.314446019,-4.512462856000013],[104.31367085599999,-4.514159199999995],[104.31147823399999,-4.513963353999998],[104.31056510899998,-4.512674530000027],[104.31742222100002,-4.5382416670000225],[104.32327777699999,-4.556466666999995],[104.323827962,-4.556227966999984],[104.32362196100001,-4.555460299999993],[104.32460923600001,-4.555598004999979],[104.328114331,-4.5591021210000235],[104.33049307599998,-4.558217124999999],[104.33320792900003,-4.55823383500001],[104.33462021100001,-4.5565487779999785],[104.33752499899998,-4.575008333000028],[104.34076191600002,-4.602296627999976],[104.34208709400002,-4.601201054000001],[104.34268251499998,-4.596965176000026],[104.34511648,-4.595818554999994],[104.34414017400002,-4.594034527000019],[104.34503575000002,-4.592802716999984],[104.34486396300002,-4.591552772],[104.343615398,-4.590153842999996],[104.34468626799998,-4.587627328999986],[104.34300740600003,-4.587290699999983],[104.34275053300001,-4.586495834000004],[104.34516525800001,-4.585483223999972],[104.346245211,-4.583444981000014],[104.34793441400001,-4.582891241000027],[104.34942495799999,-4.580460838000022],[104.35015986399998,-4.580155142000024],[104.35145686499999,-4.580740325000022],[104.350933726,-4.578968685999996],[104.35163344,-4.575359972000001],[104.35049837000003,-4.575071725999976],[104.35041316899998,-4.574334459999989],[104.35140750699998,-4.571980188999987],[104.35274439300002,-4.572364354000001],[104.35554046700003,-4.56984894499999],[104.35485462000003,-4.568651593000027],[104.35525674000002,-4.56706269],[104.35693549000001,-4.567485449000003],[104.35904463499998,-4.566702279000026],[104.35771057699998,-4.564891621000015],[104.35945676900002,-4.564567669999974],[104.35985952800002,-4.562241573999984],[104.36139594299999,-4.56178339500002],[104.361405923,-4.561285562000023],[104.359670204,-4.560565973999985],[104.35829845900003,-4.558228720999978],[104.36118998400002,-4.556318712999996],[104.36187901800002,-4.553906702999996],[104.363595568,-4.554712431999974],[104.364360912,-4.552300487000025],[104.36640201699998,-4.552895868999997],[104.36788156900002,-4.54650658700001],[104.367210924,-4.54428006400002],[104.36789878299999,-4.543174881000027],[104.371176832,-4.542028878999986],[104.37232458199998,-4.538640711000028],[104.37387169200002,-4.536775141000021],[104.37301494100001,-4.534620265000001],[104.37524988899997,-4.534963990999984],[104.376710016,-4.534390816999974],[104.37777927299999,-4.5293106749999765],[104.37742353599998,-4.526955181000005],[104.37579490000002,-4.523799167999982],[104.378086129,-4.521876780000014],[104.37710612400002,-4.518821851999974],[104.37855646399998,-4.518497583999988],[104.37728948699998,-4.515421268000011],[104.37810657400001,-4.5135650889999965],[104.37774391200003,-4.510936732000005],[104.38048216800001,-4.509321956000008],[104.37935754900002,-4.508057235000024],[104.38073274800001,-4.506315952000023],[104.38049579300002,-4.504496700000004],[104.38329906899997,-4.501910527999996],[104.38325318900002,-4.49975036699999],[104.384785787,-4.49940460800002],[104.38441246299999,-4.4966637489999925],[104.38575708500002,-4.492946598999993],[104.38909454399999,-4.488885257999982],[104.38969812099998,-4.485769437999977],[104.38915129100002,-4.483016705000011],[104.39132552900003,-4.480471845000011],[104.39137896099999,-4.47930386500002],[104.393411334,-4.478721542000017],[104.39389915599997,-4.473162817999992],[104.39600237100001,-4.471451292999973],[104.39616054499999,-4.470503599999972],[104.39455210400001,-4.46890102399999],[104.39405337900001,-4.466358721000006],[104.39652188000002,-4.466087899999991],[104.396352638,-4.463071954999975],[104.39944447699997,-4.461674297000002],[104.402012797,-4.461805645000027],[104.40182120200001,-4.459859574000006],[104.40554541699998,-4.457333865999999],[104.404826695,-4.454006318999973],[104.40876354800002,-4.453551380000022],[104.409227719,-4.451141199000006],[104.410134331,-4.4506392900000264],[104.411755648,-4.451047484000014],[104.41293716000001,-4.449720033999995],[104.413591956,-4.451001080000026],[104.41530859300002,-4.451505082999972],[104.41569076799999,-4.450727497000003],[104.41444695000001,-4.449423244999991],[104.41441924100002,-4.448274341000001],[104.41702458399999,-4.446768501000008],[104.41758363100001,-4.445476450000001],[104.41539595699999,-4.443535978],[104.41531173499999,-4.441467923000005],[104.41605690300003,-4.440032410000015],[104.418619433,-4.438339832999986],[104.419603639,-4.43463785199998],[104.419604666,-4.433321423999985],[104.417548275,-4.432781266000006],[104.41763863699998,-4.4315845840000065],[104.41912248599999,-4.430612990999975],[104.42250342099999,-4.431357628000001],[104.42290429500002,-4.430019571999992],[104.424773459,-4.430595471000004],[104.42530819500001,-4.4298682589999885],[104.424452127,-4.426727309],[104.42279223499997,-4.426321309000002],[104.42164708199999,-4.426966661999984],[104.42053889699997,-4.426068229000009],[104.42043038600002,-4.427611956000021],[104.41925133299998,-4.4258518030000005],[104.418785506,-4.426892613999996],[104.41810606500002,-4.426640759999998],[104.41785718800003,-4.424701825],[104.41644302399999,-4.426346566999996],[104.415643365,-4.423707992999994],[104.41559577499999,-4.424338551000005],[104.414703476,-4.423924523999972],[104.41264762200001,-4.425195158000008],[104.41314730900001,-4.423667543000022],[104.41257623799999,-4.4230536420000135],[104.41236208700002,-4.423553329000015],[104.410731172,-4.423335280000003],[104.41097606400001,-4.421694381999998],[104.41048297399999,-4.420945027000016],[104.41180564400003,-4.420466309000005],[104.41127611600001,-4.419168367999987],[104.41204198499997,-4.418629854000017],[104.41233780599998,-4.417028386000027],[104.41334255999999,-4.417556402000002],[104.41357532799998,-4.416774008000004],[104.414610283,-4.416971473999979],[104.414618932,-4.416000207000025],[104.41589596699998,-4.414820019999979],[104.41608580799999,-4.413501122000014],[104.41693747199997,-4.412810169000011],[104.41644115600002,-4.411873703000026],[104.41740891699999,-4.412219771000025],[104.41844492199999,-4.410026906999974],[104.41831701400002,-4.408415575999982],[104.419752351,-4.406917209000028],[104.41942529800002,-4.4053594850000195],[104.42093385300001,-4.403875718999984],[104.420610452,-4.401241079999977],[104.42150389300002,-4.401222335],[104.42266929599998,-4.400146366999991],[104.42211120500002,-4.399655450000012],[104.42344096099998,-4.3963862900000095],[104.42284676600002,-4.3958491750000235],[104.423576921,-4.394960930000025],[104.42299038499999,-4.395153370000003],[104.4234659,-4.394086209000022],[104.422903147,-4.393846904999975],[104.42325519299999,-4.393078033999984],[104.422578338,-4.393278253999995],[104.42299041299998,-4.392151183999999],[104.42247233400002,-4.391845778000004],[104.423394852,-4.391071248999992],[104.42360527300002,-4.389620488999981],[104.42741035400002,-4.386608894000005],[104.42752110700002,-4.384018217999994],[104.42822660600001,-4.38315135900001],[104.44568232,-4.396544086999995],[104.45226756400001,-4.404474431999972],[104.456750349,-4.404932492],[104.46029015699997,-4.406849890999979],[104.46580461299999,-4.4085772170000155],[104.475012951,-4.415157523999994],[104.478153399,-4.41523196899999],[104.47834238399997,-4.4140871860000175],[104.47679251800002,-4.41014967000001],[104.47896682099997,-4.408508535999999],[104.48108825100002,-4.408151401999987],[104.48169669700002,-4.407096673000012],[104.48348090299999,-4.410635361999994],[104.48631264300002,-4.412446838999983],[104.48782929700002,-4.412447887999974],[104.48818847299998,-4.410293953000007],[104.48980637400001,-4.409851564999997],[104.49032891299998,-4.407961693000004],[104.49392151299998,-4.404171743000006],[104.49412305300001,-4.4018174110000245],[104.495187069,-4.399890124000024],[104.49400911599997,-4.393716384000015],[104.49497561499999,-4.393256403999999],[104.49436512699998,-4.392579653999974],[104.495080723,-4.392194343000028],[104.49496367,-4.3916131839999935],[104.49638342100002,-4.391652340000007],[104.49512886299999,-4.387617197999987],[104.49173319599998,-4.385875236999993],[104.49123215399999,-4.3828162259999885],[104.49252699800002,-4.380118492999998],[104.491636761,-4.3776530709999975],[104.49198098900001,-4.370875110999975],[104.49118719799998,-4.367208764999987]]]},"properties":{"NAMOBJ":"Way Tuba","WADMKC":"Way Tuba","WADMKK":"Way Kanan","KDCPUM":"18.08.08"}},
{"type":"Feature","geometry":{"type":"Polygon","coordinates":[[[104.40723921699998,-4.58293818300001],[104.40358171100002,-4.5789631289999875],[104.40386918500002,-4.577450682000006],[104.40274579499999,-4.575753142999986],[104.40085110799998,-4.575180197999998],[104.40054351499998,-4.573725803000002],[104.40136177300002,-4.572004218000018],[104.40060247299999,-4.571175670999992],[104.40101338400001,-4.570394181999973],[104.40045574200002,-4.568439103999992],[104.40138968899998,-4.566770635000012],[104.39934803599999,-4.566019899000025],[104.39824316400001,-4.564544434000027],[104.39844274699999,-4.563030712999989],[104.39999286800003,-4.560759802000007],[104.39959337099998,-4.560072504999994],[104.401141902,-4.5596859400000085],[104.40167470799997,-4.5574574249999955],[104.39994747600002,-4.558374178000008],[104.39258075200001,-4.559247878999997],[104.39184582799999,-4.5616939189999925],[104.39317107099998,-4.562332391999973],[104.39157373400002,-4.5633393150000074],[104.39080357300003,-4.565026073000013],[104.387388214,-4.565254459000016],[104.38591242899997,-4.566842436999991],[104.38490768000003,-4.566601669000022],[104.38422425599998,-4.567578074999972],[104.37805914799998,-4.567062175999979],[104.37778944600001,-4.569772629999989],[104.376991928,-4.57002098800001],[104.37569682899999,-4.568753834000006],[104.37371771199997,-4.569002362999981],[104.37185787099997,-4.56986047700002],[104.371145501,-4.571673179000015],[104.37046473200002,-4.5706765049999944],[104.36792811200002,-4.572567511999978],[104.366326517,-4.572297741999989],[104.36191005400002,-4.573828144000004],[104.36032364200003,-4.575538165000012],[104.35910973699998,-4.575713947999986],[104.35274439300002,-4.572364354000001],[104.35140750699998,-4.571980188999987],[104.35041316899998,-4.574334459999989],[104.35049837000003,-4.575071725999976],[104.35163344,-4.575359972000001],[104.350933726,-4.578968685999996],[104.35145686499999,-4.580740325000022],[104.35015986399998,-4.580155142000024],[104.34942495799999,-4.580460838000022],[104.34793441400001,-4.582891241000027],[104.346245211,-4.583444981000014],[104.34516525800001,-4.585483223999972],[104.34275053300001,-4.586495834000004],[104.34300740600003,-4.587290699999983],[104.34468626799998,-4.587627328999986],[104.343615398,-4.590153842999996],[104.34486396300002,-4.591552772],[104.34503575000002,-4.592802716999984],[104.34414017400002,-4.594034527000019],[104.34511648,-4.595818554999994],[104.34268251499998,-4.596965176000026],[104.34208709400002,-4.601201054000001],[104.34076191600002,-4.602296627999976],[104.337175301,-4.603946827000016],[104.33564893800002,-4.605646147000016],[104.33379635,-4.605880425999999],[104.332392282,-4.6072915799999805],[104.332112945,-4.608571025999993],[104.33313643700001,-4.609491660999993],[104.33355867699998,-4.612664567000024],[104.33227150300002,-4.612838571999987],[104.332459099,-4.614219538999976],[104.33069313700003,-4.616432218999989],[104.32959870399998,-4.615517446000013],[104.32846993499999,-4.61608024100002],[104.32913953399998,-4.617677350000008],[104.327517312,-4.619991905999996],[104.32554529700002,-4.621048137999992],[104.32469445599997,-4.622687547999988],[104.32515790299999,-4.62492622000002],[104.32433920300002,-4.627394852999998],[104.31913933300001,-4.628563916000019],[104.31759087799998,-4.627549045000023],[104.31750881300002,-4.626022557999988],[104.316289407,-4.626161975000002],[104.31574785499998,-4.626832778999983],[104.315946489,-4.629546442999981],[104.314967652,-4.631764896999982],[104.31293762600001,-4.632207723000022],[104.31356239000002,-4.633833837999987],[104.31241407499999,-4.6363424180000266],[104.30908825900002,-4.637758709000025],[104.304866871,-4.637906295999983],[104.30198851900002,-4.638836348999973],[104.30225193299998,-4.64087258699999],[104.30067596599997,-4.643780535000019],[104.29994538199998,-4.644206882999981],[104.298137833,-4.643630463000022],[104.29823046899998,-4.645908005000024],[104.295267341,-4.646501635999982],[104.295336572,-4.647681571000021],[104.29647829100003,-4.648579154999993],[104.29663407499999,-4.651864063999994],[104.295818096,-4.653876000000025],[104.296470666,-4.654572502000008],[104.29515875300001,-4.655204853999976],[104.29418644600003,-4.657203487000004],[104.29293736300002,-4.657964315000015],[104.294970767,-4.65836548599998],[104.29681108099999,-4.662219331000017],[104.296196721,-4.663888948000022],[104.29636482400002,-4.667017073000011],[104.29434722799999,-4.667651235999983],[104.293419605,-4.6702460789999805],[104.29192619499997,-4.672004866000009],[104.29291369999999,-4.676266305000013],[104.292228298,-4.677160382000011],[104.29103084500002,-4.67660381799999],[104.29106902299998,-4.677970727999991],[104.28985000300003,-4.679025985999999],[104.29006734500001,-4.681221052000012],[104.287216478,-4.683716851999975],[104.28924992200001,-4.6842430120000245],[104.29054154900001,-4.686489291999976],[104.28777793299997,-4.686697986000013],[104.28939576200003,-4.688101421999988],[104.28840939399998,-4.68965807699999],[104.29074373100002,-4.691542104999996],[104.28817186499998,-4.693327161000013],[104.28921480000002,-4.694744703000026],[104.28813317100003,-4.695450445999995],[104.288816908,-4.696624981000014],[104.28822506900002,-4.698920924999982],[104.28966774600002,-4.699552642000015],[104.289561623,-4.7015576900000156],[104.29033750299999,-4.702065437999977],[104.28952940300002,-4.703333535000013],[104.28993540099998,-4.704306530999986],[104.30791708599997,-4.704965630000004],[104.306426461,-4.706640289000006],[104.30672762400002,-4.707714246000023],[104.307938804,-4.70826996400001],[104.30742690699998,-4.710190436000005],[104.308990548,-4.713842805000013],[104.30576210100003,-4.715868804000024],[104.30726882599998,-4.716397014999984],[104.307006742,-4.718319842000028],[104.31057431099998,-4.719385464000027],[104.310042984,-4.720311657000025],[104.31042334699998,-4.7223458849999815],[104.31198370300001,-4.7227615009999795],[104.31258368900001,-4.723914868999998],[104.31047434200002,-4.7257246159999795],[104.30887910799999,-4.724276738000015],[104.30734737300003,-4.727253190999988],[104.30754058100001,-4.72945882800002],[104.305900044,-4.730641031999994],[104.30548944600002,-4.732857206999995],[104.30636866499998,-4.732705011000007],[104.30715992500001,-4.733995986000025],[104.30519824999999,-4.736512145000006],[104.30677300600001,-4.738727825000012],[104.30495891200002,-4.74105175599999],[104.30605705699998,-4.743322293000006],[104.30586271300001,-4.745141978999982],[104.307607544,-4.745829248999996],[104.308393379,-4.747882510000011],[104.30650979199999,-4.749216880999995],[104.30737916200002,-4.751022936000027],[104.30675248300003,-4.752257242999974],[104.307502709,-4.75339167300001],[104.30642942700001,-4.755897909999987],[104.30780206700001,-4.757622025999979],[104.30801485799998,-4.759887159000016],[104.30660328099998,-4.762026228000025],[104.30497808199999,-4.7623579149999955],[104.30417447100001,-4.765171692000024],[104.30606813700001,-4.766182628000024],[104.30651516,-4.768536756000003],[104.30844486299998,-4.769413181000004],[104.31006055199998,-4.768948591000026],[104.310038754,-4.770236109999985],[104.311481835,-4.770591104000005],[104.311244725,-4.772042845999977],[104.31280897699997,-4.772123067999985],[104.31412002500002,-4.773278826000023],[104.31289205600001,-4.774031494999974],[104.31245582600002,-4.7751792259999775],[104.31347875400002,-4.7758864840000115],[104.31328303499998,-4.776512674000003],[104.323701358,-4.774504288999992],[104.32883534500002,-4.769746877999978],[104.33164920600001,-4.768713385000012],[104.33090651499998,-4.767855628999996],[104.332820776,-4.766108734999989],[104.33024750599998,-4.76394551300001],[104.33000691500001,-4.7624915110000074],[104.32858429499998,-4.761414085000013],[104.32486246799999,-4.760119081000028],[104.32310859299997,-4.756349351999972],[104.32209272900002,-4.755963651000002],[104.32148701599999,-4.754428448999988],[104.32270333399998,-4.75073549199999],[104.32289346900001,-4.744714199999976],[104.32430589699999,-4.743955835000008],[104.32360511500002,-4.742891080999982],[104.323680083,-4.740796341000021],[104.32419616200002,-4.740312856000003],[104.327526234,-4.74065509899998],[104.32834109599997,-4.739948884],[104.32724374899999,-4.7381583590000105],[104.328150962,-4.735715943999992],[104.32733610000002,-4.734721811999975],[104.327537098,-4.732039283000006],[104.32623875000002,-4.730564926],[104.32683088499999,-4.729304604999982],[104.32622788700002,-4.728094262000013],[104.32665704800002,-4.726348283999982],[104.32563575199998,-4.726272230000006],[104.326418021,-4.724832638999999],[104.32613010300003,-4.723816777000025],[104.328675191,-4.722103392999998],[104.331553283,-4.721891528000015],[104.332759281,-4.719644679999988],[104.33475297899997,-4.719508870000027],[104.33603394400001,-4.717097963000015],[104.33907338,-4.715018434000001],[104.33936129799997,-4.713054070999988],[104.34055643099998,-4.712619478000022],[104.34092474900001,-4.7112298659999965],[104.34190801699998,-4.710751813000002],[104.34214704300001,-4.711316785000008],[104.342804365,-4.710175977000006],[104.34353774200002,-4.710262897000007],[104.34302709299999,-4.709323086999973],[104.345018074,-4.708533213999999],[104.34616431400002,-4.7091470770000114],[104.34816779099998,-4.705423698999994],[104.34883054599999,-4.7056464269999765],[104.35158532399998,-4.70317576399998],[104.352666376,-4.703262682999991],[104.35327480699999,-4.701421093000022],[104.352101403,-4.700172724000026],[104.35357359,-4.699901103000002],[104.35270983499998,-4.698512575999985],[104.35501861300003,-4.694998888999976],[104.35612030700003,-4.691640569000015],[104.35907010900002,-4.690556258000015],[104.35911900100001,-4.688589723000007],[104.361052943,-4.687823751999986],[104.36196558799998,-4.685922405999975],[104.36380772199999,-4.68629181],[104.364063042,-4.685195549000014],[104.36548633899997,-4.6848967660000085],[104.36767451499998,-4.681266823999977],[104.36879530800002,-4.680792790999988],[104.370460203,-4.683450457999982],[104.37157013400002,-4.686478102000024],[104.37108454000003,-4.687102438000011],[104.37142562700001,-4.6881467559999805],[104.37240558600001,-4.687111232000007],[104.37690741900002,-4.6853279840000255],[104.38002415199998,-4.685922472000016],[104.38809869800002,-4.685225483000011],[104.39941623700003,-4.683235344000025],[104.40124435199999,-4.680120917000011],[104.40510303000002,-4.678686280000022],[104.39852249400002,-4.675248656000008],[104.39828895900001,-4.674003079999977],[104.40118933600002,-4.673432432000027],[104.40299988499999,-4.672299735000024],[104.40379815400001,-4.670622311999978],[104.40463237400002,-4.67058695999998],[104.40427256599997,-4.67004883200002],[104.40524627799999,-4.668858487000023],[104.40529872600001,-4.669816699000023],[104.40615027899997,-4.67013902299999],[104.40707323999999,-4.668440995000026],[104.408894175,-4.669148988000018],[104.40822346700003,-4.668134983000016],[104.41050608299997,-4.666864162000024],[104.41111422900002,-4.66697093800002],[104.410809938,-4.667895008000016],[104.411670313,-4.668501853999999],[104.41215340100001,-4.667458017999991],[104.41299325300002,-4.667524591000017],[104.412855364,-4.665778223000018],[104.41785223199997,-4.664350548000016],[104.42577339600001,-4.663874554000017],[104.42626468899999,-4.662891844000001],[104.425864392,-4.662054187000024],[104.426676832,-4.661226103999979],[104.42537920400002,-4.660761863999994],[104.42543096000003,-4.659451720999982],[104.426597109,-4.657931560000009],[104.42643874800001,-4.656988710999997],[104.427354487,-4.656523015000005],[104.42848080099998,-4.656867988999977],[104.43035660999999,-4.654747244000021],[104.432077596,-4.654358145999993],[104.43074485400001,-4.653575992000015],[104.43169026800001,-4.6526805569999965],[104.43163196199998,-4.651851756999974],[104.43054993999999,-4.652468150999994],[104.430537862,-4.651579378000008],[104.434080209,-4.651023362999979],[104.434815549,-4.648687327000005],[104.43631904900002,-4.648591536000026],[104.43642733399997,-4.647258793999981],[104.437383297,-4.6465399460000185],[104.43492950400002,-4.643453340999997],[104.43294068300003,-4.643726425000011],[104.43098378899998,-4.644848216000014],[104.42995406199998,-4.646731306999982],[104.42878294399998,-4.6472567339999955],[104.42543429199998,-4.644334972000024],[104.43042373999998,-4.626157268999975],[104.428701273,-4.62755148399998],[104.42979472799999,-4.627592995999976],[104.429277394,-4.629088561999993],[104.42824552799999,-4.629696109000008],[104.42882414399998,-4.630924703999995],[104.428226242,-4.630905417000008],[104.42531127799998,-4.638133144999983],[104.42466213199998,-4.630111914999986],[104.41244505999998,-4.628227521999975],[104.40099117199998,-4.625502539000024],[104.39749433100002,-4.6251356860000215],[104.39344623400001,-4.626485267000021],[104.384898432,-4.624822401000017],[104.381306086,-4.6234100909999825],[104.38409423799999,-4.622985840000013],[104.38427734300001,-4.6213989259999835],[104.386474609,-4.620178222999982],[104.38732910200002,-4.618713378999985],[104.390340385,-4.618548728999997],[104.39082744500001,-4.618013006000012],[104.39070392399998,-4.617409742000007],[104.38850942900001,-4.6174270019999994],[104.38749015299999,-4.615520910999976],[104.38756579099999,-4.613245106000022],[104.39017655599997,-4.610163473],[104.38938797700001,-4.608381232999989],[104.39017940399998,-4.607259302999978],[104.39509283000001,-4.605361469000002],[104.39497513999999,-4.603405193000015],[104.39229100400001,-4.603839314000027],[104.39180525799998,-4.602702702999977],[104.39269295600002,-4.600632066999992],[104.39543787000002,-4.600894165],[104.39433997499998,-4.598983139999973],[104.395257324,-4.596766796999987],[104.394409983,-4.596722871999987],[104.39361688700001,-4.595737851000024],[104.39472714300001,-4.594700577000026],[104.39472595799998,-4.593229586000007],[104.39591495500002,-4.592054357999984],[104.396176793,-4.5941681790000075],[104.396871315,-4.594430120000027],[104.39826072599999,-4.593100784000001],[104.39712891599999,-4.592448607999984],[104.39783626000002,-4.591364108999983],[104.40010874799998,-4.592360867000025],[104.40185118300002,-4.590491405000023],[104.402994627,-4.591175389999989],[104.40652646299998,-4.589611391000005],[104.40674778200002,-4.588790791000008],[104.405877352,-4.587218749999977],[104.403625831,-4.585415556999976],[104.40533244800002,-4.584727197999996],[104.40798662200001,-4.585218956000006],[104.40826556799999,-4.58434592499998],[104.40698100700001,-4.583435540999972],[104.40723921699998,-4.58293818300001]]]},"properties":{"NAMOBJ":"Rebang Tangkas","WADMKC":"Rebang Tangkas","WADMKK":"Way Kanan","KDCPUM":"18.08.09"}},
{"type":"Feature","geometry":{"type":"Polygon","coordinates":[[[104.58870890100002,-4.659216191999974],[104.582788989,-4.657966928999997],[104.58271223399998,-4.656516868999972],[104.58023768499999,-4.654185594000012],[104.57846884600002,-4.653492620999998],[104.57787850900002,-4.652433950999978],[104.57521334500001,-4.653319524999972],[104.57676002,-4.651855603999991],[104.575830854,-4.651004375000014],[104.5701459,-4.6550489919999904],[104.57130345399997,-4.656490474000009],[104.57176210799997,-4.6602907500000015],[104.57388065100002,-4.662016160999997],[104.57429562499999,-4.663173716000017],[104.57091032300002,-4.667978661999996],[104.57047351099999,-4.67016272699999],[104.57184946900003,-4.67164789200001],[104.572177081,-4.674356133000003],[104.57278067099998,-4.674779236999996],[104.57625468399999,-4.674255757000026],[104.57815825300003,-4.675397898000028],[104.58201297900001,-4.679490570999974],[104.58253645999997,-4.681441729000028],[104.58111897100002,-4.685791712000025],[104.57900719899999,-4.687635794000016],[104.57711873300002,-4.687996563000013],[104.57721947900001,-4.689262217000021],[104.57361757799998,-4.688637706000009],[104.571458861,-4.689270335999993],[104.57145036999998,-4.69039348199999],[104.569690191,-4.691678930000023],[104.57111891400001,-4.696018110000011],[104.56941782799998,-4.698171252999998],[104.56994999800003,-4.69999507],[104.57478529399998,-4.700578197000027],[104.57463339600002,-4.7037437029999865],[104.57329383500002,-4.7057821650000164],[104.573264714,-4.7081409560000225],[104.57253669300002,-4.708577768999987],[104.57233284799997,-4.709713482999973],[104.574575154,-4.710703593000005],[104.57329383500002,-4.714227220999987],[104.573672407,-4.715304692000018],[104.57635152799998,-4.716527768999981],[104.57713779199997,-4.7176926039999785],[104.57402185900003,-4.719934911999985],[104.573643285,-4.720808538000028],[104.576759219,-4.724856339999974],[104.57413833999999,-4.726632714000004],[104.573031748,-4.730214581999974],[104.570672957,-4.731816229999993],[104.56895482499999,-4.735805789999972],[104.56596608400002,-4.737082063999992],[104.56278119900003,-4.736329966000028],[104.56135692100003,-4.736630354999988],[104.56214053899998,-4.7402904059999855],[104.561907571,-4.744309086999976],[104.55981612300002,-4.746661528999994],[104.558922785,-4.746036586999992],[104.55856493200002,-4.74642283899999],[104.560072988,-4.74767853100002],[104.559423568,-4.7481091669999955],[104.55930537400002,-4.750422782999976],[104.56305150200001,-4.757320167999978],[104.56667903599998,-4.776576276000014],[104.56744673999998,-4.777807411000026],[104.56482431699999,-4.780628686999989],[104.56334446400001,-4.780846687999997],[104.56208810700002,-4.782540863999998],[104.56250689400002,-4.783740111999975],[104.56174546599999,-4.784787074000008],[104.559589432,-4.785481408999999],[104.55762637700002,-4.787028057999976],[104.558596007,-4.79167395799999],[104.55664484800002,-4.793315784000015],[104.554979226,-4.793268195999985],[104.55419400199997,-4.794838640000023],[104.53850119100002,-4.788441724999984],[104.53546665599998,-4.790661800999999],[104.53479406999998,-4.792891494000003],[104.533040755,-4.793278666999981],[104.53172263300002,-4.794369151000012],[104.53300040599999,-4.796018117000017],[104.535541669,-4.796717677999993],[104.53518475099997,-4.7979954499999735],[104.53374993599999,-4.798066832000018],[104.53276441600002,-4.800976062000018],[104.53287905299999,-4.802621122000005],[104.53089458199997,-4.801193445000024],[104.529872329,-4.802537985000015],[104.527796524,-4.802485491000027],[104.52808205899998,-4.803913168999998],[104.527161207,-4.806061822000004],[104.525390889,-4.806040407000012],[104.52534805900001,-4.8079296980000095],[104.523615812,-4.809661946999995],[104.52360977699999,-4.810735303999991],[104.52473990200002,-4.811956790000011],[104.52385399600001,-4.812950679999972],[104.52430578299999,-4.815195738],[104.522901972,-4.8175236860000155],[104.52108961599998,-4.8177878060000126],[104.522108376,-4.820858206000025],[104.52487374999998,-4.821934877999979],[104.52786501700001,-4.826616300000012],[104.526694539,-4.8284943990000215],[104.52701423799999,-4.830022880000001],[104.52332690700001,-4.8401177480000115],[104.52857726299999,-4.840323399999988],[104.533252904,-4.839585768000006],[104.54157250899999,-4.8405731550000155],[104.541919221,-4.849200790999987],[104.547565018,-4.850914773999989],[104.549243472,-4.849079099999983],[104.55111110000001,-4.848611111000025],[104.553809721,-4.849234863999982],[104.55483627299998,-4.848702392999996],[104.554615851,-4.846127688000024],[104.55684434,-4.844605848000015],[104.55634633300002,-4.84272127600002],[104.554034248,-4.843513187999974],[104.55207759799998,-4.840336901000001],[104.55028517800002,-4.839845642],[104.54979499900003,-4.8391365140000175],[104.55082159699998,-4.836446535999983],[104.54888902099998,-4.833661370000016],[104.54889017699998,-4.8319140940000125],[104.55109610300002,-4.831478420999986],[104.55209458399997,-4.830284629000005],[104.553606377,-4.830887996999991],[104.57055559999998,-4.827222221999989],[104.57499999999999,-4.827777777999984],[104.57777779999998,-4.826111110999989],[104.59083329999999,-4.825555555999983],[104.60277780000001,-4.823611110999991],[104.60722220000002,-4.826666666999984],[104.60995476099998,-4.83273008499998],[104.61186453300002,-4.8319335819999765],[104.613345261,-4.830373849000011],[104.613332292,-4.828910141999984],[104.61604087699999,-4.827646957000013],[104.616177747,-4.8260598850000065],[104.61544511599999,-4.825721697999995],[104.6191667,-4.822499999999991],[104.62207334300001,-4.822420131999991],[104.62188422499997,-4.820081123000023],[104.62310386299998,-4.817569784],[104.6236111,-4.813333333000003],[104.62077934299998,-4.811203786000021],[104.621079055,-4.808571045000008],[104.61872412299999,-4.806265938000024],[104.61944440000002,-4.802500000000009],[104.62257244300002,-4.799968232000026],[104.621353656,-4.79738133799998],[104.62141257299999,-4.79609198899999],[104.62535248900002,-4.793194823000022],[104.63036407300001,-4.791312627000025],[104.63240351899998,-4.78793170900002],[104.633667564,-4.788544084000023],[104.63700553000001,-4.785452158999988],[104.63643766899997,-4.783045226000013],[104.63912303500001,-4.782868447999988],[104.64004672700003,-4.784244392000005],[104.64158967999998,-4.782092900999999],[104.64462564500002,-4.780950858999972],[104.645949487,-4.7789272790000155],[104.64552991900001,-4.775892861999978],[104.64164631699998,-4.775012507999975],[104.64190035799999,-4.77361541800002],[104.63981816400002,-4.771716615999992],[104.63665935900002,-4.766639608999981],[104.63628369000003,-4.764621936000026],[104.63381228399999,-4.7621345669999755],[104.63314872500001,-4.758948813000018],[104.634486837,-4.754000979000011],[104.63646358800003,-4.752147072000014],[104.6372222,-4.749166666999997],[104.63534288699998,-4.743299707999995],[104.63472100299998,-4.7422940989999915],[104.633132133,-4.742143950000013],[104.63075092700001,-4.740294758999994],[104.62876405100002,-4.739751241000022],[104.62801663800002,-4.73872068899999],[104.625040636,-4.742852801000026],[104.623754642,-4.741068498000004],[104.623591353,-4.738796606999983],[104.62469744700002,-4.734925948000011],[104.62422950199999,-4.732659067999975],[104.62855427400001,-4.729952764000018],[104.62742488200001,-4.7290976730000125],[104.62790410600002,-4.7279078529999765],[104.62708993299998,-4.726873979000004],[104.62700728700003,-4.724181620000024],[104.62468491200002,-4.719513430000006],[104.62383709199997,-4.71506387300002],[104.62455027800002,-4.714565569999991],[104.625696231,-4.715279712999973],[104.627894852,-4.7146610639999835],[104.62859054900002,-4.714999838999972],[104.62917404400002,-4.713971291000007],[104.62876542999999,-4.713303440000004],[104.63041246900002,-4.712323765999997],[104.63095450700001,-4.710906292999994],[104.63180708099998,-4.711065340000005],[104.63190702999998,-4.712286111000026],[104.63268331199998,-4.711762664999981],[104.632161489,-4.711180870000021],[104.632937701,-4.710806419999983],[104.63296693400002,-4.709859654000013],[104.63207616199998,-4.7094843230000265],[104.63293369799999,-4.709292538],[104.63293942400003,-4.707519143000013],[104.63448465099998,-4.705024202999994],[104.632163478,-4.705282533999991],[104.62835156300002,-4.7041546209999865],[104.62746928000001,-4.703364274000023],[104.62748808200001,-4.702086936000001],[104.629739454,-4.701402953000013],[104.62868977300002,-4.698886242000015],[104.62682997600001,-4.698567652999998],[104.625444803,-4.69709205800001],[104.62525584100001,-4.6947965840000165],[104.6239147,-4.695087983999997],[104.62379065800002,-4.69576097700002],[104.62246373699998,-4.695223473999988],[104.62031726200001,-4.694097336000027],[104.61972220000001,-4.6924999999999955],[104.61891082199998,-4.692085979000012],[104.616908696,-4.6920652270000005],[104.61683329700003,-4.691193193000004],[104.61560519099999,-4.691780766000022],[104.61492132000001,-4.689989227000012],[104.61400481800001,-4.691332443000022],[104.61247418099998,-4.69032850100001],[104.61098087900001,-4.690380096000013],[104.60873320899998,-4.682702935999998],[104.60924494,-4.68120912400002],[104.61149855600002,-4.680021661000012],[104.61011519099998,-4.676663634000022],[104.611440405,-4.675972913999999],[104.61353451600002,-4.6715433159999975],[104.61567763699998,-4.6704383599999915],[104.61371319,-4.668886774999976],[104.58870890100002,-4.659216191999974]]]},"properties":{"NAMOBJ":"Gunung Labuhan","WADMKC":"Gunung Labuhan","WADMKK":"Way Kanan","KDCPUM":"18.08.10"}},
{"type":"Feature","geometry":{"type":"Polygon","coordinates":[[[104.90872239599997,-4.201207963000002],[104.906062459,-4.201037466999992],[104.90614541600002,-4.2019905590000235],[104.90464548599999,-4.203411449999976],[104.90389400499998,-4.203244172999973],[104.90423667900001,-4.204039973000022],[104.903390941,-4.205355635999979],[104.90409268799999,-4.205503367000006],[104.90356819300001,-4.206017884999994],[104.904001774,-4.206188380000015],[104.90370217200001,-4.206857083999978],[104.904275251,-4.206946174999985],[104.90319500300001,-4.207162079],[104.90343814599998,-4.208383420000018],[104.90226709799998,-4.2083463629999756],[104.90283135700003,-4.209815273999993],[104.90216088,-4.210348227999987],[104.89993124300003,-4.2102100700000165],[104.89877840399998,-4.211499634000006],[104.89788427799999,-4.210609311999974],[104.896542334,-4.210927219999974],[104.89654570200003,-4.20998924700001],[104.89466540400002,-4.209294199999988],[104.89464182400002,-4.207742848999999],[104.892628349,-4.208387430000016],[104.891645262,-4.209699806000003],[104.89204847000002,-4.210572698000021],[104.89080276700003,-4.210839584999974],[104.890844781,-4.211963205000018],[104.89020999799999,-4.212355022999986],[104.89053859199998,-4.213243104000014],[104.89146846900002,-4.213600401999997],[104.89093967100001,-4.213863047000018],[104.89160566999999,-4.214513425000007],[104.89096223299998,-4.214910670999984],[104.89159889500002,-4.216582609999989],[104.89120626800002,-4.217368541999974],[104.89067649499998,-4.216854969999986],[104.89068398500001,-4.217421664000028],[104.89012710899999,-4.217409642999996],[104.889443841,-4.216528025000002],[104.889357238,-4.217223892999982],[104.88865120499997,-4.216760233999992],[104.88838171100002,-4.218486325000015],[104.88783688699999,-4.217369147999989],[104.886136061,-4.216792438000027],[104.88630892100002,-4.217827054999987],[104.88525343999999,-4.218621571000028],[104.88369851499999,-4.21854751799998],[104.88296657199999,-4.217825473000005],[104.88252744599998,-4.218564710999999],[104.88071302999998,-4.218336454999985],[104.88051934100002,-4.219209260000014],[104.87841979400002,-4.2173337309999965],[104.87719494700002,-4.218102697999996],[104.87507057099998,-4.218069727],[104.87481476800002,-4.218967625000005],[104.87652152800001,-4.220855513999993],[104.87624814200001,-4.221830146000002],[104.87578780199999,-4.221630725000011],[104.87490203200002,-4.222675831999993],[104.87472518099997,-4.224251168000023],[104.876138685,-4.225071714000023],[104.876160518,-4.2258735080000065],[104.876789541,-4.226120585999979],[104.87622015300002,-4.226550942000017],[104.87695721400002,-4.227010618999998],[104.876890318,-4.22779122999998],[104.87586935000002,-4.228153598999995],[104.87600077299999,-4.230445218999989],[104.876718579,-4.230397702999994],[104.87686518700002,-4.231160704999979],[104.87624405600002,-4.230953326000019],[104.87657782500003,-4.231540833999986],[104.875274789,-4.232161597000015],[104.87661533699998,-4.2332511540000155],[104.87564527400002,-4.233898432999979],[104.87516478399999,-4.233266798999978],[104.87497659799999,-4.234316422999996],[104.87344873799998,-4.234313531999987],[104.87273147600001,-4.235641810000004],[104.87160969400003,-4.234986863000017],[104.872384453,-4.233457631000022],[104.86996521600003,-4.231925831000012],[104.86960488199998,-4.232609707999984],[104.86855711700002,-4.232844312999987],[104.867884522,-4.232068217999995],[104.86727610000003,-4.232807617999981],[104.86645600499997,-4.2314404599999875],[104.864951255,-4.231809806000001],[104.86374808800002,-4.231352216000005],[104.86404376500002,-4.2318971390000115],[104.86323095900002,-4.233297972999992],[104.862004275,-4.233537947000002],[104.86050766199997,-4.235279412000011],[104.861185406,-4.23595736499999],[104.860600718,-4.236449178999976],[104.86128523999997,-4.237027392000016],[104.86168881100002,-4.236490763000006],[104.86192523300002,-4.237170671999991],[104.85929198600002,-4.238159462999988],[104.85936410900001,-4.2392227000000275],[104.85774670400002,-4.2393780369999945],[104.85750435699998,-4.240059757999973],[104.85704381900001,-4.239433272999975],[104.856462953,-4.240427587999989],[104.85604454100002,-4.240050801999985],[104.85545474499997,-4.241325855000014],[104.85469131399998,-4.241325711000002],[104.853200426,-4.239788198999975],[104.851461513,-4.240358899],[104.85015284500003,-4.241597332000026],[104.84973668100002,-4.240794982000011],[104.850182357,-4.239956974999984],[104.84868272199998,-4.238976372000025],[104.84908268200002,-4.239683185999979],[104.84804620400001,-4.23972545700002],[104.84737956499998,-4.238663324000015],[104.84640335,-4.239142085000026],[104.84500127400003,-4.238354128000026],[104.84511698300003,-4.239688705999981],[104.84445902800002,-4.239152280999974],[104.84361025099997,-4.239433491],[104.843857281,-4.238688195000009],[104.843118425,-4.238516047000019],[104.842086795,-4.2393193899999915],[104.84054578899998,-4.239102086999992],[104.84067168500002,-4.2378222460000075],[104.84019727600003,-4.237676604000001],[104.83883869200002,-4.239042638000001],[104.83737432200002,-4.2379053500000055],[104.835840771,-4.239828805999991],[104.83517314300002,-4.239345293999975],[104.834972655,-4.240138219000016],[104.83398622099998,-4.239099825999972],[104.83284401700001,-4.2392645209999955],[104.83276479400001,-4.23995868999998],[104.83199078500002,-4.239796222999985],[104.83167921500001,-4.238293123000005],[104.830600194,-4.2388027189999775],[104.83066680600001,-4.239543663999996],[104.827325691,-4.238752598000019],[104.82681062,-4.239726277999978],[104.827472188,-4.239800517999981],[104.82627852299998,-4.242203861000007],[104.82519257799999,-4.242210672999988],[104.82555090099999,-4.242852894000009],[104.82427785700003,-4.242649730999972],[104.82348695899998,-4.243361377999975],[104.82327564799999,-4.241486069000018],[104.82110638099999,-4.241549077000002],[104.82155117399998,-4.240570971000011],[104.81754345799999,-4.242524678999985],[104.81741711799998,-4.241768728000011],[104.81643476300002,-4.242141601000014],[104.81798062799999,-4.319712528000025],[104.82930305399998,-4.320553056999984],[104.83586939499997,-4.325759624],[104.839916184,-4.339560210999991],[104.83669675099998,-4.3415357729999755],[104.833880723,-4.344809016999989],[104.83472702199998,-4.349222809000025],[104.83430566700002,-4.350591098999985],[104.832650839,-4.350173609000024],[104.827488287,-4.355050451000011],[104.82044979,-4.3571868079999945],[104.81919271499999,-4.358608136999976],[104.81847872600002,-4.360746532999997],[104.81831154899999,-4.367559964999998],[104.820497854,-4.373150704000011],[104.81440288300001,-4.372549246999995],[104.81201133100001,-4.367408510000018],[104.806640405,-4.363990649000016],[104.79653654100002,-4.363752348999981],[104.796559221,-4.368358317000002],[104.788684165,-4.367292199000019],[104.79004075699999,-4.39041641099999],[104.78854169700003,-4.390430689000027],[104.78957290900001,-4.397459907999973],[104.79989921200001,-4.398695676999978],[104.800356395,-4.401093869000022],[104.79354301400002,-4.402862937000009],[104.79386523199997,-4.411562833999994],[104.79216261599998,-4.41534642900001],[104.79302263900001,-4.4478553550000015],[104.79487996400002,-4.447831818999987],[104.795319302,-4.446105127999999],[104.796499515,-4.446067056999993],[104.796956373,-4.447342447999972],[104.79781297800002,-4.446200307000026],[104.798155619,-4.446714269999973],[104.798460191,-4.445058164999978],[104.80036375999998,-4.443896988000006],[104.800630259,-4.444277702000022],[104.80215311400002,-4.443763739000019],[104.80243865,-4.442450275999988],[104.80154397199999,-4.441803063000009],[104.80441836099999,-4.441536563],[104.80548435899999,-4.44064188599998],[104.806417109,-4.441517526999974],[104.80776864199998,-4.441212956000015],[104.80828260599998,-4.441745955999977],[104.80906306899999,-4.441003564000027],[104.80898692699998,-4.441688849000002],[104.80986256699998,-4.4417840259999934],[104.80940571100001,-4.442297990999975],[104.81045267399998,-4.4422218490000205],[104.80984353299999,-4.44250738300002],[104.81011003200001,-4.443078453999988],[104.81380295600002,-4.442050527999982],[104.81427884599998,-4.443383025000003],[104.81376488500001,-4.443973131000007],[104.81462149100003,-4.446181271],[104.81604333199999,-4.442156386000022],[104.82090769400003,-4.444593865000002],[104.82672329500002,-4.443668661000004],[104.83745782199998,-4.443998064000027],[104.84414363399998,-4.442030005999982],[104.844955659,-4.439824095999995],[104.84838921300002,-4.438361568999994],[104.86193994400003,-4.439609570000016],[104.87823224099998,-4.436245761999999],[104.87731812099997,-4.428764695999973],[104.880362994,-4.428616427000009],[104.879235703,-4.420397567000009],[104.87930330299997,-4.415668363999998],[104.88016521399999,-4.413855942999987],[104.88007926799997,-4.412124962999997],[104.87775065400001,-4.408238881999978],[104.87698255200002,-4.405387809999979],[104.87798914000001,-4.402940495999985],[104.90685309600002,-4.402766266000015],[104.90933431899998,-4.403992974000005],[104.907565439,-4.373740036000015],[104.88592271599998,-4.361003567000012],[104.889924737,-4.361163750999992],[104.89396982099998,-4.35789199200002],[104.89070044200002,-4.352715475000025],[104.88841616000002,-4.353020044999994],[104.88729952199998,-4.352089337999985],[104.91411602599999,-4.352700127999981],[104.916933352,-4.353529741999978],[104.927158034,-4.352772868999978],[104.932315028,-4.3708513880000055],[104.93338340999998,-4.382679471000017],[104.945344283,-4.382414131000019],[104.95422542,-4.3795200349999845],[104.96957953499998,-4.381046923999975],[104.980497012,-4.383551195999985],[104.98025000000001,-4.3614166670000145],[104.98233333299999,-4.3557500000000005],[104.98166666700001,-4.351166666999973],[104.99591666700002,-4.356027777999998],[104.99763267100002,-4.3546632430000045],[105.003208631,-4.352719831000002],[104.99605762499999,-4.3339229150000165],[104.99622153000001,-4.3321809650000205],[104.99249957500001,-4.332632471000011],[104.99123326900002,-4.333983783000008],[104.98896637899998,-4.334358755999972],[104.98873740200003,-4.3302643310000235],[104.98935615599999,-4.328919444000007],[104.992786921,-4.3275727320000215],[104.99262405000002,-4.325849044999984],[104.99115996699999,-4.32314657500001],[104.99339185500003,-4.3222944629999915],[104.98990878500001,-4.321404213999983],[104.98862709600002,-4.321904754999991],[104.98855556799998,-4.320770416000016],[104.98105038599999,-4.3204443399999946],[104.97614274699998,-4.3235971259999815],[104.944282558,-4.317078740999989],[104.94345450499998,-4.316464841000027],[104.93076455099998,-4.314344342000027],[104.92878750699998,-4.313880745999995],[104.92923900900001,-4.307272189999992],[104.91182135499997,-4.303626854000015],[104.90721471699999,-4.303322283999989],[104.907732022,-4.26685235399998],[104.90928726499999,-4.223013002000016],[104.90872239599997,-4.201207963000002]]]},"properties":{"NAMOBJ":"Negara Batin","WADMKC":"Negara Batin","WADMKK":"Way Kanan","KDCPUM":"18.08.11"}},
{"type":"Feature","geometry":{"type":"MultiPolygon","coordinates":[[[[104.980497012,-4.383551195999985],[104.96957953499998,-4.381046923999975],[104.95422542,-4.3795200349999845],[104.945344283,-4.382414131000019],[104.93338340999998,-4.382679471000017],[104.932315028,-4.3708513880000055],[104.927158034,-4.352772868999978],[104.916933352,-4.353529741999978],[104.91411602599999,-4.352700127999981],[104.88729952199998,-4.352089337999985],[104.88841616000002,-4.353020044999994],[104.89070044200002,-4.352715475000025],[104.89396982099998,-4.35789199200002],[104.889924737,-4.361163750999992],[104.88592271599998,-4.361003567000012],[104.907565439,-4.373740036000015],[104.90933431899998,-4.403992974000005],[104.90685309600002,-4.402766266000015],[104.87798914000001,-4.402940495999985],[104.87698255200002,-4.405387809999979],[104.87775065400001,-4.408238881999978],[104.88007926799997,-4.412124962999997],[104.88016521399999,-4.413855942999987],[104.87930330299997,-4.415668363999998],[104.879235703,-4.420397567000009],[104.880362994,-4.428616427000009],[104.87731812099997,-4.428764695999973],[104.87823224099998,-4.436245761999999],[104.87963809399997,-4.43932950300001],[104.88409958400001,-4.4435768399999915],[104.89664866700002,-4.448076410999988],[104.90058627399998,-4.450219808999975],[104.90150581400002,-4.452990473],[104.916086313,-4.46087928999998],[104.922099323,-4.463221971999985],[104.92999721199999,-4.4647540930000105],[104.93915149899999,-4.468087786000012],[104.9464213,-4.468538744999989],[104.95081895999999,-4.4707009190000235],[104.95243419000002,-4.475204908000023],[104.958606728,-4.482776576999981],[104.967388889,-4.475305556000023],[104.96591666699999,-4.473500000000001],[104.96919444399998,-4.466888889000018],[104.96558333299998,-4.459694443999979],[104.98561111100003,-4.446138888999997],[105.009527778,-4.44941666699998],[105.008361111,-4.46444444399998],[105.01691762000002,-4.465625434000003],[105.03724999999997,-4.458361110999988],[105.05507740500002,-4.442900817000009],[105.0625,-4.442444443999989],[105.06847222200003,-4.439388888999986],[105.07013888900002,-4.4363611109999965],[105.06713888899998,-4.426388889000009],[105.06169444400001,-4.421972222000022],[105.05677777800003,-4.422805556000014],[105.05236111099998,-4.412249999999972],[105.05290785800003,-4.4108470830000215],[105.056513075,-4.409688830999983],[105.05740528400003,-4.40835888700002],[105.05733308100002,-4.407083296999986],[105.05555741799998,-4.406287315999975],[105.05166382099998,-4.407843641999989],[105.04849115000002,-4.407599592999986],[105.05007721300001,-4.403655094999976],[105.04889630600002,-4.400886860000014],[105.04714778099998,-4.401266937000003],[105.046210701,-4.405935132000025],[105.044570335,-4.406541365999999],[105.041550782,-4.404252707000012],[105.04165872599998,-4.400398774999985],[105.040153476,-4.399349431000019],[105.03890967799998,-4.399611854],[105.03918025399997,-4.403085802000021],[105.037630132,-4.405944663000014],[105.03774749899998,-4.409807629999989],[105.036747069,-4.4106399839999995],[105.03375467799998,-4.410911528999975],[105.03227648199999,-4.4104230689999895],[105.03108666700001,-4.408867074],[105.03105054899999,-4.407301984000014],[105.03260969299998,-4.404017936999992],[105.03208686699998,-4.402561429000002],[105.03050951400002,-4.401349227000026],[105.025876745,-4.401059906],[105.02583172099997,-4.402290268999991],[105.02840054799998,-4.404289512999981],[105.029085614,-4.405935999999997],[105.02833760499999,-4.408242957000027],[105.02635473700002,-4.409464344000014],[105.02519199699998,-4.408523520000017],[105.02520088199998,-4.404732920000015],[105.02393896199999,-4.402444128000013],[105.02097949699998,-4.4010730680000165],[105.01963888900002,-4.396999999999991],[105.01041666700002,-4.38788888900001],[104.99838888900001,-4.385694444000023],[104.98052777800001,-4.385083333000011],[104.980497012,-4.383551195999985]]],[[[104.99339185500003,-4.3222944629999915],[104.99605235199999,-4.322187727000028],[104.99808333300001,-4.310166666999976],[104.99830555599999,-4.30716666699999],[104.996361111,-4.287972222000008],[104.99430555599997,-4.279749999999979],[104.98888888900001,-4.272722222000027],[104.989166667,-4.264777777999996],[104.98555555600001,-4.257027778000008],[104.97922222199998,-4.252444443999991],[104.95444444399999,-4.248833332999993],[104.95377777800002,-4.241333333],[104.94191666699999,-4.232000000000028],[104.952555556,-4.2237499999999955],[104.9495,-4.2186666669999795],[104.94533333300001,-4.209083333000024],[104.94385916200002,-4.207668103999993],[104.945799819,-4.205910895999978],[104.945979652,-4.204947693999998],[104.94503540699998,-4.204939078999985],[104.945747041,-4.20292245600001],[104.94671397899998,-4.203122956000016],[104.94763466299997,-4.201702893000004],[104.947039647,-4.200191535999977],[104.94597055899999,-4.19959206499999],[104.94647296900001,-4.199380269000017],[104.94624499999998,-4.198665915999982],[104.945577979,-4.198655421000012],[104.94522052399998,-4.1960383750000005],[104.94583933500002,-4.195403875000011],[104.946134643,-4.193701644999976],[104.94552253500001,-4.193197197000018],[104.94617136400001,-4.192091012999981],[104.945001972,-4.192269434000025],[104.94487352499999,-4.191482786999984],[104.944239251,-4.192038776999993],[104.94312523600001,-4.190995000999976],[104.94266066099999,-4.191402616999994],[104.94212345599999,-4.190136772000017],[104.94163585400003,-4.190598523000006],[104.940641427,-4.190003220999984],[104.93956341799998,-4.190122791000022],[104.93956094700002,-4.191091199000027],[104.93808549300002,-4.191564702999983],[104.93753218799998,-4.189442011999972],[104.93674533900003,-4.189359233999994],[104.93429762699998,-4.191560267999989],[104.93546430100002,-4.1914756780000175],[104.93412119300001,-4.193016783000019],[104.93419566699998,-4.194201705000012],[104.93271825800002,-4.193924031999984],[104.93329688099999,-4.192650452000009],[104.931846318,-4.1924681869999745],[104.93220035600001,-4.19196469000002],[104.93143065599997,-4.191118345999996],[104.93002108600001,-4.193179810999993],[104.92965752399999,-4.192347996000024],[104.92788366899998,-4.192665186999989],[104.927721297,-4.191771146999997],[104.925553138,-4.195006566000018],[104.92411994700001,-4.194818940999994],[104.923074052,-4.196405533000018],[104.92244247999997,-4.195409679000022],[104.92144720700003,-4.195533329999989],[104.92148711800002,-4.196944222000013],[104.92054054800002,-4.196593344999997],[104.91985377200001,-4.199208329999976],[104.91888259299998,-4.1983200220000185],[104.91901224499998,-4.19897191299998],[104.918117956,-4.199633511999991],[104.91724060600001,-4.199019892000024],[104.91642320199998,-4.199548257000004],[104.91625713100001,-4.197786896000025],[104.91595839799999,-4.198712425999986],[104.91465491899999,-4.1981424069999775],[104.913785744,-4.198935509000023],[104.91332451699998,-4.198626373000025],[104.913130637,-4.199485012000025],[104.91221382499998,-4.198941882999975],[104.91100237400002,-4.199325113999976],[104.91137755900002,-4.199936061000017],[104.90872239599997,-4.201207963000002],[104.90928726499999,-4.223013002000016],[104.907732022,-4.26685235399998],[104.90721471699999,-4.303322283999989],[104.91182135499997,-4.303626854000015],[104.92923900900001,-4.307272189999992],[104.92878750699998,-4.313880745999995],[104.93076455099998,-4.314344342000027],[104.94345450499998,-4.316464841000027],[104.944282558,-4.317078740999989],[104.97614274699998,-4.3235971259999815],[104.98105038599999,-4.3204443399999946],[104.98855556799998,-4.320770416000016],[104.98862709600002,-4.321904754999991],[104.98990878500001,-4.321404213999983],[104.99339185500003,-4.3222944629999915]]]]},"properties":{"NAMOBJ":"Negeri Besar","WADMKC":"Negeri Besar","WADMKK":"Way Kanan","KDCPUM":"18.08.12"}},
{"type":"Feature","geometry":{"type":"Polygon","coordinates":[[[104.59910466399998,-4.233148550999999],[104.59828670799999,-4.233956352000007],[104.59817847300002,-4.232845455000017],[104.59771756399999,-4.23362974600002],[104.59642275599998,-4.233956755999998],[104.596527778,-4.236575000000016],[104.584858333,-4.243224999999995],[104.56916944400001,-4.248800000000017],[104.56505555500001,-4.249638888999982],[104.54902777799998,-4.257663889000014],[104.53669444399998,-4.261086110999997],[104.53636111100002,-4.2649527780000085],[104.52477777799999,-4.26428611099999],[104.523989814,-4.277674495999975],[104.52148902800002,-4.276433041000018],[104.52102423399998,-4.275223045000018],[104.52205344100003,-4.276177034],[104.52216867300001,-4.275254499000027],[104.520016279,-4.274136843000008],[104.518336003,-4.275965224000004],[104.518188114,-4.277140069999973],[104.51639310299998,-4.275893715999985],[104.51550094599997,-4.276779780000027],[104.51382985200001,-4.277012001999992],[104.51338956799998,-4.278536741999972],[104.51418953799998,-4.280102382999985],[104.51371092900001,-4.280654141000014],[104.51271514299998,-4.280282664000026],[104.51186565699999,-4.2813222600000245],[104.51046406299997,-4.278493948999994],[104.50959709400001,-4.279251407999993],[104.50993339500002,-4.280049513999984],[104.50866092799998,-4.279421630999991],[104.50787248400002,-4.279835471000013],[104.50823889600002,-4.281275444000016],[104.50940853899999,-4.281954906999999],[104.50839525999999,-4.282152836000023],[104.50806270999999,-4.283990792999987],[104.507126056,-4.283394824000027],[104.50688155900002,-4.284843404000014],[104.50538525600001,-4.285066888000017],[104.50607158600002,-4.285992514999975],[104.50427574399998,-4.28742734299999],[104.504689009,-4.2887988389999805],[104.50380157400002,-4.288970670000026],[104.502632731,-4.290921377000018],[104.50150214899998,-4.291516457],[104.50121079299998,-4.293329122999978],[104.50001736899998,-4.293884064999986],[104.49907115600001,-4.292823840999972],[104.498010201,-4.294026142000007],[104.49841829799999,-4.292782504999991],[104.49780095099999,-4.292141997999977],[104.497923136,-4.290722444999972],[104.49575865100002,-4.291281345000016],[104.49517656,-4.292520224999976],[104.49603692699998,-4.293629844000009],[104.495283836,-4.293407418000015],[104.49406179599998,-4.294305427999973],[104.49218814099999,-4.29821044800002],[104.49132819300002,-4.297871961999988],[104.49151477599997,-4.297043459000008],[104.490702005,-4.296201397000004],[104.49091678899998,-4.29766603500002],[104.49005918400002,-4.298427515000014],[104.48815148400001,-4.297880065000015],[104.48784990500002,-4.296431219999988],[104.489439231,-4.2967231559999846],[104.48933918400002,-4.295694869999977],[104.48725020400002,-4.294921461999991],[104.48647735700001,-4.295743453],[104.48638767699998,-4.293327793000003],[104.48552830599999,-4.294427369999994],[104.48553402499999,-4.293666324000014],[104.48474998400002,-4.293242340000006],[104.48534329699999,-4.29164646800001],[104.483951708,-4.291364301999977],[104.484289918,-4.292585509999981],[104.48294139900003,-4.292871866999974],[104.48215426899998,-4.293825622999975],[104.483009869,-4.2954006909999976],[104.48184714199999,-4.295597213000008],[104.481695549,-4.296787204999987],[104.47990177499997,-4.296386754000025],[104.480478446,-4.297432281999988],[104.47951688400002,-4.29820726600002],[104.478528751,-4.296824875000027],[104.477308645,-4.29634564600002],[104.47939332200002,-4.2998473179999905],[104.48038918700001,-4.300933670000006],[104.481483739,-4.306906116999983],[104.48298279900001,-4.3098566489999826],[104.48317315600002,-4.311546066000005],[104.48709536299998,-4.314644783000006],[104.48808652600002,-4.318142841999986],[104.51962543899998,-4.3111135309999895],[104.51876094199997,-4.3127564389999975],[104.51572387599998,-4.314434012999982],[104.51515994800002,-4.315693692000025],[104.51847421399998,-4.315710715000023],[104.51842899100001,-4.322366828999975],[104.52122391699999,-4.324329626000008],[104.52432279800001,-4.3250867350000135],[104.525418043,-4.324596045000021],[104.52547103799998,-4.3238394919999905],[104.52615363500001,-4.324029424999992],[104.52635423599997,-4.323049416999993],[104.52705355900002,-4.323149304000026],[104.52851582199997,-4.325108393999983],[104.53279255799998,-4.325795060000019],[104.53642733999999,-4.328004550999992],[104.54453963499998,-4.3239052139999785],[104.55007138100001,-4.319654738999986],[104.55420522100002,-4.319201760999988],[104.55421704700001,-4.314826735999986],[104.56071151200001,-4.313403741999991],[104.57556249700002,-4.312750031000007],[104.57706725000003,-4.317495361999988],[104.59168539500001,-4.305971208000017],[104.592756598,-4.307019047999972],[104.59484914000001,-4.3073395320000145],[104.59890837900002,-4.305425852999974],[104.601763893,-4.3031923799999845],[104.603742813,-4.299842620999982],[104.59751889199998,-4.291661326999986],[104.59579129100001,-4.282040333999987],[104.59577252899999,-4.279903008000019],[104.596829012,-4.279546089000007],[104.59667196700002,-4.276176771999985],[104.594606596,-4.275186915999996],[104.59063459700002,-4.262661897999976],[104.588940922,-4.259126501000026],[104.60182189800003,-4.2562280710000095],[104.60182094200002,-4.255306738000002],[104.60670084999998,-4.255365089999998],[104.60817374099997,-4.249087299999985],[104.610439246,-4.247245040999985],[104.61002108500003,-4.2443438029999925],[104.61072689500003,-4.2441622459999735],[104.61073683500001,-4.2433580069999834],[104.60885486799998,-4.242515231000027],[104.60567985400002,-4.242514417999985],[104.600385072,-4.238301736999972],[104.59910466399998,-4.233148550999999]]]},"properties":{"NAMOBJ":"Buay Bahuga","WADMKC":"Buay Bahuga","WADMKK":"Way Kanan","KDCPUM":"18.08.13"}},
{"type":"Feature","geometry":{"type":"Polygon","coordinates":[[[104.620784039,-4.38809672299999],[104.61467243200002,-4.385045142000024],[104.61140800099997,-4.3816051960000095],[104.62137098300002,-4.3758775809999975],[104.62630944199998,-4.367048593999982],[104.630124647,-4.358653199000003],[104.624668698,-4.359361691999993],[104.62603892499999,-4.355299434000017],[104.626427417,-4.348016943999994],[104.623465856,-4.343531325000015],[104.61999742500001,-4.340439780999986],[104.616559736,-4.333472160999975],[104.61703495400002,-4.327795379999998],[104.62136338300002,-4.318904208999982],[104.60620626500003,-4.319116317999999],[104.60589693499998,-4.305517699000006],[104.61706850500002,-4.307445062999989],[104.625004273,-4.311411270000008],[104.62340590500003,-4.301256610999985],[104.62029600400001,-4.297135041999979],[104.61386363100002,-4.293821637999997],[104.60975757199998,-4.2903221419999795],[104.603742813,-4.299842620999982],[104.601763893,-4.3031923799999845],[104.59890837900002,-4.305425852999974],[104.59484914000001,-4.3073395320000145],[104.592756598,-4.307019047999972],[104.59168539500001,-4.305971208000017],[104.57706725000003,-4.317495361999988],[104.57556249700002,-4.312750031000007],[104.56071151200001,-4.313403741999991],[104.55421704700001,-4.314826735999986],[104.55420522100002,-4.319201760999988],[104.55007138100001,-4.319654738999986],[104.54453963499998,-4.3239052139999785],[104.53642733999999,-4.328004550999992],[104.53279255799998,-4.325795060000019],[104.52851582199997,-4.325108393999983],[104.52705355900002,-4.323149304000026],[104.52635423599997,-4.323049416999993],[104.52615363500001,-4.324029424999992],[104.52547103799998,-4.3238394919999905],[104.525418043,-4.324596045000021],[104.52432279800001,-4.3250867350000135],[104.52122391699999,-4.324329626000008],[104.51842899100001,-4.322366828999975],[104.51847421399998,-4.315710715000023],[104.51515994800002,-4.315693692000025],[104.51572387599998,-4.314434012999982],[104.51876094199997,-4.3127564389999975],[104.51962543899998,-4.3111135309999895],[104.48808652600002,-4.318142841999986],[104.48709536299998,-4.314644783000006],[104.48317315600002,-4.311546066000005],[104.48298279900001,-4.3098566489999826],[104.481483739,-4.306906116999983],[104.48038918700001,-4.300933670000006],[104.47939332200002,-4.2998473179999905],[104.478864364,-4.300691594],[104.47977796599997,-4.301610288000006],[104.47844866000003,-4.301857503000008],[104.478735169,-4.303110611000022],[104.47806759500003,-4.3040421979999905],[104.47887655199997,-4.304569635000007],[104.47591324199999,-4.30689950499999],[104.47564396899998,-4.308301577999998],[104.473417816,-4.309599756000011],[104.47213198600002,-4.311832450999987],[104.469304932,-4.311250015999974],[104.46949397999998,-4.312561850999998],[104.46829317499999,-4.312151742000026],[104.468026598,-4.313138953000021],[104.46628858499997,-4.313845162000007],[104.464043586,-4.313123983000025],[104.46268504900002,-4.311308440999994],[104.46044876899998,-4.311262998000018],[104.45957833199998,-4.309461160000012],[104.45980035399998,-4.3082586799999945],[104.45819108400002,-4.30773330400001],[104.45789699699998,-4.306589040999995],[104.45705692000001,-4.306061751000016],[104.45691638699998,-4.304963859999987],[104.45772162899999,-4.304810250000003],[104.456966239,-4.303552587000013],[104.45741178999998,-4.303095219999989],[104.456101666,-4.301840228000003],[104.45576045899998,-4.300484680000011],[104.45442806900002,-4.300974267000015],[104.453483248,-4.300249017999988],[104.45187967700002,-4.300228179999976],[104.45168221300003,-4.299525648999975],[104.44968287699999,-4.298486024999988],[104.44680864200001,-4.300029968999979],[104.44703523099997,-4.300562576999994],[104.44623030000002,-4.30025499300001],[104.44583304100001,-4.301158907999991],[104.44471735399998,-4.301076550999994],[104.445132677,-4.301626096000007],[104.44255478399998,-4.302278119999983],[104.44325090299998,-4.302497914000014],[104.44259058900002,-4.303280891999975],[104.44142163200002,-4.302988803999995],[104.44127325,-4.3035799030000135],[104.439262655,-4.303700739000021],[104.43870806400002,-4.304343960999972],[104.43833758900001,-4.303545120000024],[104.43767211,-4.305059061999998],[104.43496468900003,-4.306406302000028],[104.43452420400001,-4.308626231999995],[104.435953885,-4.310598109000011],[104.43513005699998,-4.312296946000004],[104.43608948600001,-4.314626383000018],[104.43545955600001,-4.3149008789999925],[104.43545629699997,-4.315848592000009],[104.43417410199999,-4.316813000000025],[104.43356342099997,-4.316062809000016],[104.433020059,-4.3172553279999875],[104.43161734699999,-4.317114484000001],[104.43087638200001,-4.317979935999972],[104.42829071599999,-4.317761447999999],[104.42799582999999,-4.318477460999986],[104.426318541,-4.3189953820000255],[104.426550168,-4.319620514999997],[104.42586713899999,-4.3202834749999965],[104.42502764300002,-4.32009096500002],[104.42402851499997,-4.322906622000005],[104.42306493699999,-4.323400994999986],[104.42322223600002,-4.322567304000017],[104.42253134600003,-4.323085178999975],[104.42360691300001,-4.324593670000013],[104.42286679799997,-4.324992095000027],[104.42197977299998,-4.323999469],[104.42050477700002,-4.324970945000018],[104.424318444,-4.331291564000026],[104.425782073,-4.340842328000008],[104.43066410300003,-4.3403700640000125],[104.437744764,-4.342197582999972],[104.440281309,-4.344195602000013],[104.44070961199998,-4.345470992999992],[104.44575406899997,-4.348730855999975],[104.445849248,-4.349754023000003],[104.44970397499998,-4.35529816799999],[104.45223810099998,-4.357576500999983],[104.459796052,-4.361240711999983],[104.472138078,-4.3634707379999895],[104.46857053600002,-4.369784202999995],[104.47165807099998,-4.372013880999987],[104.474022601,-4.369926484000018],[104.480587534,-4.367360237000014],[104.48561295600001,-4.366789165],[104.49118719799998,-4.367208764999987],[104.491504437,-4.3594776140000135],[104.49228190999997,-4.355738233000011],[104.49428050400002,-4.353375958000015],[104.49651903400002,-4.352627064999979],[104.49375909399998,-4.356109305000018],[104.49608769299999,-4.362225163000005],[104.50785612099997,-4.371946940999976],[104.511692369,-4.376401450000003],[104.51402828800002,-4.377886971999999],[104.51753348099999,-4.3815685280000025],[104.51899366399999,-4.380251132000012],[104.52183131999999,-4.383557256000017],[104.53519041599998,-4.38531962899998],[104.53682375699998,-4.387646228999984],[104.53902667099999,-4.387880886999994],[104.53909239900003,-4.385630084000013],[104.54014886200002,-4.385107260999973],[104.54396589599997,-4.387371261999988],[104.54578791300003,-4.387636975000021],[104.545728887,-4.388336944999992],[104.56323011799998,-4.38958476900001],[104.57236243300002,-4.3890359609999905],[104.57851864000003,-4.387537146],[104.58027406600002,-4.386865091000004],[104.581118135,-4.384415864000005],[104.582669275,-4.383576527999992],[104.584572509,-4.381167247999997],[104.59337138799998,-4.3799218849999875],[104.59707760700002,-4.381279140000004],[104.60177363100001,-4.385523669000008],[104.60261836400002,-4.389107579999973],[104.60519051400001,-4.390213464999988],[104.60403770200003,-4.390794835000008],[104.604804151,-4.391668336000009],[104.60689084500001,-4.398440877999974],[104.608390514,-4.403328692000002],[104.61187911100001,-4.403076666000004],[104.61159670799998,-4.399102207999988],[104.613213395,-4.398881678999999],[104.61327595,-4.3971698799999785],[104.61494361799998,-4.396828239999991],[104.61519784799998,-4.3982188670000255],[104.61652169899997,-4.398146627000017],[104.61637705200002,-4.3923355379999975],[104.62049187299999,-4.392173258000014],[104.620784039,-4.38809672299999]]]},"properties":{"NAMOBJ":"Bumi Agung","WADMKC":"Bumi Agung","WADMKK":"Way Kanan","KDCPUM":"18.08.14"}},
{"type":"Feature","geometry":{"type":"MultiPolygon","coordinates":[[[[104.57544732399998,-4.645903724999982],[104.578861625,-4.640774260000001],[104.58022396400003,-4.6407621449999965],[104.58284546599998,-4.638784550000025],[104.583363249,-4.639560967000023],[104.58786828900003,-4.640895220999994],[104.58887311699999,-4.63994551899998],[104.58995902700002,-4.63707986999998],[104.59424097599998,-4.63927488600001],[104.59458271599999,-4.63797712600001],[104.59731132600001,-4.6399166310000055],[104.60074694600002,-4.63950607999999],[104.60250376099998,-4.644127133999973],[104.60353977800003,-4.640229273999978],[104.60444223000002,-4.639597921000018],[104.60571914399998,-4.63637750700002],[104.611283528,-4.629257678999977],[104.61694016199999,-4.634505124999976],[104.61733203,-4.633436642999982],[104.617362109,-4.624290589999987],[104.61600672100002,-4.617294458999993],[104.613658214,-4.61389587299999],[104.61485804400002,-4.614655414000026],[104.61495914199998,-4.613958308000008],[104.61293089700001,-4.613068770999973],[104.61071502800002,-4.6092978849999895],[104.61239603199999,-4.607926060000011],[104.612555896,-4.604891264000003],[104.61049592400002,-4.602264042000002],[104.60529768399999,-4.600950338000018],[104.604144485,-4.59914627500001],[104.60100321700003,-4.597683057999973],[104.598906005,-4.598450679999985],[104.59962096499999,-4.600655786000004],[104.597580456,-4.60212231600002],[104.595884823,-4.6021077890000015],[104.59225196,-4.6042094520000205],[104.591166886,-4.603766022000002],[104.59176065000003,-4.60283255500002],[104.59108858600001,-4.601783791000003],[104.58831744000003,-4.603119460000016],[104.58733003700002,-4.602664045999973],[104.58608352099998,-4.6004687070000045],[104.58861701699999,-4.586126825999997],[104.594064108,-4.572800205000021],[104.595935612,-4.569849407999982],[104.60318840000002,-4.5635487480000165],[104.58365057200001,-4.5582464209999785],[104.58181437000002,-4.563698816999988],[104.57954912299999,-4.567505954000012],[104.57882576700001,-4.5716557339999895],[104.57802626799997,-4.5717699479999965],[104.57697930500001,-4.574187481000024],[104.57680798500002,-4.576814405999983],[104.57545644999999,-4.577994617999991],[104.575018629,-4.579745902000013],[104.57353384499999,-4.5802217940000105],[104.573362525,-4.581002257000023],[104.57145895600001,-4.582334754999977],[104.56974574399999,-4.585608894000018],[104.56729014000001,-4.585475643999985],[104.56609089199998,-4.586846213000001],[104.56495543900002,-4.586429415999987],[104.565548277,-4.585073415000011],[104.56737117,-4.584932935999973],[104.56949741,-4.58306546],[104.56523707000002,-4.58303491800001],[104.56451261000001,-4.581420182999977],[104.56328529199999,-4.5811362869999925],[104.56324982699999,-4.580499487999987],[104.56075615200001,-4.578841004000026],[104.55930776899999,-4.58065302],[104.55212658800002,-4.575509865000015],[104.55085760600002,-4.575576088999981],[104.54577309799998,-4.571476227000005],[104.54246812399998,-4.570009275000018],[104.54168121800001,-4.567947195999977],[104.54044817599998,-4.567241631000002],[104.53813094499998,-4.566907710999999],[104.535196058,-4.568614803999992],[104.53467407,-4.568040015000008],[104.53350880300002,-4.5700378650000175],[104.53262418499997,-4.570137461000002],[104.53382380400001,-4.564926467000021],[104.51005056000002,-4.567738154999972],[104.50916730400002,-4.567155662999994],[104.50722566399998,-4.567920897000022],[104.50487404299997,-4.567431917000022],[104.50148176099998,-4.568138826999984],[104.50072794800002,-4.569174368000006],[104.497873927,-4.568684341999983],[104.49624950499998,-4.567332469999997],[104.471204161,-4.568647037000005],[104.47013878000001,-4.571002779000025],[104.47074317200003,-4.571690251999996],[104.46855027800001,-4.571880393000015],[104.462960178,-4.574103069999978],[104.46135377799999,-4.572952054999973],[104.45922229799999,-4.576192575999983],[104.45807678400001,-4.575786349999987],[104.45349688200002,-4.578920831000005],[104.45214223099998,-4.578629986999999],[104.45256729699997,-4.577226123000003],[104.45020191399999,-4.578101576999984],[104.44895997999998,-4.576787266999986],[104.44125584,-4.574532868000006],[104.44113986899998,-4.575783041000022],[104.44039516700002,-4.576471923999975],[104.43565858800002,-4.577156654000021],[104.43185265400001,-4.579305863999991],[104.42956337800001,-4.57886014799999],[104.43005391700001,-4.575665327000024],[104.42632900000001,-4.5761997089999795],[104.426649903,-4.577511397000023],[104.42875771500002,-4.578704832000028],[104.42707997299999,-4.5791464509999855],[104.42391740199997,-4.576979613999981],[104.42545089100003,-4.575351666000017],[104.42509809299997,-4.574879373999977],[104.42203098599998,-4.576364113000011],[104.420200056,-4.578343442000005],[104.416421845,-4.578913213000021],[104.41401432499998,-4.582183380000004],[104.41355414999998,-4.580858773999978],[104.41250467499998,-4.580390299999976],[104.41148679700001,-4.580908395999984],[104.410440209,-4.5826319290000015],[104.40723921699998,-4.58293818300001],[104.40698100700001,-4.583435540999972],[104.40826556799999,-4.58434592499998],[104.40798662200001,-4.585218956000006],[104.40533244800002,-4.584727197999996],[104.403625831,-4.585415556999976],[104.405877352,-4.587218749999977],[104.40674778200002,-4.588790791000008],[104.40652646299998,-4.589611391000005],[104.402994627,-4.591175389999989],[104.40185118300002,-4.590491405000023],[104.40010874799998,-4.592360867000025],[104.39783626000002,-4.591364108999983],[104.39712891599999,-4.592448607999984],[104.39826072599999,-4.593100784000001],[104.396871315,-4.594430120000027],[104.396176793,-4.5941681790000075],[104.39591495500002,-4.592054357999984],[104.39472595799998,-4.593229586000007],[104.39472714300001,-4.594700577000026],[104.39361688700001,-4.595737851000024],[104.394409983,-4.596722871999987],[104.395257324,-4.596766796999987],[104.39433997499998,-4.598983139999973],[104.39543787000002,-4.600894165],[104.39269295600002,-4.600632066999992],[104.39180525799998,-4.602702702999977],[104.39229100400001,-4.603839314000027],[104.39497513999999,-4.603405193000015],[104.39509283000001,-4.605361469000002],[104.39017940399998,-4.607259302999978],[104.38938797700001,-4.608381232999989],[104.39017655599997,-4.610163473],[104.38756579099999,-4.613245106000022],[104.38749015299999,-4.615520910999976],[104.38850942900001,-4.6174270019999994],[104.39070392399998,-4.617409742000007],[104.39082744500001,-4.618013006000012],[104.390340385,-4.618548728999997],[104.38732910200002,-4.618713378999985],[104.386474609,-4.620178222999982],[104.38427734300001,-4.6213989259999835],[104.38409423799999,-4.622985840000013],[104.381306086,-4.6234100909999825],[104.384898432,-4.624822401000017],[104.39344623400001,-4.626485267000021],[104.39749433100002,-4.6251356860000215],[104.40099117199998,-4.625502539000024],[104.41244505999998,-4.628227521999975],[104.42466213199998,-4.630111914999986],[104.42531127799998,-4.638133144999983],[104.428226242,-4.630905417000008],[104.42882414399998,-4.630924703999995],[104.42824552799999,-4.629696109000008],[104.429277394,-4.629088561999993],[104.42979472799999,-4.627592995999976],[104.428701273,-4.62755148399998],[104.43042373999998,-4.626157268999975],[104.42543429199998,-4.644334972000024],[104.42878294399998,-4.6472567339999955],[104.42995406199998,-4.646731306999982],[104.43098378899998,-4.644848216000014],[104.43294068300003,-4.643726425000011],[104.43492950400002,-4.643453340999997],[104.437383297,-4.6465399460000185],[104.43842602299998,-4.6466194920000135],[104.43898161800001,-4.645605384000021],[104.44067238500003,-4.648510438000017],[104.44756280799999,-4.651537804999975],[104.45878097399998,-4.6508098560000235],[104.45871555000002,-4.652314370999989],[104.45999174899998,-4.654213088000006],[104.46021442,-4.656004918000008],[104.45977121099997,-4.656223995999994],[104.45896640500001,-4.655115357999989],[104.457523208,-4.655170993000013],[104.45655179599999,-4.6568207070000085],[104.45559921699999,-4.656812489999993],[104.45475324199998,-4.655353325000021],[104.45211382999997,-4.657394608999994],[104.451611979,-4.656787905999977],[104.45218539000001,-4.655913295999994],[104.45083635999998,-4.655949054000018],[104.45052109800002,-4.657898799999998],[104.44823885199997,-4.658594180000023],[104.448559945,-4.661945646999982],[104.453360341,-4.670811397000023],[104.46112068299999,-4.672758756999997],[104.46216795800001,-4.673514821000026],[104.46216101700003,-4.674915091999992],[104.46309860100001,-4.675728839999977],[104.46690339399998,-4.676109519000022],[104.46736802599997,-4.6821642460000135],[104.46651847300001,-4.683707934999973],[104.46242113599999,-4.686300394],[104.47487459299998,-4.687603168999999],[104.47820089999999,-4.68832506199999],[104.479187094,-4.6902645440000015],[104.48084227800001,-4.68912926500002],[104.48317095200002,-4.690456400000016],[104.48408687699998,-4.695435234999991],[104.48335598699998,-4.699513235999973],[104.48220500600002,-4.700487205999991],[104.48179076600002,-4.698785266000016],[104.47987627200001,-4.699289275000012],[104.48077116299999,-4.701085196000008],[104.47825042199997,-4.701543871000013],[104.47777021899998,-4.703358250000008],[104.481652903,-4.7029608010000175],[104.49330156399998,-4.7000728119999735],[104.49490750000001,-4.698464359000013],[104.50082659999998,-4.699171263999972],[104.50269943400002,-4.700180674000023],[104.50451247000001,-4.700241802999983],[104.505370637,-4.701175886999977],[104.50647997300001,-4.701152738000019],[104.506492568,-4.700207304999992],[104.50584861499999,-4.699967496999989],[104.50657642499999,-4.69969275699998],[104.50922827599999,-4.701078085999995],[104.50924409599997,-4.698923924999974],[104.51302241000002,-4.699673355000016],[104.51308064099999,-4.698266003000015],[104.51491214599997,-4.699215116000005],[104.51554102,-4.700565502000018],[104.51791688399999,-4.700812886999984],[104.51749929599998,-4.699001296000006],[104.51618281200001,-4.698445085000003],[104.51232538699998,-4.693444714999998],[104.51285134099999,-4.691827057000012],[104.51131604599999,-4.6903419989999975],[104.51166991600002,-4.688243811999996],[104.510026439,-4.68684065399998],[104.509469352,-4.683363740999994],[104.50755389400001,-4.681022865999978],[104.50492474700002,-4.679861220000021],[104.50237302900001,-4.677285819000019],[104.50324774400002,-4.675212493999993],[104.502362592,-4.671440858999972],[104.50286120499999,-4.669736482000019],[104.499072737,-4.670202856000003],[104.498688163,-4.66807894599998],[104.497333459,-4.6672790549999945],[104.49748421800001,-4.664209685000003],[104.499039461,-4.66526636399999],[104.49995048300002,-4.665135207999981],[104.49993313499999,-4.6625307350000185],[104.50112692599998,-4.661179025000024],[104.499686849,-4.659700167999972],[104.49880957800002,-4.657452913999975],[104.500239954,-4.65661830800002],[104.50063539400003,-4.655283208000014],[104.50616369300002,-4.655234866000001],[104.50834495200002,-4.651144337999995],[104.50887823800002,-4.643555225],[104.513207566,-4.641852840000013],[104.522232025,-4.640718090000007],[104.52924090200003,-4.638291709999976],[104.53887042600002,-4.637230104000025],[104.54571885899998,-4.634297987000025],[104.54833126199998,-4.634225829999991],[104.54871733800002,-4.633020540000018],[104.55063942700002,-4.632492969999987],[104.55114435799999,-4.630655144000002],[104.55270489999998,-4.631748899999991],[104.55293439299999,-4.6309623679999845],[104.55474694999998,-4.631533174000026],[104.55517635500001,-4.630027414999972],[104.557521544,-4.630806929000016],[104.55904898900002,-4.629546482000023],[104.562471383,-4.633385265000015],[104.564529392,-4.63410858200001],[104.564590511,-4.635528930000021],[104.56574205099997,-4.636881062999976],[104.56826137399997,-4.635874606000016],[104.57048973100001,-4.638329882999983],[104.572596718,-4.642317138999999],[104.574474495,-4.6436048080000205],[104.57468207400001,-4.6455197729999895],[104.57544732399998,-4.645903724999982]]],[[[104.63118562599999,-4.6589589289999935],[104.63115537499999,-4.6570733240000095],[104.63394854199998,-4.653506959000026],[104.63004284700003,-4.647293304000016],[104.62488494799999,-4.646391042000005],[104.62465190199998,-4.6484212650000245],[104.62310923799998,-4.648803110000017],[104.62329356499998,-4.649584699999991],[104.61966507400001,-4.649706293000008],[104.61952800900002,-4.64855127300001],[104.61815725600002,-4.64805803500002],[104.61622910099999,-4.651255225],[104.60812043700003,-4.647661176999975],[104.60628809500002,-4.649524470000017],[104.60435521400001,-4.648613146000002],[104.60246793200002,-4.649029682999981],[104.60066533399998,-4.6475542320000045],[104.601037857,-4.646865097999978],[104.59975517200002,-4.646739652000008],[104.59867273499998,-4.648456629999998],[104.59900349999998,-4.649453833999985],[104.59750093399998,-4.649128884999982],[104.597656476,-4.6526436820000185],[104.59647845900002,-4.653052930999991],[104.59594652499999,-4.655355358000008],[104.59423682699997,-4.655463048000001],[104.59365107100001,-4.656967238999982],[104.59154326499998,-4.65846854199998],[104.58870890100002,-4.659216191999974],[104.61371319,-4.668886774999976],[104.61567763699998,-4.6704383599999915],[104.61659618099998,-4.670497022000006],[104.61784946199998,-4.668317624999986],[104.621045546,-4.6673933120000015],[104.62160084099997,-4.665764278999973],[104.62308610399998,-4.664793429999975],[104.62530834299997,-4.664824552000027],[104.625428849,-4.662519246999977],[104.62626375399998,-4.662679271999991],[104.62756564,-4.660554121000018],[104.63065835100002,-4.659929967999972],[104.63118562599999,-4.6589589289999935]]]]},"properties":{"NAMOBJ":"Umpu Semenguk","WADMKC":"Umpu Semenguk","WADMKK":"Way Kanan","KDCPUM":"18.08.15"}}
]}